FileName,Column,PK,FK,FK Files,File Count
COMPANY,CompanyID,1,,,0
COMPANY,CompanyType,,,,0
COMPANY,Company_Name,,,,0
COMPANY,Company_Name_Abbreviation,,,,0
COMPANY,Business_Registration_Number,,,,0
COMPANY,Business_Type,,,,0
COMPANY,Business_Item,,,,0
COMPANY,ZIP_Code,,,,0
COMPANY,Address,,,,0
COMPANY,Insert_Emp_ID,,,,0
COMPANY,Update_Emp_ID,,,,0
COMPANY,Management_Type,,,,0
COMPANY,Management_Date,,,,0
COMPANY,Start_Date,,,,0
COMPANY,End_Date,,,,0
COMPANY,Defect Grade(C60),,,,0
COMPANY,Transaction_Suspension,,,,0
COMPANY,Transaction_extension,,,,0
COMPANY,Transaction_Cancellation,,,,0
COMPANY,Road_Name_Code,,,,0
COMPANY,Last_Date,,,,0
COMPANY,ETLTime,,,,0
CONTRACT,CONTRACT_NO,1,,,0
CONTRACT,CUSTOMER,,,,0
CONTRACT,CUST_NO,,,,0
CONTRACT,CONTRACT_DATE,,,,0
CONTRACT,CONTRACT_ORG_CD,,,,0
CONTRACT,SALES_EMP,,,,0
CONTRACT,SALES_TYPE,,,,0
CONTRACT,ZIP,,,,0
CONTRACT,ADDR,,,,0
CONTRACT,ADDR_DETAIL,,,,0
CONTRACT,RETURN_ZIP,,,,0
CONTRACT,RETURN_ADDR,,,,0
CONTRACT,RETURN_ADDR_DETAIL,,,,0
CONTRACT,START_DATE,,,,0
CONTRACT,END_DATE,,,,0
CONTRACT,SUSPENSION_YN,,,,0
CONTRACT,SUSPENSION_DESC,,,,0
CONTRACT,SUSPENSION_DATE,,,,0
CONTRACT,ORG_CODE,,,,0
CONTRACT,EMP_NO,,,,0
CONTRACT,REQUEST_ORG,,,,0
CONTRACT,CORRECT_ORG,,,,0
CONTRACT,COST_ORG,,,,0
CONTRACT,PAY_TYPE,,,,0
CONTRACT,PRICE,,,,0
CONTRACT,COMMISION,,,,0
CONTRACT,DEVELOP_ORG,,,,0
CONTRACT,IMAGE,,,,0
CONTRACT,GOOD_YN,,,,0
CONTRACT,ENT_EMP,,,,0
CONTRACT,UPDATE_DATE,,,,0
CONTRACT,UPDATE_EMP,,,,0
CUSTOMER,고객번호,1,1,"고객마스터, 수입관리_고객, 택배_고객",3
CUSTOMER,개인기업고객구분,,,,0
CUSTOMER,사업구분,,,,0
CUSTOMER,고객명,,,,0
CUSTOMER,영문고객명,,,,0
CUSTOMER,국가코드,,,,0
CUSTOMER,주민_사업자등록번호,,,,0
CUSTOMER,우편번호,,,,0
CUSTOMER,주소,,,,0
CUSTOMER,청구부서,,,,0
CUSTOMER,청구지우편번호,,,,0
CUSTOMER,청구지주소,,,,0
CUSTOMER,판매일,,,,0
CUSTOMER,판매점소,,,,0
CUSTOMER,판매원사번,,,,0
CUSTOMER,담당부서,,,,0
CUSTOMER,집하지우편번호,,,,0
CUSTOMER,집하지대번지,,,,0
CUSTOMER,집하지소번지,,,,0
CUSTOMER,집하지주소,,,,0
CUSTOMER,1ST_STREET,,,,0
CUSTOMER,계약기간종료일,,,,0
CUSTOMER,청구점소,,,,0
CUSTOMER,수금점소,,,,0
CUSTOMER,최종수정일시,,,,0
CUSTOMER,최종변경자사번,,,,0
CUSTOMER,집하점소,,,,0
CUSTOMER,수입조직,,,,0
CUSTOMER,법인번호,,1,법인정보,1
CUSTOMER,최종변경일시,,,,0
CUSTOMER,ETL일시,,,,0
OneClick고객,고객명,1,,,0
OneClick고객,고객구분코드,1,,,0
OneClick고객,사업자등록번호,1,1,"관리회계_고객, 사업자등록번호정보",2
OneClick고객,법인등록번호,,,,0
OneClick고객,업태,,,,0
OneClick고객,업종명,,,,0
OneClick고객,사업기본주소,,,,0
OneClick고객,사업상세주소,,,,0
OneClick고객,사업우편번호,,,,0
OneClick고객,SFDC고객ID,,,,0
OneClick고객,최종업데이트사원번호,,,,0
ORGNIZATION,조직코드,1,1,택배_조직도,1
ORGNIZATION,상위조직코드,,,,0
ORGNIZATION,조직명,,,,0
ORGNIZATION,조직구분코드,,,,0
ORGNIZATION,조직관리유형코드,,,,0
ORGNIZATION,조직권역구분코드,,,,0
ORGNIZATION,조직계약시작일자,,,,0
ORGNIZATION,조직계약종료일자,,,,0
ORGNIZATION,조직폐쇄일자,,,,0
ORGNIZATION,영문조직명,,,,0
ORGNIZATION,팩스번호,,,,0
ORGNIZATION,우편번호,,,,0
ORGNIZATION,기본주소,,,,0
ORGNIZATION,상세주소,,,,0
ORGNIZATION,수입조직코드,,,,0
ORGNIZATION,수입신규조직코드,,,,0
ORGNIZATION,좌표구분코드,,,,0
ORGNIZATION,X좌표,,,,0
ORGNIZATION,Y좌표,,,,0
ORGNIZATION,사업자등록번호,,1,"관리회계_고객, 사업자등록번호정보",2
ORGNIZATION,최수정일시,,,,0
ORGNIZATION,최종수정자,,,,0
PRM계약,PRM계약번호,1,,,0
PRM계약,사업자번호,,1,간선사업자,1
PRM계약,계약명,,,,0
PRM계약,계약구분,,,,0
PRM계약,계약형태,,,,0
PRM계약,사업자명,,,,0
PRM계약,상호명,,,,0
PRM계약,업태,,,,0
PRM계약,업종,,1,업종,1
PRM계약,계약등록일,,,,0
PRM계약,최초계약일,,,,0
PRM계약,계약개시일,,,,0
PRM계약,계약종료일,,,,0
PRM계약,운영점소대,,,,0
PRM계약,운영점소중,,,,0
PRM계약,운영점소,,,,0
PRM계약,최종변경일시,,,,0
PRM계약,ETL일시,,,,0
test,ID,1,,,0
test,Name,,,,0
test,Sex,,,,0
test,SexE,,,,0
test,Age,,,,0
test,Country,,1,Country,1
test,Tel,,,,0
test,Addr,,,,0
test,Cell Phone,,,,0
test,Desc,,,,0
test,Address,,,,0
test,Year,,,,0
test,YearMonth,,,,0
test,Email,,,,0
test,Name2,,,,0
test,전화번호,,,,0
test,YYYYMMDD,,,,0
test,시도,,,,0
test,YYMMDD,,,,0
test,업체명,,,,0
test,차량번호,,,,0
test1,CompanyCode,1,1,"test1_sum, test1_sum2",2
test1,ID,1,1,test,1
test1,Name,,,,0
test1,Dept,,1,test1_sum,1
test1,City,,1,"test1_sum2, test3",2
test1,Qty,,,,0
test1,Amt,,,,0
test1_sum,CompanyCode,1,,,0
test1_sum,Dept,1,,,0
test1_sum,Qty_Sum,,,,0
test1_sum2,CompanyCode,1,,,0
test1_sum2,City,1,1,test3,1
test1_sum2,Amount_Sum,,,,0
test2,CompanyCode,,1,test1_sum,1
test2,Dept,,1,test1_sum,1
test2,DeptName,1,,,0
test3,City,1,,,0
test3,CityName,,,,0
간선사업자,사업자번호,1,,,0
간선사업자,적용일자,,,,0
간선사업자,업체구분,,,,0
간선사업자,업체명,,,,0
간선사업자,last_update_dtm,,,,0
간선사업자,etl_dtm,,,,0
개인고객,개인고객번호,1,,,0
개인고객,개인기업고객구분,,,,0
개인고객,사업구분,,,,0
개인고객,고객명,,,,0
개인고객,영문고객명,,,,0
개인고객,국가코드,,,,0
개인고객,사업자등록번호,,1,"관리회계_고객, 사업자등록번호정보",2
개인고객,우편번호,,,,0
개인고객,주소,,,,0
개인고객,판매일,,,,0
개인고객,판매점소,,,,0
개인고객,집하지우편번호,,,,0
개인고객,집하지주소,,,,0
개인고객,1ST_STREET,,,,0
개인고객,계약기간종료일,,,,0
개인고객,청구점소,,,,0
개인고객,수금점소,,,,0
개인고객,최종수정일시,,,,0
개인고객,최종변경자사번,,,,0
개인고객,집하점소,,,,0
개인고객,수입조직,,,,0
개인고객,최종변경일시,,,,0
개인고객,ETL일시,,,,0
계약마스터,계약적용월,1,,,0
계약마스터,계약관리번호,1,,,0
계약마스터,계약번호,1,,,0
계약마스터,소사업코드,,,,0
계약마스터,팀코드,,,,0
계약마스터,계약구분,,,,0
계약마스터,소사업명,,,,0
계약마스터,팀명,,,,0
계약마스터,사업자번호,,1,간선사업자,1
계약마스터,고객명,,,,0
계약마스터,계약개시일,,,,0
계약마스터,계약종료일,,,,0
계약마스터,물량단위,,,,0
계약마스터,예상물량년,,,,0
계약마스터,최초생성자ID,,,,0
계약마스터,최초생성일시,,,,0
계약마스터,ESB_STATUS,,,,0
계약마스터,최종변경일시,,,,0
계약마스터,ETL일시,,,,0
고객마스터,고객번호,1,1,"CUSTOMER, 수입관리_고객, 택배_고객",3
고객마스터,고객명,,1,OneClick고객,1
고객마스터,고객구분코드,,1,OneClick고객,1
고객마스터,사업자등록번호,,1,"OneClick고객, 관리회계_고객, 사업자등록번호정보",3
고객마스터,법인등록번호,,,,0
고객마스터,업태,,,,0
고객마스터,업종명,,,,0
고객마스터,주소,,,,0
고객마스터,상세주소,,,,0
고객마스터,우편번호,,,,0
고객마스터,거래중지여부,,,,0
고객마스터,거래중지사유,,,,0
고객마스터,SFDC고객ID,,,,0
고객마스터,등록일시,,,,0
고객마스터,최종사원업데이트일시,,,,0
관리회계_고객,사업자등록번호,1,1,사업자등록번호정보,1
관리회계_고객,고객명,,,,0
관리회계_고객,법인번호,,1,법인정보,1
관리회계_고객,고객구분코드,,,,0
관리회계_고객,최초생성자ID,,,,0
관리회계_고객,최초생성일시,,,,0
관리회계_고객,최종갱신자ID,,,,0
관리회계_고객,최종변경일시,,,,0
관리회계_고객,ETL일시,,,,0
관리회계_사업,사업유형코드,,,,0
관리회계_사업,사업코드,,,,0
관리회계_사업,유효시작일자V,,,,0
관리회계_사업,사업명,,,,0
관리회계_사업,상위사업코드,,,,0
관리회계_사업,사업LEVEL코드,,,,0
관리회계_사업,유효종료일자V,,,,0
관리회계_사업,정렬순서,1,1,"관리회계_조직그룹상세, 사업코드관리",2
관리회계_사업,최초생성자ID,,,,0
관리회계_사업,최초생성일시,,,,0
관리회계_사업,최종갱신자ID,,,,0
관리회계_사업,최종변경일시,,,,0
관리회계_사업,ETL일시,,,,0
관리회계_조직,부서조직코드,1,,,0
관리회계_조직,유효시작일자V,,,,0
관리회계_조직,부서조직명,,,,0
관리회계_조직,상위부서조직코드,,,,0
관리회계_조직,조직LEVEL코드,,,,0
관리회계_조직,조직유형코드,,,,0
관리회계_조직,유효종료일자V,,,,0
관리회계_조직,정렬순서,,1,"관리회계_사업, 관리회계_조직그룹상세, 사업코드관리",3
관리회계_조직,최초생성자ID,,,,0
관리회계_조직,최초생성일시,,,,0
관리회계_조직,최종갱신자ID,,,,0
관리회계_조직,최종변경일시,,,,0
관리회계_조직,ETL일시,,,,0
기업고객,기업고객번호,1,,,0
기업고객,개인기업고객구분,,,,0
기업고객,사업구분,,,,0
기업고객,기업고객명,,,,0
기업고객,영문고객명,,,,0
기업고객,국가코드,,,,0
기업고객,기업사업자등록번호,,,,0
기업고객,기업우편번호,,,,0
기업고객,주소,,,,0
기업고객,청구부서,,,,0
기업고객,청구지우편번호,,,,0
기업고객,청구지주소,,,,0
기업고객,판매일,,,,0
기업고객,판매점소,,,,0
기업고객,판매원사번,,,,0
기업고객,담당부서,,,,0
기업고객,집하지우편번호,,,,0
기업고객,집하지대번지,,,,0
기업고객,집하지소번지,,,,0
기업고객,집하지주소,,,,0
기업고객,1ST_STREET,,,,0
기업고객,계약기간종료일,,,,0
기업고객,청구점소,,,,0
기업고객,수금점소,,,,0
기업고객,최종수정일시,,,,0
기업고객,최종변경자사번,,,,0
기업고객,집하점소,,,,0
기업고객,수입조직,,,,0
기업고객,기업법인번호,,,,0
기업고객,최종변경일시,,,,0
기업고객,ETL일시,,,,0
배송점,배송점코드,1,,,0
배송점,상위조직코드,,,,0
배송점,배송점명,,,,0
배송점,조직구분코드,,,,0
배송점,조직관리유형코드,,,,0
배송점,조직권역구분코드,,,,0
배송점,조직계약시작일자,,,,0
배송점,조직계약종료일자,,,,0
배송점,조직폐쇄일자,,,,0
배송점,영문조직명,,,,0
배송점,팩스번호,,,,0
배송점,우편번호,,,,0
배송점,기본주소,,,,0
배송점,상세주소,,,,0
배송점,사업자등록번호,,1,"관리회계_고객, 사업자등록번호정보",2
배송점,최수정일시,,,,0
배송점,최종수정자,,,,0
사원마스터,사원번호,1,1,"사용자, 사원기본",2
사원마스터,정규비정규,,,,0
사원마스터,조직코드,,1,"ORGNIZATION, 택배_조직도",2
사원마스터,직종코드,,,,0
사원마스터,국내집배구역,,,,0
사원마스터,사직일자,,,,0
사원마스터,소속회사,,,,0
사원마스터,근무시작일자,,,,0
사원마스터,마감시간,,,,0
사원마스터,마감시각여부,,,,0
사원마스터,주소,,,,0
사원마스터,인사시스템사번,,,,0
사원마스터,운전면허종류,,,,0
사원마스터,화물운송종사자자격취득일,,,,0
사원마스터,차량번호,,,,0
사원마스터,최종변경일시,,,,0
사원마스터,ETL일시,,,,0
상품분류,상품코드,1,1,상품코드,1
상품분류,사업구분,,,,0
상품분류,상품명,,,,0
상품분류,설명,,,,0
상품분류,판매중지일,,,,0
상품분류,화물종류,,,,0
상품분류,접수시주의사항,,,,0
상품분류,수정자 사번,,,,0
상품분류,서비스지역 및 요율,,,,0
상품분류,최종변경일시,,,,0
상품분류,ETL일시,,,,0
서브터미널,서브코드,,,,0
서브터미널,터미널구분코드,,,,0
서브터미널,서브명,,,,0
서브터미널,서브영문명,,,,0
서브터미널,우편번호,,,,0
서브터미널,기본주소,,,,0
서브터미널,X좌표,,,,0
서브터미널,Y좌표,,,,0
서브터미널,사업자등록번호,,1,"관리회계_고객, 사업자등록번호정보",2
서브터미널,수정일시,,,,0
서브터미널,수정사원번호,,,,0
서브터미널,최종업데이트일시,,,,0
서브터미널,ETL일시,,,,0
수입관리_고객,고객번호,1,1,"CUSTOMER, 고객마스터, 택배_고객",3
수입관리_고객,수금점소코드,,,,0
수입관리_고객,불량등급코드,,1,불량등급,1
수입관리_고객,신용등급코드,,1,신용등급,1
수입관리_고객,기업설립형태코드,,1,기업설립형태,1
수입관리_고객,결제조건코드,,1,결제조건,1
수입관리_고객,신용공여기간코드,,1,신용공여기간,1
수입관리_고객,고객구분,,,,0
수입관리_고객,주소,,,,0
수입관리_고객,고객명,,,,0
수입관리_고객,등록일자,,,,0
수입관리_고객,등록자사번,,,,0
수입관리_고객,SFDC고객ID,,,,0
수입관리_고객,법인번호,,1,법인정보,1
수입관리_고객,최종변경일시,,,,0
수입관리_고객,ETL일시,,,,0
수입관리점소,수입점소코드,1,,,0
수입관리점소,센터코드,,,,0
수입관리점소,점소명,,,,0
수입관리점소,소재지주소,,,,0
수입관리점소,전화번호,,,,0
수입관리점소,부가세신고점소코드,,,,0
수입관리점소,사업자번호,,1,간선사업자,1
수입관리점소,관할세무서명,,,,0
수입관리점소,점소구분,,,,0
수입관리점소,등록일자,,,,0
수입관리점소,수정일자,,,,0
수입관리점소,처리자사번,,,,0
수입관리점소,최종변경일시,,,,0
수입관리점소,ETL일시,,,,0
영업소,영업소코드,1,,,0
영업소,영업소명,,,,0
영업소,영업소약명,,,,0
영업소,건평,,,,0
영업소,우편번호,,,,0
영업소,주소,,,,0
영업소,영업소등급,,,,0
영업소,업무개시일,,,,0
영업소,업무중지일,,,,0
영업소,업무종료일,,,,0
영업소,설립일자,,,,0
영업소,사업자등록번호,,1,"관리회계_고객, 사업자등록번호정보",2
영업소,업태,,,,0
영업소,업종,,1,업종,1
영업소,계약영업소코드,,,,0
영업소,계약구분,,,,0
영업소,보증금,,,,0
영업소,유효기간,,,,0
영업소,보험증권번호,,,,0
영업소,직영가맹여부,,,,0
영업소,상위영업소코드,,,,0
영업소,집하센터코드,,,,0
영업소,지역구분,,,,0
영업소,분류터미널구분,,,,0
영업소,구동분류기구분값,,,,0
영업소,반품송장권역ZONE,,,,0
영업소,최종변경일시,,,,0
영업소,ETL일시,,,,0
지점코드,OIO_ORG_COD,1,1,조직_수입관리,1
지점코드,OIO_ORG_NAM,,,,0
지점코드,OIO_INC_ORG,,,,0
지점코드,OIO_ORG_NCD,,,,0
지점코드,OIO_PIN_COD,,,,0
지점코드,최종변경일시,,,,0
지점코드,ETL일시,,,,0
집하점,집하점코드,1,,,0
집하점,상위조직코드,,,,0
집하점,집하점명,,,,0
집하점,조직구분코드,,,,0
집하점,조직관리유형코드,,,,0
집하점,조직권역구분코드,,,,0
집하점,조직계약시작일자,,,,0
집하점,조직계약종료일자,,,,0
집하점,조직폐쇄일자,,,,0
집하점,영문조직명,,,,0
집하점,팩스번호,,,,0
집하점,우편번호,,,,0
집하점,기본주소,,,,0
집하점,상세주소,,,,0
집하점,사업자등록번호,,1,"관리회계_고객, 사업자등록번호정보",2
집하점,최수정일시,,,,0
집하점,최종수정자,,,,0
터미널마스터,터미널조직코드,1,1,조직터미널마스터,1
터미널마스터,터미널구분코드,,,,0
터미널마스터,실제터미널조직코드,,,,0
터미널마스터,터미널명,,,,0
터미널마스터,터미널영문명,,,,0
터미널마스터,우편번호,,,,0
터미널마스터,주소,,,,0
터미널마스터,X좌표,,,,0
터미널마스터,Y좌표,,,,0
터미널마스터,사업자등록번호,,1,"관리회계_고객, 사업자등록번호정보",2
터미널마스터,수정일시,,,,0
터미널마스터,수정사원번호,,,,0
터미널마스터,최종업데이트일시,,,,0
터미널마스터,ETL일시,,,,0
허브터미널,허브코드,1,,,0
허브터미널,터미널구분,,,,0
허브터미널,허브명,,,,0
허브터미널,허브영문명,,,,0
허브터미널,우편번호,,,,0
허브터미널,주소,,,,0
허브터미널,X좌표,,,,0
허브터미널,Y좌표,,,,0
허브터미널,사업자등록번호,,1,"관리회계_고객, 사업자등록번호정보",2
허브터미널,수정일시,,,,0
허브터미널,등록사원번호,,,,0
허브터미널,최종업데이트일시,,,,0
허브터미널,ETL일시,,,,0
허브터미널,Unnamed: 13,,,,0
계정과목코드,계정과목코드,1,,,0
계정과목코드,계정과목명,,,,0
계정과목코드,상위계정과목코드,,,,0
계정과목코드,계정유형코드,,,,0
계정과목코드,계정속성값1,,,,0
계정과목코드,계정속성값2,,,,0
계정과목코드,최초생성자ID,,,,0
계정과목코드,최초생성일시,,,,0
계정과목코드,최종갱신자ID,,,,0
계정과목코드,최종변경일시,,,,0
계정과목코드,ETL일시,,,,0
계정코드관리,수익비용구분코드,,,,0
계정코드관리,수익비용구분명,,,,0
계정코드관리,상위계정과목코드,,,,0
계정코드관리,상위계정과목명,,,,0
계정코드관리,계정과목코드,,1,계정과목코드,1
계정코드관리,계정과목명,,,,0
계정코드관리,하위계정과목코드,1,1,관리회계BI_계정,1
계정코드관리,하위계정과목명,,,,0
계정코드관리,정렬순서,,1,"관리회계_사업, 관리회계_조직그룹상세, 사업코드관리",3
계정코드관리,최초생성자ID,,,,0
계정코드관리,최초생성일시,,,,0
계정코드관리,last_update_dtm,,,,0
계정코드관리,etl_dtm,,,,0
관리회계BI_계정,수익비용구분코드,,,,0
관리회계BI_계정,수익비용구분명,,,,0
관리회계BI_계정,상위계정과목코드,,,,0
관리회계BI_계정,상위계정과목명,,,,0
관리회계BI_계정,계정과목코드,,1,계정과목코드,1
관리회계BI_계정,계정과목명,,,,0
관리회계BI_계정,하위계정과목코드,1,1,계정코드관리,1
관리회계BI_계정,하위계정과목명,,,,0
관리회계BI_계정,최초생성자ID,,,,0
관리회계BI_계정,최초생성일시,,,,0
관리회계BI_계정,최종갱신자ID,,,,0
관리회계BI_계정,last_update_dtm,,,,0
관리회계BI_계정,etl_dtm,,,,0
관리회계BI_사업,사업유형코드,1,,,0
관리회계BI_사업,전사업코드,1,,,0
관리회계BI_사업,전사업명,1,,,0
관리회계BI_사업,대사업코드,1,,,0
관리회계BI_사업,대사업명,1,,,0
관리회계BI_사업,대사업,1,,,0
관리회계BI_사업,중사업코드,1,,,0
관리회계BI_사업,중사업명,1,,,0
관리회계BI_사업,중사업,1,,,0
관리회계BI_사업,소사업코드,1,,,0
관리회계BI_사업,소사업명,1,,,0
관리회계BI_사업,소사업,1,,,0
관리회계BI_사업,사업코드,1,,,0
관리회계BI_사업,사업명,,,,0
관리회계BI_사업,최초생성자ID,,,,0
관리회계BI_사업,최초생성일시,,,,0
관리회계BI_사업,최종갱신자ID,,,,0
관리회계BI_사업,last_update_dtm,,,,0
관리회계BI_사업,etl_dtm,,,,0
관리회계BI_조직,회사코드,,,,0
관리회계BI_조직,회사명,,,,0
관리회계BI_조직,본부코드,,,,0
관리회계BI_조직,본부명,,,,0
관리회계BI_조직,지부코드,,,,0
관리회계BI_조직,지부명,,,,0
관리회계BI_조직,지점코드,,,,0
관리회계BI_조직,지점명,,,,0
관리회계BI_조직,팀센터코드,1,1,조직코드관리,1
관리회계BI_조직,팀센터명,,,,0
관리회계BI_조직,귀속부서조직코드,,1,관리회계QLIK_조직,1
관리회계BI_조직,귀속부서조직명,,,,0
관리회계BI_조직,최초생성자ID,,,,0
관리회계BI_조직,최초생성일시,,,,0
관리회계BI_조직,최종갱신자ID,,,,0
관리회계BI_조직,last_update_dtm,,,,0
관리회계BI_조직,etl_dtm,,,,0
관리회계QLIK_조직,귀속부서조직코드,1,,,0
관리회계QLIK_조직,귀속부서조직명,,,,0
관리회계QLIK_조직,조직LEVEL코드,,,,0
관리회계QLIK_조직,지점코드,,,,0
관리회계QLIK_조직,지점명,,,,0
관리회계QLIK_조직,지점LEVEL코드,,,,0
관리회계QLIK_조직,지부코드,,,,0
관리회계QLIK_조직,지부명,,,,0
관리회계QLIK_조직,지부LEVEL코드,,,,0
관리회계QLIK_조직,본부코드,,,,0
관리회계QLIK_조직,본부명,,,,0
관리회계QLIK_조직,본부LEVEL코드,,,,0
관리회계QLIK_조직,본부명_Org,,,,0
관리회계QLIK_조직,조직계층단계,,,,0
관리회계_계정그룹,배부계정GROUP코드,1,,,0
관리회계_계정그룹,배부계정GROUP명,,,,0
관리회계_계정그룹,정렬순서,,1,"관리회계_사업, 관리회계_조직그룹상세, 사업코드관리",3
관리회계_계정그룹,사용여부,,,,0
관리회계_계정그룹,최초생성자ID,,,,0
관리회계_계정그룹,최초생성일시,,,,0
관리회계_계정그룹,최종갱신자ID,,,,0
관리회계_계정그룹,최종변경일시,,,,0
관리회계_계정그룹,ETL일시,,,,0
관리회계_계정그룹상세,배부계정GROUP코드,,1,관리회계_계정그룹,1
관리회계_계정그룹상세,계정코드,1,,,0
관리회계_계정그룹상세,정렬순서,,1,"관리회계_사업, 관리회계_조직그룹상세, 사업코드관리",3
관리회계_계정그룹상세,사용여부,,,,0
관리회계_계정그룹상세,최초생성자ID,,,,0
관리회계_계정그룹상세,최초생성일시,,,,0
관리회계_계정그룹상세,최종갱신자ID,,,,0
관리회계_계정그룹상세,최종변경일시,,,,0
관리회계_계정그룹상세,ETL일시,,,,0
관리회계_공통코드,관리회계분류공통코드,1,1,관리회계_분류공통코드,1
관리회계_공통코드,관리회계공통코드,1,,,0
관리회계_공통코드,관리회계공통코드명,,,,0
관리회계_공통코드,관리회계공통코드설명,,,,0
관리회계_공통코드,제1속성값,,,,0
관리회계_공통코드,제2속성값,,,,0
관리회계_공통코드,제3속성값,,,,0
관리회계_공통코드,제4속성값,,,,0
관리회계_공통코드,정렬순서,,1,"관리회계_사업, 관리회계_조직그룹상세, 사업코드관리",3
관리회계_공통코드,사용여부,,,,0
관리회계_공통코드,최초생성자ID,,,,0
관리회계_공통코드,최초생성일시,,,,0
관리회계_공통코드,최종갱신자ID,,,,0
관리회계_공통코드,최종변경일시,,,,0
관리회계_공통코드,ETL일시,,,,0
관리회계_분류공통코드,관리회계분류공통코드,1,,,0
관리회계_분류공통코드,분류공통코드명,,,,0
관리회계_분류공통코드,사용여부,,,,0
관리회계_분류공통코드,최초생성자ID,,,,0
관리회계_분류공통코드,최초생성일시,,,,0
관리회계_분류공통코드,최종갱신자ID,,,,0
관리회계_분류공통코드,최종변경일시,,,,0
관리회계_분류공통코드,ETL일시,,,,0
관리회계_조직_test,귀속부서조직코드,1,1,관리회계QLIK_조직,1
관리회계_조직_test,유효시작일자V,1,,,0
관리회계_조직_test,귀속부서조직명,1,,,0
관리회계_조직_test,상위귀속부서조직코드,1,,,0
관리회계_조직_test,조직LEVEL코드,,,,0
관리회계_조직_test,조직유형코드,,,,0
관리회계_조직_test,유효종료일자V,,,,0
관리회계_조직_test,정렬순서,,1,"관리회계_사업, 관리회계_조직그룹상세, 사업코드관리",3
관리회계_조직_test,최초생성자ID,,,,0
관리회계_조직_test,최초생성일시,,,,0
관리회계_조직_test,최종갱신자ID,,,,0
관리회계_조직_test,최종변경일시,,,,0
관리회계_조직_test,ETL일시,,,,0
관리회계_조직그룹,귀속부서조직GROUP코드,1,,,0
관리회계_조직그룹,귀속부서조직GROUP명,,,,0
관리회계_조직그룹,정렬순서,,1,"관리회계_사업, 관리회계_조직그룹상세, 사업코드관리",3
관리회계_조직그룹,사용여부,,,,0
관리회계_조직그룹,최초생성자ID,,,,0
관리회계_조직그룹,최초생성일시,,,,0
관리회계_조직그룹,최종갱신자ID,,,,0
관리회계_조직그룹,최종변경일시,,,,0
관리회계_조직그룹,ETL일시,,,,0
관리회계_조직그룹상세,귀속부서조직GROUP코드,,1,관리회계_조직그룹,1
관리회계_조직그룹상세,귀속부서조직코드,,1,관리회계QLIK_조직,1
관리회계_조직그룹상세,정렬순서,1,1,"관리회계_사업, 사업코드관리",2
관리회계_조직그룹상세,사용여부,,,,0
관리회계_조직그룹상세,최초생성자ID,,,,0
관리회계_조직그룹상세,최초생성일시,,,,0
관리회계_조직그룹상세,최종갱신자ID,,,,0
관리회계_조직그룹상세,최종변경일시,,,,0
관리회계_조직그룹상세,ETL일시,,,,0
관리회계계정,관리회계계정코드,1,,,0
관리회계계정,계정명,,,,0
관리회계계정,관리회계상위계정코드,,,,0
관리회계계정,관리회계계정유형코드,,,,0
관리회계계정,관리회계계정속성값1,,,,0
관리회계계정,관리회계계정속성값2,,,,0
관리회계계정,정렬순서,,1,"관리회계_사업, 관리회계_조직그룹상세, 사업코드관리",3
관리회계계정,최초생성자ID,,,,0
관리회계계정,최초생성일시,,,,0
관리회계계정,최종갱신자ID,,,,0
관리회계계정,최종변경일시,,,,0
관리회계계정,ETL일시,,,,0
법인정보,법인번호,1,,,0
법인정보,법인명,,,,0
법인정보,최초생성자ID,,,,0
법인정보,최초생성일시,,,,0
법인정보,최종갱신자ID,,,,0
법인정보,최종변경일시,,,,0
법인정보,ETL일시,,,,0
사업자등록번호정보,사업자등록번호,1,1,관리회계_고객,1
사업자등록번호정보,고객명,,,,0
사업자등록번호정보,생성일시,,,,0
사업자등록번호정보,생성자ID,,,,0
사업자등록번호정보,최종업데이트ID,,,,0
사업자등록번호정보,직접입력여부,,,,0
사업자등록번호정보,법인번호,,1,법인정보,1
사업자등록번호정보,last_update_dtm,,,,0
사업자등록번호정보,etl_dtm,,,,0
사업코드관리,사업유형코드,,,,0
사업코드관리,전사업코드,,,,0
사업코드관리,전사업명,,,,0
사업코드관리,대사업코드,,,,0
사업코드관리,대사업명,,,,0
사업코드관리,중사업코드,,,,0
사업코드관리,중사업명,,,,0
사업코드관리,소사업코드,,,,0
사업코드관리,소사업명,,,,0
사업코드관리,business_level5_cd,,,,0
사업코드관리,business_level5_name,,,,0
사업코드관리,business_level6_cd,,,,0
사업코드관리,business_level6_name,,,,0
사업코드관리,사업코드,,,,0
사업코드관리,사업명,,,,0
사업코드관리,정렬순서,1,1,"관리회계_사업, 관리회계_조직그룹상세",2
사업코드관리,최초생성자ID,,,,0
사업코드관리,최초생성일시,,,,0
사업코드관리,last_update_dtm,,,,0
사업코드관리,etl_dtm,,,,0
사용자,사원번호,1,1,"사원기본, 사원마스터",2
사용자,점소코드,,,,0
사용자,권한코드,,,,0
사용자,비밀번호,,,,0
사용자,한글성명,,,,0
사용자,팀명,,,,0
사용자,직급,,,,0
사용자,직책,,1,직책,1
사용자,전화번호,,,,0
사용자,휴대폰번호,,,,0
사용자,FAX번호,,,,0
사용자,EMAIL,,,,0
사용자,주민등록번호,,,,0
사용자,등록일자,,,,0
사용자,입사일자,,,,0
사용자,사직일자,,,,0
사용자,수금요원여부,,,,0
사용자,수정일자,,,,0
사용자,폐기일자,,,,0
사용자,폐기여부,,,,0
사용자,처리자사번,,,,0
사용자,수입금담당자여부,,,,0
사용자,수납직원여부,,,,0
사용자,직책2,,,,0
사용자,한웨이 ID,,,,0
사용자,비밀번호이력1,,,,0
사용자,비밀번호이력2,,,,0
사용자,비밀번호변경일,,,,0
사용자,미빌번호오류횟수,,,,0
사용자,계정근거,,,,0
사용자,비매출세금계산서발급제한일,,,,0
사용자,어음입금표발행제한일,,,,0
사용자,설명,,,,0
사용자,접근권한 IP,,,,0
사용자,사용자계정잠금여부,,,,0
사용자,사용자계정잠금일자,,,,0
사용자,HR시스템소속변경일자,,,,0
사용자,HR시스템소속코드,,,,0
사용자,비밀번호이력3,,,,0
사용자,비밀번호이력4,,,,0
사용자,최종변경일시,,,,0
사용자,ETL일시,,,,0
사원기본,사원번호,1,1,"사용자, 사원마스터",2
사원기본,정규비정규,,,,0
사원기본,소속조직코드,,,,0
사원기본,직종코드,,,,0
사원기본,국내집배구역,,,,0
사원기본,국제집배구역,,,,0
사원기본,사직일자,,,,0
사원기본,소속회사,,,,0
사원기본,시근일자,,,,0
사원기본,마감시간,,,,0
사원기본,부재기간1,,,,0
사원기본,부재기간2,,,,0
사원기본,부재시각1,,,,0
사원기본,부재시각2,,,,0
사원기본,대체ESMAN,,,,0
사원기본,수행여부,,,,0
사원기본,마감시각여부,,,,0
사원기본,한덱스IF구분,,,,0
사원기본,한덱스IF발생일시,,,,0
사원기본,사원주소1(동이상),,,,0
사원기본,사원주소도로명주소여부,,,,0
사원기본,인사시스템사번,,,,0
사원기본,출력양식,,,,0
사원기본,운전면허종류,,,,0
사원기본,화물운송종사자자격취득일,,,,0
사원기본,사용자상태,,,,0
사원기본,휴면일자,,,,0
사원기본,차량번호,,,,0
사원기본,최종변경일시,,,,0
사원기본,ETL일시,,,,0
상품코드,상품코드,1,1,상품분류,1
상품코드,사업구분,,,,0
상품코드,상품명,,,,0
상품코드,설명,,,,0
상품코드,판매중지일,,,,0
상품코드,서비스금액,,,,0
상품코드,화물종류,,,,0
상품코드,배송이상지역,,,,0
상품코드,접수시주의사항,,,,0
상품코드,당일익일구분,,,,0
상품코드,최종수정일,,,,0
상품코드,수정자 터미널코드,,,,0
상품코드,수정자 사번,,,,0
상품코드,서비스지역 및 요율,,,,0
상품코드,최종변경일시,,,,0
상품코드,ETL일시,,,,0
선박,선박코드,1,1,선박코드,1
선박,선박명_한글,,,,0
선박,선박명_영문,,,,0
선박,선사코드,,1,선사코드,1
선박,선박종류코드,,,,0
선박,총길이,,,,0
선박,총중량,,,,0
선박,외내항구분,,,,0
선박,사용여부,,,,0
선박,비고,,,,0
선박,처리일시,,,,0
선박,최종변경일시,,,,0
선박,ETL일시,,,,0
선석,항구코드,1,,,0
선석,국가코드,1,,,0
선석,선석코드,1,,,0
선석,선석명,,,,0
선석,정산용선석명,,,,0
선석,수심,,,,0
선석,선석길이,,,,0
선석,접안능력,,,,0
선석,업체코드,,,,0
선석,항구상세코드,,,,0
선석,조직코드,,1,"ORGNIZATION, 택배_조직도",2
선석,한진소유여부,,,,0
선석,조회순번,,,,0
선석,사용여부,,,,0
선석,비고,,,,0
선석,처리일시,,,,0
선석,본선구분,,,,0
선석,최종변경일시,,,,0
선석,ETL일시,,,,0
원가인명정보,적용년월,1,,,0
원가인명정보,직원번호,1,,,0
원가인명정보,직원명,,,,0
원가인명정보,등록상태명,,,,0
원가인명정보,전월급여조직코드,,,,0
원가인명정보,급여조직코드,,,,0
원가인명정보,귀속부서조직코드,,1,관리회계QLIK_조직,1
원가인명정보,호봉제여부,,,,0
원가인명정보,퇴직급여충당금여부,,,,0
원가인명정보,산업재해보험여부,,,,0
원가인명정보,고용보험여부,,,,0
원가인명정보,임금인상충당금여부,,,,0
원가인명정보,임원여부,,,,0
원가인명정보,기타1속성여부,,,,0
원가인명정보,기타2속성여부,,,,0
원가인명정보,기타3속성여부,,,,0
원가인명정보,최초생성자ID,,,,0
원가인명정보,최초생성일시,,,,0
원가인명정보,최종갱신자ID,,,,0
원가인명정보,최종변경일시,,,,0
원가인명정보,ETL일시,,,,0
작업코드,작업구분코드,1,,,0
작업코드,작업명,,,,0
작업코드,작업설명,,,,0
작업코드,작업설명(영문),,,,0
작업코드,최종변경일시,,,,0
작업코드,ETL일시,,,,0
조직코드관리,회사코드,,,,0
조직코드관리,회사명,,,,0
조직코드관리,본부코드,,,,0
조직코드관리,본부명,,,,0
조직코드관리,지부코드,,,,0
조직코드관리,지부명,,,,0
조직코드관리,지점코드,,,,0
조직코드관리,지점명,,,,0
조직코드관리,팀센터코드,1,1,관리회계BI_조직,1
조직코드관리,팀센터명,,,,0
조직코드관리,정렬순서,,1,"관리회계_사업, 관리회계_조직그룹상세, 사업코드관리",3
조직코드관리,최초생성자ID,,,,0
조직코드관리,최초생성일시,,,,0
조직코드관리,last_update_dtm,,,,0
조직코드관리,etl_dtm,,,,0
택배BI_조직,사업본부코드,1,,,0
택배BI_조직,사업본부명,1,,,0
택배BI_조직,지부코드,1,,,0
택배BI_조직,지부명,1,,,0
택배BI_조직,지점코드,1,,,0
택배BI_조직,지점명,1,,,0
택배BI_조직,터미널코드,1,,,0
택배BI_조직,터미널명,1,,,0
택배BI_조직,집배점코드,1,,,0
택배BI_조직,집배점명,,,,0
택배BI_조직,최종변경일시,,,,0
택배BI_조직,ETL일시,,,,0
택배_고객,고객번호,1,1,"CUSTOMER, 고객마스터, 수입관리_고객",3
택배_고객,개인기업고객구분,,,,0
택배_고객,사업구분,,,,0
택배_고객,한글고객명,,,,0
택배_고객,영문고객명,,,,0
택배_고객,국가코드,,,,0
택배_고객,주민_사업자등록번호,,,,0
택배_고객,사업자등록우편번호,,,,0
택배_고객,사업자등록 주소,,,,0
택배_고객,고객 청구부서,,,,0
택배_고객,고객 청구지우편번호,,,,0
택배_고객,고객청구지주소,,,,0
택배_고객,판매일,,,,0
택배_고객,판매점소,,,,0
택배_고객,판매원사번,,,,0
택배_고객,담당부서,,,,0
택배_고객,집하지우편번호,,,,0
택배_고객,집하지대번지,,,,0
택배_고객,집하지소번지,,,,0
택배_고객,집하지한글주소,,,,0
택배_고객,1ST_STREET,,,,0
택배_고객,계약기간종료일,,,,0
택배_고객,거래중지여부,,,,0
택배_고객,수하인관리여부,,,,0
택배_고객,ES방문시간,,,,0
택배_고객,HJT청구점소,,,,0
택배_고객,HJT수금점소,,,,0
택배_고객,상업서류계약방식,,,,0
택배_고객,소화물계약방식,,,,0
택배_고객,지불조건,,,,0
택배_고객,SVC_CHARGE 금액,,,,0
택배_고객,SVC_CHARGE횟수,,,,0
택배_고객,등록일시,,,,0
택배_고객,최종수정일시,,,,0
택배_고객,최종변경자사번,,,,0
택배_고객,상업서류일정DC율,,,,0
택배_고객,소화물일정DC율,,,,0
택배_고객,PROVINCE,,,,0
택배_고객,CITY,,,,0
택배_고객,2ND_STREET,,,,0
택배_고객,집하점소,,,,0
택배_고객,전송완료여부,,,,0
택배_고객,중량물이용여부,,,,0
택배_고객,수입조직,,,,0
택배_고객,화주구분,,,,0
택배_고객,일정DC율,,,,0
택배_고객,업종구분,,,,0
택배_고객,업종상세내역,,,,0
택배_고객,반품일,,,,0
택배_고객,행낭이용여부,,,,0
택배_고객,계약단가,,,,0
택배_고객,월예상물량,,,,0
택배_고객,포커스사용여부,,,,0
택배_고객,업체로고사용여부,,,,0
택배_고객,COD금액,,,,0
택배_고객,개발영업소,,,,0
택배_고객,개발수수료이용여부,,,,0
택배_고객,개발수수료적용일,,,,0
택배_고객,판매유형,,,,0
택배_고객,청구처화주코드,,,,0
택배_고객,EDI사용여부,,,,0
택배_고객,GSFOCUS사용여부,,,,0
택배_고객,UPDATE일자,,,,0
택배_고객,터미널체크여부,,,,0
택배_고객,요율체크여부,,,,0
택배_고객,세금체크여부,,,,0
택배_고객,작업연장일자,,,,0
택배_고객,운송장등록요율미체크사유,,,,0
택배_고객,CTI_IVR_반품접수여부,,,,0
택배_고객,한덱스관련여부,,,,0
택배_고객,전략고객여부,,,,0
택배_고객,규격1,,,,0
택배_고객,규격2,,,,0
택배_고객,규격3,,,,0
택배_고객,규격5,,,,0
택배_고객,중량1,,,,0
택배_고객,중량2,,,,0
택배_고객,중량3,,,,0
택배_고객,중량4,,,,0
택배_고객,오류횟수,,,,0
택배_고객,변경적용일자,,,,0
택배_고객,사업자등록주소1,,,,0
택배_고객,고객청구지주소1,,,,0
택배_고객,집하지한글주소1,,,,0
택배_고객,영문주소1,,,,0
택배_고객,사업자주소구분,,,,0
택배_고객,청구지주소구분,,,,0
택배_고객,집하지주소구분,,,,0
택배_고객,영문주소구분,,,,0
택배_고객,법인번호,,1,법인정보,1
택배_고객,그룹신용번호,,,,0
택배_고객,기업택배예약이용여부,,,,0
택배_고객,인증코드,,,,0
택배_고객,3PL사용여부,,,,0
택배_고객,한진홈페이지ID,,,,0
택배_고객,카페24MAILID,,,,0
택배_고객,최종변경일시,,,,0
택배_고객,ETL일시,,,,0
택배_조직도,조직코드,1,1,ORGNIZATION,1
택배_조직도,상위조직코드,,,,0
택배_조직도,조직명,,,,0
택배_조직도,조직구분코드,,,,0
택배_조직도,조직관리유형코드,,,,0
택배_조직도,조직권역구분코드,,,,0
택배_조직도,조직권역구분상세코드,,,,0
택배_조직도,조직계약시작일자,,,,0
택배_조직도,조직계약종료일자,,,,0
택배_조직도,조직폐쇄일자,,,,0
택배_조직도,영문조직명,,,,0
택배_조직도,팩스번호,,,,0
택배_조직도,우편번호,,,,0
택배_조직도,기본주소,,,,0
택배_조직도,상세주소,,,,0
택배_조직도,수입조직코드,,,,0
택배_조직도,수입신규조직코드,,,,0
택배_조직도,좌표구분코드,,,,0
택배_조직도,X좌표,,,,0
택배_조직도,Y좌표,,,,0
택배_조직도,사업자등록번호,,1,"관리회계_고객, 사업자등록번호정보",2
택배_조직도,정렬순서,,1,"관리회계_사업, 관리회계_조직그룹상세, 사업코드관리",3
택배_조직도,ERP코드,,,,0
택배_조직도,예약접수마감시분,,,,0
택배_조직도,조직중구분코드,,,,0
택배_조직도,조직상태,,,,0
택배_조직도,사업장관리번호,,,,0
택배_조직도,적용시작일자,,,,0
택배_조직도,적용종료일자,,,,0
택배_조직도,사용여부,,,,0
택배_조직도,수수료대상여부,,,,0
택배_조직도,등록일시,,,,0
택배_조직도,등록사원번호,,,,0
택배_조직도,사원최종업데이트일시,,,,0
택배_조직도,최종업데이트사원번호,,,,0
택배_조직도,오전배송가능여부,,,,0
택배_조직도,create_dtm,,,,0
택배_조직도,등록사용자ID,,,,0
택배_조직도,최종변경사용자ID,,,,0
택배_조직도,last_update_dtm,,,,0
택배_조직도,etl_dtm,,,,0
택배관리회계조직매핑,택배영업_지점코드,1,,,0
택배관리회계조직매핑,관리회계_지점코드,,,,0
택배관리회계조직매핑,최종변경일시,,,,0
택배관리회계조직매핑,ETL일시,,,,0
결제조건,결제조건코드,1,,,0
결제조건,결제조건명,,,,0
결제조건,dt_reg,,,,0
결제조건,dt_adjt,,,,0
결제조건,폐기일자,,,,0
결제조건,yn_abd,,,,0
결제조건,처리자사번,,,,0
결제조건,last_update_dtm,,,,0
결제조건,etl_dtm,,,,0
고객유형,고객유형코드,1,,,0
고객유형,고객유형명,,,,0
고객유형,사용여부,,,,0
고객유형,등록일시,,,,0
고객유형,등록사용자ID,,,,0
고객유형,변경사용자ID,,,,0
고객유형,최종변경일시,,,,0
고객유형,ETL일시,,,,0
기업설립형태,기업설립형태코드,1,,,0
기업설립형태,기업설립형태명,,,,0
기업설립형태,dt_reg,,,,0
기업설립형태,dt_adjt,,,,0
기업설립형태,폐기일자,,,,0
기업설립형태,yn_abd,,,,0
기업설립형태,처리자사번,,,,0
기업설립형태,last_update_dtm,,,,0
기업설립형태,etl_dtm,,,,0
미배송사유코드,사유코드,1,,,0
미배송사유코드,작업코드,1,,,0
미배송사유코드,사유명,,,,0
미배송사유코드,사유명(영문),,,,0
미배송사유코드,최종변경일시,,,,0
미배송사유코드,ETL일시,,,,0
불량등급,불량등급코드,1,,,0
불량등급,불량등급명,,,,0
불량등급,dt_reg,,,,0
불량등급,dt_adjt,,,,0
불량등급,폐기일자,,,,0
불량등급,yn_abd,,,,0
불량등급,처리자사번,,,,0
불량등급,last_update_dtm,,,,0
불량등급,etl_dtm,,,,0
사업구분,사업구분코드,1,,,0
사업구분,사업입체구분,,,,0
사업구분,계정코드,,1,관리회계_계정그룹상세,1
사업구분,사업구분한글명,,,,0
사업구분,사업구분영문명,,,,0
사업구분,한글CHARGE명,,,,0
사업구분,영문CHARCE명,,,,0
사업구분,등록일자,,,,0
사업구분,수정일자,,,,0
사업구분,폐기일자,,,,0
사업구분,폐기여부,,,,0
사업구분,처리자사번,,,,0
사업구분,부대청구대상여부,,,,0
사업구분,기타미수금여부,,,,0
사업구분,면세청구대상여부,,,,0
사업구분,ERP_COA_ACCOUNT,,,,0
사업구분,ERP_COA_DIVS,,,,0
사업구분,최종변경일시,,,,0
사업구분,ETL일시,,,,0
신용공여기간,신용공여기간코드,1,,,0
신용공여기간,신용공여기준일수,,,,0
신용공여기간,dt_reg,,,,0
신용공여기간,dt_adjt,,,,0
신용공여기간,폐기일자,,,,0
신용공여기간,yn_abd,,,,0
신용공여기간,처리자사번,,,,0
신용공여기간,ERP PAYMENT TERM NAME,,,,0
신용공여기간,월매트릭스구분,,,,0
신용공여기간,last_update_dtm,,,,0
신용공여기간,etl_dtm,,,,0
신용등급,신용등급코드,1,,,0
신용등급,신용등급명,,,,0
신용등급,FROM점수,,,,0
신용등급,TO점수,,,,0
신용등급,dt_reg,,,,0
신용등급,dt_adjt,,,,0
신용등급,폐기일자,,,,0
신용등급,yn_abd,,,,0
신용등급,처리자사번,,,,0
신용등급,last_update_dtm,,,,0
신용등급,etl_dtm,,,,0
조직_수입관리,OIO_ORG_COD,1,1,지점코드,1
조직_수입관리,OIO_ORG_NAM,,,,0
조직_수입관리,OIO_INC_ORG,,,,0
조직_수입관리,OIO_ORG_NCD,,,,0
조직_수입관리,OIO_PIN_COD,,,,0
조직_수입관리,OIO_RGT_ENO,,,,0
조직_수입관리,OIO_RGT_MDH,,,,0
조직_수입관리,OIO_CHG_ENO,,,,0
조직_수입관리,OIO_CHG_MDH,,,,0
조직_수입관리,OIO_END_YMD,,,,0
조직_수입관리,최종변경일시,,,,0
조직_수입관리,ETL일시,,,,0
조직터미널마스터,터미널조직코드,1,1,터미널마스터,1
조직터미널마스터,터미널구분코드,,,,0
조직터미널마스터,실제터미널조직코드,,,,0
조직터미널마스터,대표집배조직코드,,,,0
조직터미널마스터,unitiz_goal,,,,0
조직터미널마스터,종료목표작업시분,,,,0
조직터미널마스터,첨부파일ID,,,,0
조직터미널마스터,터미널영문코드,,,,0
조직터미널마스터,loading_place_addr,,,,0
조직터미널마스터,load_chute_cnt,,,,0
조직터미널마스터,unload_chute_cnt,,,,0
조직터미널마스터,wheel_sorter_install_yn,,,,0
조직터미널마스터,usage_cat_cd,,,,0
조직터미널마스터,등록일시,,,,0
조직터미널마스터,등록사원번호,,,,0
조직터미널마스터,최종사원업데이트일시,,,,0
조직터미널마스터,최종업데이트사원번호,,,,0
조직터미널마스터,생성일시,,,,0
조직터미널마스터,생성시스템ID,,,,0
조직터미널마스터,최종업데이트시스템ID,,,,0
조직터미널마스터,최종업데이트일시,,,,0
조직터미널마스터,ETL일시,,,,0
ACCUSE_PROCESS_STUS,ACCUSE_PROCESS_STUS,1,,,0
ACCUSE_PROCESS_STUS_name,ACCUSE_PROCESS_STUS_name,1,,,0
ACC_TYP_CD_name,ACC_TYP_CD_name,1,,,0
ACEPTANCE_TYP_CD_name,ACEPTANCE_TYP_CD_name,1,,,0
ACEPTANCE_TYP_name,ACEPTANCE_TYP_name,1,,,0
ADD_SVC_TYP,ADD_SVC_TYP,1,,,0
ADD_SVC_TYP_desc,ADD_SVC_TYP_desc,1,,,0
ADD_SVC_TYP_name,ADD_SVC_TYP_name,1,,,0
AIR_TML_GBN_name,AIR_TML_GBN_name,1,,,0
ALIMTALK_WRK_CD,ALIMTALK_WRK_CD,1,,,0
ALIMTALK_WRK_CD_name,ALIMTALK_WRK_CD_name,1,,,0
ALLOCATE_SOURCE_TYPE_CD,ALLOCATE_SOURCE_TYPE_CD,1,,,0
ALLOCATE_SOURCE_TYPE_CD_desc,ALLOCATE_SOURCE_TYPE_CD_desc,1,,,0
ALLOCATE_SOURCE_TYPE_CD_name,ALLOCATE_SOURCE_TYPE_CD_name,1,,,0
APRV_STUS,APRV_STUS,1,,,0
APRV_STUS_name,APRV_STUS_name,1,,,0
APR_PRCR_RSLT,APR_PRCR_RSLT,1,,,0
APR_PRCR_RSLT_name,APR_PRCR_RSLT_name,1,,,0
AREA_CAT,AREA_CAT,1,,,0
AREA_CAT_DTL,AREA_CAT_DTL,1,,,0
AREA_CAT_DTL_name,AREA_CAT_DTL_name,1,,,0
AREA_CAT_name,AREA_CAT_name,1,,,0
ARRV_SCAN_CAT,ARRV_SCAN_CAT,1,,,0
ARRV_SCAN_CAT_name,ARRV_SCAN_CAT_name,1,,,0
B2B_BOX_TYP,B2B_BOX_TYP,1,,,0
B2B_BOX_TYP_name,B2B_BOX_TYP_name,1,,,0
BANK_CD_name,BANK_CD_name,1,,,0
BANK_CURRENCY_CODE_desc,BANK_CURRENCY_CODE_desc,1,,,0
BANK_CURRENCY_CODE_name,BANK_CURRENCY_CODE_name,1,,,0
BIZ_PARTNER,BIZ_PARTNER,1,,,0
BIZ_PARTNER_CAT,BIZ_PARTNER_CAT,1,,,0
BIZ_PARTNER_CAT_name,BIZ_PARTNER_CAT_name,1,,,0
BIZ_PARTNER_name,BIZ_PARTNER_name,1,,,0
BIZ_TYP,BIZ_TYP,1,,,0
BIZ_TYP_desc,BIZ_TYP_desc,1,,,0
BIZ_TYP_name,BIZ_TYP_name,1,,,0
BLDG_DTL_CAT_name,BLDG_DTL_CAT_name,1,,,0
BLDG_SERCH_CAT_name,BLDG_SERCH_CAT_name,1,,,0
BOX_TYP_name,BOX_TYP_name,1,,,0
CALC_LABOR_ACCOUNT_CD,CALC_LABOR_ACCOUNT_CD,1,,,0
CALC_LABOR_ACCOUNT_CD_desc,CALC_LABOR_ACCOUNT_CD_desc,1,,,0
CALC_LABOR_ACCOUNT_CD_name,CALC_LABOR_ACCOUNT_CD_name,1,,,0
CALENDAR_DOW,CALENDAR_DOW,1,,,0
CALENDAR_DOW_desc,CALENDAR_DOW_desc,1,,,0
CALENDAR_DOW_name,CALENDAR_DOW_name,1,,,0
CASH_SEARCH_TYPE,CASH_SEARCH_TYPE,1,,,0
CASH_SEARCH_TYPE_name,CASH_SEARCH_TYPE_name,1,,,0
CERT_DOC_KIND,CERT_DOC_KIND,1,,,0
CERT_DOC_KIND_name,CERT_DOC_KIND_name,1,,,0
CGO_CAT_CD_name,CGO_CAT_CD_name,1,,,0
CGO_TYP,CGO_TYP,1,,,0
CGO_TYP_name,CGO_TYP_name,1,,,0
CHANEL,CHANEL,1,,,0
CHANEL_desc,CHANEL_desc,1,,,0
CHANEL_name,CHANEL_name,1,,,0
CLAIM_CAT_CD_name,CLAIM_CAT_CD_name,1,,,0
CLM_CD_name,CLM_CD_name,1,,,0
CLM_CUST_CD_name,CLM_CUST_CD_name,1,,,0
CLM_DTL_CD_name,CLM_DTL_CD_name,1,,,0
CLM_STUS_CD_name,CLM_STUS_CD_name,1,,,0
CNFM_STUS_CD_name,CNFM_STUS_CD_name,1,,,0
CNTRACT_CAT_name,CNTRACT_CAT_name,1,,,0
CNTRACT_CLOSE_name,CNTRACT_CLOSE_name,1,,,0
CNTRACT_EDI_RELATED_CAT,CNTRACT_EDI_RELATED_CAT,1,,,0
CNTRACT_EDI_RELATED_CAT_name,CNTRACT_EDI_RELATED_CAT_name,1,,,0
COLLECT_SHAPE_CD_name,COLLECT_SHAPE_CD_name,1,,,0
COMODITY,COMODITY,1,,,0
COMODITY_CAT,COMODITY_CAT,1,,,0
COMODITY_CAT_name,COMODITY_CAT_name,1,,,0
COMODITY_name,COMODITY_name,1,,,0
COMPLAIN_RSN_CD,COMPLAIN_RSN_CD,1,,,0
COMPLAIN_RSN_CD_name,COMPLAIN_RSN_CD_name,1,,,0
COMPLAIN_TYP_CD_name,COMPLAIN_TYP_CD_name,1,,,0
CONFIG_GROUP,CONFIG_GROUP,1,,,0
CONFIG_GROUP_desc,CONFIG_GROUP_desc,1,,,0
CONFIG_GROUP_name,CONFIG_GROUP_name,1,,,0
CONFIG_NO_TYP,CONFIG_NO_TYP,1,,,0
CONFIG_NO_TYP_desc,CONFIG_NO_TYP_desc,1,,,0
CONFIG_NO_TYP_name,CONFIG_NO_TYP_name,1,,,0
CURRENCY_CODE,CURRENCY_CODE,1,,,0
CUSTOMER_COST_TYPE_CD,CUSTOMER_COST_TYPE_CD,1,,,0
CUSTOMER_COST_TYPE_CD_desc,CUSTOMER_COST_TYPE_CD_desc,1,,,0
CUSTOMER_COST_TYPE_CD_name,CUSTOMER_COST_TYPE_CD_name,1,,,0
CUSTOMER_SLIP_TYPE_CD,CUSTOMER_SLIP_TYPE_CD,1,,,0
CUSTOMER_SLIP_TYPE_CD_desc,CUSTOMER_SLIP_TYPE_CD_desc,1,,,0
CUSTOMER_SLIP_TYPE_CD_name,CUSTOMER_SLIP_TYPE_CD_name,1,,,0
CUSTOMER_SUBACCOUNT_CD_desc,CUSTOMER_SUBACCOUNT_CD_desc,1,,,0
CUSTOMER_SUBACCOUNT_CD_name,CUSTOMER_SUBACCOUNT_CD_name,1,,,0
CUST_CAT,CUST_CAT,1,,,0
CUST_CAT_name,CUST_CAT_name,1,,,0
CUST_EDI,CUST_EDI,1,,,0
CUST_EDI_desc,CUST_EDI_desc,1,,,0
CUST_EDI_name,CUST_EDI_name,1,,,0
CUST_PRINT_CAT,CUST_PRINT_CAT,1,,,0
CUST_TYP_VOL,CUST_TYP_VOL,1,,,0
CUST_TYP_VOL_name,CUST_TYP_VOL_name,1,,,0
DATA_CATEGORY_CD,DATA_CATEGORY_CD,1,,,0
DATA_CATEGORY_CD_desc,DATA_CATEGORY_CD_desc,1,,,0
DATA_CATEGORY_CD_name,DATA_CATEGORY_CD_name,1,,,0
DAYOFF_RSN,DAYOFF_RSN,1,,,0
DAYOFF_RSN_name,DAYOFF_RSN_name,1,,,0
DB_TYP,DB_TYP,1,,,0
DEPT_SCAN_CAT,DEPT_SCAN_CAT,1,,,0
DEPT_SCAN_CAT_name,DEPT_SCAN_CAT_name,1,,,0
DISCARD_ASK_RSN,DISCARD_ASK_RSN,1,,,0
DISCARD_ASK_RSN_name,DISCARD_ASK_RSN_name,1,,,0
DIV_TML_TYP_CD_name,DIV_TML_TYP_CD_name,1,,,0
DLV_ORG_TYP,DLV_ORG_TYP,1,,,0
DLV_ORG_TYP_desc,DLV_ORG_TYP_desc,1,,,0
DLV_ORG_TYP_name,DLV_ORG_TYP_name,1,,,0
DOCCAT,DOCCAT,1,,,0
DOCCAT_name,DOCCAT_name,1,,,0
DRIVE_LICENCE_KIND,DRIVE_LICENCE_KIND,1,,,0
DRIVE_LICENCE_KIND_name,DRIVE_LICENCE_KIND_name,1,,,0
DRIVING_CAT_name,DRIVING_CAT_name,1,,,0
EDI_CGO_APPROVE_CNTRACT_NO_name,EDI_CGO_APPROVE_CNTRACT_NO_name,1,,,0
EDI_CONFIG,EDI_CONFIG,1,,,0
EDI_CONFIG_desc,EDI_CONFIG_desc,1,,,0
EDI_CONFIG_name,EDI_CONFIG_name,1,,,0
EDI_ERR,EDI_ERR,1,,,0
EDI_ERR_desc,EDI_ERR_desc,1,,,0
EDI_ERR_name,EDI_ERR_name,1,,,0
EMAIL_SND_RCV_CAT,EMAIL_SND_RCV_CAT,1,,,0
EMAIL_SND_RCV_CAT_desc,EMAIL_SND_RCV_CAT_desc,1,,,0
EMAIL_SND_RCV_CAT_name,EMAIL_SND_RCV_CAT_name,1,,,0
EM_FOM_TYP,EM_FOM_TYP,1,,,0
EM_FOM_TYP_name,EM_FOM_TYP_name,1,,,0
EQUIP_CAT,EQUIP_CAT,1,,,0
EQUIP_CAT_name,EQUIP_CAT_name,1,,,0
EQUIP_KIND,EQUIP_KIND,1,,,0
EQUIP_KIND_name,EQUIP_KIND_name,1,,,0
EQUIP_MANUFACT_CO,EQUIP_MANUFACT_CO,1,,,0
EQUIP_MANUFACT_CO_name,EQUIP_MANUFACT_CO_name,1,,,0
EQUIP_USAGE,EQUIP_USAGE,1,,,0
EQUIP_USAGE_name,EQUIP_USAGE_name,1,,,0
ETR_BALANCE_MGT_ACCT_desc,ETR_BALANCE_MGT_ACCT_desc,1,,,0
ETR_BALANCE_SOURCE,ETR_BALANCE_SOURCE,1,,,0
ETR_BALANCE_SOURCE_desc,ETR_BALANCE_SOURCE_desc,1,,,0
ETR_BALANCE_SOURCE_name,ETR_BALANCE_SOURCE_name,1,,,0
ETR_BALANCE_TYPE,ETR_BALANCE_TYPE,1,,,0
ETR_BALANCE_TYPE_desc,ETR_BALANCE_TYPE_desc,1,,,0
ETR_BALANCE_TYPE_name,ETR_BALANCE_TYPE_name,1,,,0
ETR_BANK_CODE,ETR_BANK_CODE,1,,,0
ETR_BANK_CODE_desc,ETR_BANK_CODE_desc,1,,,0
ETR_BANK_CODE_name,ETR_BANK_CODE_name,1,,,0
ETR_COUNTRY_CODE,ETR_COUNTRY_CODE,1,,,0
ETR_COUNTRY_CODE_desc,ETR_COUNTRY_CODE_desc,1,,,0
ETR_COUNTRY_CODE_name,ETR_COUNTRY_CODE_name,1,,,0
ETR_CURRENCY_CODE,ETR_CURRENCY_CODE,1,,,0
ETR_CURRENCY_CODE_desc,ETR_CURRENCY_CODE_desc,1,,,0
ETR_CURRENCY_CODE_name,ETR_CURRENCY_CODE_name,1,,,0
ETR_GL_CATEGORY_MAPPING,ETR_GL_CATEGORY_MAPPING,1,,,0
ETR_GL_CATEGORY_MAPPING_desc,ETR_GL_CATEGORY_MAPPING_desc,1,,,0
ETR_GL_CATEGORY_MAPPING_name,ETR_GL_CATEGORY_MAPPING_name,1,,,0
ETR_PAYMENT_METHOD,ETR_PAYMENT_METHOD,1,,,0
ETR_PAYMENT_METHOD_desc,ETR_PAYMENT_METHOD_desc,1,,,0
ETR_PAYMENT_METHOD_name,ETR_PAYMENT_METHOD_name,1,,,0
ETR_SYSTEM_OPTION,ETR_SYSTEM_OPTION,1,,,0
ETR_SYSTEM_OPTION_desc,ETR_SYSTEM_OPTION_desc,1,,,0
ETR_SYSTEM_OPTION_name,ETR_SYSTEM_OPTION_name,1,,,0
ETR_TRANSACTION_SOURCE,ETR_TRANSACTION_SOURCE,1,,,0
ETR_TRANSACTION_SOURCE_desc,ETR_TRANSACTION_SOURCE_desc,1,,,0
ETR_TRANSACTION_SOURCE_name,ETR_TRANSACTION_SOURCE_name,1,,,0
ETR_TRANSACTION_TYPE,ETR_TRANSACTION_TYPE,1,,,0
ETR_TRANSACTION_TYPE_desc,ETR_TRANSACTION_TYPE_desc,1,,,0
ETR_TRANSACTION_TYPE_name,ETR_TRANSACTION_TYPE_name,1,,,0
FAULT_TGT_RANGE_CD,FAULT_TGT_RANGE_CD,1,,,0
FAULT_TGT_RANGE_CD_desc,FAULT_TGT_RANGE_CD_desc,1,,,0
FAULT_TGT_RANGE_CD_name,FAULT_TGT_RANGE_CD_name,1,,,0
FEE_SECTION_CAT,FEE_SECTION_CAT,1,,,0
FEE_SECTION_CAT_name,FEE_SECTION_CAT_name,1,,,0
FOCUSIF_CUS_MAIL,FOCUSIF_CUS_MAIL,1,,,0
FOCUSIF_CUS_MAIL_desc,FOCUSIF_CUS_MAIL_desc,1,,,0
FOCUSIF_CUS_MAIL_name,FOCUSIF_CUS_MAIL_name,1,,,0
FOCUSIF_EDI_CUST_NM,FOCUSIF_EDI_CUST_NM,1,,,0
FOCUSIF_EDI_CUST_NM_desc,FOCUSIF_EDI_CUST_NM_desc,1,,,0
FOCUSIF_EDI_CUST_NM_name,FOCUSIF_EDI_CUST_NM_name,1,,,0
FOCUSIF_REPLACE_CHAR_name,FOCUSIF_REPLACE_CHAR_name,1,,,0
FOCUSIF_SVC_CD,FOCUSIF_SVC_CD,1,,,0
FOCUSIF_SVC_CD_desc,FOCUSIF_SVC_CD_desc,1,,,0
FOCUSIF_SVC_CD_name,FOCUSIF_SVC_CD_name,1,,,0
GL_COA_SEGMENT2,GL_COA_SEGMENT2,1,,,0
GL_COA_SEGMENT2_desc,GL_COA_SEGMENT2_desc,1,,,0
GL_COA_SEGMENT3,GL_COA_SEGMENT3,1,,,0
GL_COA_SEGMENT3_desc,GL_COA_SEGMENT3_desc,1,,,0
GL_COA_SEGMENT4,GL_COA_SEGMENT4,1,,,0
GL_COA_SEGMENT4_desc,GL_COA_SEGMENT4_desc,1,,,0
GL_COA_SEGMENT5_desc,GL_COA_SEGMENT5_desc,1,,,0
GL_COA_SEGMENT6,GL_COA_SEGMENT6,1,,,0
GL_COA_SEGMENT6_desc,GL_COA_SEGMENT6_desc,1,,,0
GL_INTERFACE_STATUS,GL_INTERFACE_STATUS,1,,,0
GL_INTERFACE_STATUS_desc,GL_INTERFACE_STATUS_desc,1,,,0
GL_INTERFACE_STATUS_name,GL_INTERFACE_STATUS_name,1,,,0
HDS_ACEPTANCE_TYP_CD,HDS_ACEPTANCE_TYP_CD,1,,,0
HDS_ACEPTANCE_TYP_CD_name,HDS_ACEPTANCE_TYP_CD_name,1,,,0
HDS_RESP_CAT_CD_name,HDS_RESP_CAT_CD_name,1,,,0
HWBL_SEARCH_TYP,HWBL_SEARCH_TYP,1,,,0
HWBL_SEARCH_TYP_name,HWBL_SEARCH_TYP_name,1,,,0
IF_WRK_EDI,IF_WRK_EDI,1,,,0
IF_WRK_EDI_name,IF_WRK_EDI_name,1,,,0
IMPOSE_CAT_CD,IMPOSE_CAT_CD,1,,,0
IMPOSE_CAT_CD_name,IMPOSE_CAT_CD_name,1,,,0
INCENTIVE_SORTING,INCENTIVE_SORTING,1,,,0
INCENTIVE_SORTING_name,INCENTIVE_SORTING_name,1,,,0
INCOME_NEW_ORG_desc,INCOME_NEW_ORG_desc,1,,,0
INCOME_ORG,INCOME_ORG,1,,,0
INCOME_ORG_desc,INCOME_ORG_desc,1,,,0
INCOME_ORG_name,INCOME_ORG_name,1,,,0
INFORM_CYCLE_desc,INFORM_CYCLE_desc,1,,,0
INFORM_CYCLE_name,INFORM_CYCLE_name,1,,,0
INPUT_PATH_CAT_CD_name,INPUT_PATH_CAT_CD_name,1,,,0
INSTALL_CO,INSTALL_CO,1,,,0
INSTALL_CO_name,INSTALL_CO_name,1,,,0
JOB_KIND,JOB_KIND,1,,,0
JOB_KIND_desc,JOB_KIND_desc,1,,,0
JOB_KIND_name,JOB_KIND_name,1,,,0
JOIN_PATH_CAT,JOIN_PATH_CAT,1,,,0
JOIN_PATH_CAT_name,JOIN_PATH_CAT_name,1,,,0
LEGCY_HDS_CO,LEGCY_HDS_CO,1,,,0
LEGCY_HDS_CO_name,LEGCY_HDS_CO_name,1,,,0
LOGIN_FAIL_RSN,LOGIN_FAIL_RSN,1,,,0
LOGIN_FAIL_RSN_desc,LOGIN_FAIL_RSN_desc,1,,,0
LOGIN_FAIL_RSN_name,LOGIN_FAIL_RSN_name,1,,,0
LOST_RSN,LOST_RSN,1,,,0
LOST_RSN_name,LOST_RSN_name,1,,,0
MATERIAL_CAT,MATERIAL_CAT,1,,,0
MATERIAL_CAT_name,MATERIAL_CAT_name,1,,,0
MERGE_PAYMENT_ACCOUNT,MERGE_PAYMENT_ACCOUNT,1,,,0
MERGE_PAYMENT_ACCOUNT_desc,MERGE_PAYMENT_ACCOUNT_desc,1,,,0
MILEGE_CAT_name,MILEGE_CAT_name,1,,,0
MILEGE_EP_name,MILEGE_EP_name,1,,,0
MILEGE_FD_name,MILEGE_FD_name,1,,,0
MILEGE_FP_name,MILEGE_FP_name,1,,,0
MILEGE_KIND,MILEGE_KIND,1,,,0
MILEGE_KIND_name,MILEGE_KIND_name,1,,,0
MILEGE_RD_name,MILEGE_RD_name,1,,,0
MILEGE_RSLT_name,MILEGE_RSLT_name,1,,,0
MINUS_DTL_CAT_name,MINUS_DTL_CAT_name,1,,,0
MIS_RSN,MIS_RSN,1,,,0
MIS_RSN_name,MIS_RSN_name,1,,,0
MNG_ACTN_ALLOCATE_FACTOR_CD,MNG_ACTN_ALLOCATE_FACTOR_CD,1,,,0
MNG_ACTN_ALLOCATE_FACTOR_CD_desc,MNG_ACTN_ALLOCATE_FACTOR_CD_desc,1,,,0
MNG_ACTN_ALLOCATE_FACTOR_CD_name,MNG_ACTN_ALLOCATE_FACTOR_CD_name,1,,,0
MNG_ACTN_CUST_ALLOCATE_FACTOR_CD,MNG_ACTN_CUST_ALLOCATE_FACTOR_CD,1,,,0
MNG_ACTN_CUST_ALLOCATE_FACTOR_CD_desc,MNG_ACTN_CUST_ALLOCATE_FACTOR_CD_desc,1,,,0
MNG_ACTN_CUST_ALLOCATE_FACTOR_CD_name,MNG_ACTN_CUST_ALLOCATE_FACTOR_CD_name,1,,,0
MSG_TYP,MSG_TYP,1,,,0
MSG_TYP_desc,MSG_TYP_desc,1,,,0
MSG_TYP_name,MSG_TYP_name,1,,,0
NHX_MSG_CD_desc,NHX_MSG_CD_desc,1,,,0
NHX_MSG_CD_name,NHX_MSG_CD_name,1,,,0
NOTEBOX_CAT,NOTEBOX_CAT,1,,,0
NOTEBOX_CAT_name,NOTEBOX_CAT_name,1,,,0
NOWSTUS,NOWSTUS,1,,,0
NOWSTUS_name,NOWSTUS_name,1,,,0
NOW_DTL_STUS_CD,NOW_DTL_STUS_CD,1,,,0
NOW_DTL_STUS_CD_name,NOW_DTL_STUS_CD_name,1,,,0
ONECLICK_APRV_STUS,ONECLICK_APRV_STUS,1,,,0
ONECLICK_APRV_STUS_name,ONECLICK_APRV_STUS_name,1,,,0
OPT_KIND,OPT_KIND,1,,,0
OPT_KIND_name,OPT_KIND_name,1,,,0
OP_RATE_VIEW_RANGE_name,OP_RATE_VIEW_RANGE_name,1,,,0
ORG_CAT,ORG_CAT,1,,,0
ORG_CAT_desc,ORG_CAT_desc,1,,,0
ORG_CAT_name,ORG_CAT_name,1,,,0
ORG_REG_TYP,ORG_REG_TYP,1,,,0
ORG_REG_TYP_name,ORG_REG_TYP_name,1,,,0
ORG_TYP,ORG_TYP,1,,,0
ORG_TYP_desc,ORG_TYP_desc,1,,,0
ORG_TYP_name,ORG_TYP_name,1,,,0
PARTNER_COLLATERAL_TYPE_desc,PARTNER_COLLATERAL_TYPE_desc,1,,,0
PARTNER_COLLATERAL_TYPE_name,PARTNER_COLLATERAL_TYPE_name,1,,,0
PATH_name,PATH_name,1,,,0
PAY_BANK,PAY_BANK,1,,,0
PAY_TYP,PAY_TYP,1,,,0
PAY_TYP_name,PAY_TYP_name,1,,,0
PD_EVL_CAT_name,PD_EVL_CAT_name,1,,,0
PENAL_TYP_CD_name,PENAL_TYP_CD_name,1,,,0
PERMIT_REIGN_SGG_name,PERMIT_REIGN_SGG_name,1,,,0
PERMIT_REIGN_SIDO_name,PERMIT_REIGN_SIDO_name,1,,,0
PGM_KIND,PGM_KIND,1,,,0
PGM_KIND_name,PGM_KIND_name,1,,,0
PGM_LANG,PGM_LANG,1,,,0
pmntCd,pmntCd,1,,,0
pmntCd_name,pmntCd_name,1,,,0
PRCR_RSLT,PRCR_RSLT,1,,,0
PRCR_RSLT_name,PRCR_RSLT_name,1,,,0
PROCESS_STUS,PROCESS_STUS,1,,,0
PROCESS_STUS_name,PROCESS_STUS_name,1,,,0
PTNS_CAT,PTNS_CAT,1,,,0
PTNS_CAT_desc,PTNS_CAT_desc,1,,,0
PTNS_CAT_name,PTNS_CAT_name,1,,,0
QUICKTEXT_ID,QUICKTEXT_ID,1,,,0
QUICKTEXT_ID_name,QUICKTEXT_ID_name,1,,,0
RATE_TYP,RATE_TYP,1,,,0
RATE_TYP_desc,RATE_TYP_desc,1,,,0
RATE_TYP_name,RATE_TYP_name,1,,,0
REG_PATH,REG_PATH,1,,,0
REG_PATH_name,REG_PATH_name,1,,,0
REL_CAT_CD,REL_CAT_CD,1,,,0
REL_CAT_CD_name,REL_CAT_CD_name,1,,,0
REPORT_SEARCH_POV,REPORT_SEARCH_POV,1,,,0
REPORT_SEARCH_POV_desc,REPORT_SEARCH_POV_desc,1,,,0
REPORT_SEARCH_POV_name,REPORT_SEARCH_POV_name,1,,,0
RESOURCE_TYP,RESOURCE_TYP,1,,,0
RESOURCE_TYP_name,RESOURCE_TYP_name,1,,,0
RETURN_CAT,RETURN_CAT,1,,,0
RETURN_CAT_name,RETURN_CAT_name,1,,,0
ROLE_TYP,ROLE_TYP,1,,,0
ROLE_TYP_desc,ROLE_TYP_desc,1,,,0
ROLE_TYP_name,ROLE_TYP_name,1,,,0
ROUTE_PLAN_TYP_name,ROUTE_PLAN_TYP_name,1,,,0
RSN_CD_name,RSN_CD_name,1,,,0
RSN_CLEARANCE_UNA_name,RSN_CLEARANCE_UNA_name,1,,,0
RSN_CUSTOM_NA,RSN_CUSTOM_NA,1,,,0
RSN_CUSTOM_NA_name,RSN_CUSTOM_NA_name,1,,,0
RSN_CUSTOM_ND,RSN_CUSTOM_ND,1,,,0
RSN_CUSTOM_ND_name,RSN_CUSTOM_ND_name,1,,,0
RSN_DISCARD_name,RSN_DISCARD_name,1,,,0
RSN_DISPOSAL,RSN_DISPOSAL,1,,,0
RSN_DISPOSAL_name,RSN_DISPOSAL_name,1,,,0
RSN_EDI_WRK,RSN_EDI_WRK,1,,,0
RSN_EDI_WRK_name,RSN_EDI_WRK_name,1,,,0
RSN_IRR,RSN_IRR,1,,,0
RSN_IRR_name,RSN_IRR_name,1,,,0
RSN_MISS_ARRV_name,RSN_MISS_ARRV_name,1,,,0
RSN_MIS_ARV,RSN_MIS_ARV,1,,,0
RSN_MIS_ARV_name,RSN_MIS_ARV_name,1,,,0
RSN_NOT_DECLARE_name,RSN_NOT_DECLARE_name,1,,,0
RSN_NOT_DLV_name,RSN_NOT_DLV_name,1,,,0
RSN_NOT_PICK,RSN_NOT_PICK,1,,,0
RSN_NOT_PICKUP_name,RSN_NOT_PICKUP_name,1,,,0
RSN_NOT_PICK_name,RSN_NOT_PICK_name,1,,,0
RSN_RETURN_2,RSN_RETURN_2,1,,,0
RSN_RETURN_2_name,RSN_RETURN_2_name,1,,,0
RSN_RSV_CNCL,RSN_RSV_CNCL,1,,,0
RSN_RSV_CNCL_name,RSN_RSV_CNCL_name,1,,,0
RSN_SENDBACK_name,RSN_SENDBACK_name,1,,,0
RSN_TML_HLD_name,RSN_TML_HLD_name,1,,,0
RSN_TML_REMAIN,RSN_TML_REMAIN,1,,,0
RSN_TML_REMAIN_name,RSN_TML_REMAIN_name,1,,,0
RSN_UN_DLV,RSN_UN_DLV,1,,,0
RSN_UN_DLV_name,RSN_UN_DLV_name,1,,,0
RSV_CHANEL,RSV_CHANEL,1,,,0
RSV_CHANEL_name,RSV_CHANEL_name,1,,,0
SCAN_ERR,SCAN_ERR,1,,,0
SCAN_ERR_name,SCAN_ERR_name,1,,,0
SETTLE_CD,SETTLE_CD,1,,,0
SETTLE_CD_desc,SETTLE_CD_desc,1,,,0
SETTLE_CD_name,SETTLE_CD_name,1,,,0
SETTLE_STUS_name,SETTLE_STUS_name,1,,,0
SHOP_CAT,SHOP_CAT,1,,,0
SHOP_CAT_name,SHOP_CAT_name,1,,,0
SHOP_TYP,SHOP_TYP,1,,,0
SHOP_TYP_name,SHOP_TYP_name,1,,,0
SIDO_NM,SIDO_NM,1,,,0
SMS_CAT,SMS_CAT,1,,,0
SMS_CAT_desc,SMS_CAT_desc,1,,,0
SMS_CAT_name,SMS_CAT_name,1,,,0
SNDR_TEL_NO,SNDR_TEL_NO,1,,,0
SNDR_TEL_NO_name,SNDR_TEL_NO_name,1,,,0
SND_CAT_name,SND_CAT_name,1,,,0
SORTER_SYS,SORTER_SYS,1,,,0
SORTER_SYS_name,SORTER_SYS_name,1,,,0
SPCL_CUST_SEARCH_TYP,SPCL_CUST_SEARCH_TYP,1,,,0
SPCL_CUST_SEARCH_TYP_name,SPCL_CUST_SEARCH_TYP_name,1,,,0
SPCL_WRK_CAT,SPCL_WRK_CAT,1,,,0
SPCL_WRK_CAT_name,SPCL_WRK_CAT_name,1,,,0
SQL_KIND,SQL_KIND,1,,,0
SQL_KIND_desc,SQL_KIND_desc,1,,,0
SQL_KIND_name,SQL_KIND_name,1,,,0
SQL_TBL_KIND_name,SQL_TBL_KIND_name,1,,,0
SRT_IF_ERR,SRT_IF_ERR,1,,,0
SRT_IF_ERR_desc,SRT_IF_ERR_desc,1,,,0
SRT_IF_ERR_name,SRT_IF_ERR_name,1,,,0
STAT_TYP_VOL_name,STAT_TYP_VOL_name,1,,,0
STRATEGY_CUST_CD,STRATEGY_CUST_CD,1,,,0
STRATEGY_CUST_CD_name,STRATEGY_CUST_CD_name,1,,,0
STRATEGY_SALZ_BIZ_NO,STRATEGY_SALZ_BIZ_NO,1,,,0
STRATEGY_SALZ_BIZ_NO_name,STRATEGY_SALZ_BIZ_NO_name,1,,,0
STUS_UPDATE_DT,STUS_UPDATE_DT,1,,,0
STUS_UPDATE_DT_name,STUS_UPDATE_DT_name,1,,,0
SUBACCOUNT_CD_desc,SUBACCOUNT_CD_desc,1,,,0
SUBACCOUNT_CD_name,SUBACCOUNT_CD_name,1,,,0
SUM_INCOME_SECTION,SUM_INCOME_SECTION,1,,,0
SUM_INCOME_SECTION_desc,SUM_INCOME_SECTION_desc,1,,,0
SUM_INCOME_SECTION_name,SUM_INCOME_SECTION_name,1,,,0
SUM_SECTION,SUM_SECTION,1,,,0
SUM_SECTION_name,SUM_SECTION_name,1,,,0
SUM_SORTING_CAT,SUM_SORTING_CAT,1,,,0
SUM_SORTING_CAT_name,SUM_SORTING_CAT_name,1,,,0
SUM_TYP_VOL,SUM_TYP_VOL,1,,,0
SUM_TYP_VOL_name,SUM_TYP_VOL_name,1,,,0
SVC,SVC,1,,,0
SVC_CAT,SVC_CAT,1,,,0
SVC_CAT_name,SVC_CAT_name,1,,,0
SVC_IN_EDI,SVC_IN_EDI,1,,,0
SVC_IN_EDI_name,SVC_IN_EDI_name,1,,,0
SVC_ISSUE,SVC_ISSUE,1,,,0
SVC_ISSUE_name,SVC_ISSUE_name,1,,,0
SVC_name,SVC_name,1,,,0
SVC_TYP_CD1_name,SVC_TYP_CD1_name,1,,,0
SVC_TYP_CD2_name,SVC_TYP_CD2_name,1,,,0
SVC_TYP_CD3_name,SVC_TYP_CD3_name,1,,,0
SVC_TYP_CD4_name,SVC_TYP_CD4_name,1,,,0
SYSTEM,SYSTEM,1,,,0
SYSTEM_name,SYSTEM_name,1,,,0
TA_ACEPTANCE_TYP,TA_ACEPTANCE_TYP,1,,,0
TA_ACEPTANCE_TYP_desc,TA_ACEPTANCE_TYP_desc,1,,,0
TA_ACEPTANCE_TYP_name,TA_ACEPTANCE_TYP_name,1,,,0
TA_SALZ_STUS,TA_SALZ_STUS,1,,,0
TA_SALZ_STUS_name,TA_SALZ_STUS_name,1,,,0
TML_CAT,TML_CAT,1,,,0
TML_CAT_CD_desc,TML_CAT_CD_desc,1,,,0
TML_CAT_CD_name,TML_CAT_CD_name,1,,,0
TML_CAT_desc,TML_CAT_desc,1,,,0
TML_CAT_name,TML_CAT_name,1,,,0
TOSS_CD_name,TOSS_CD_name,1,,,0
TRANS_FEE_CAT,TRANS_FEE_CAT,1,,,0
TRANS_FEE_CAT_desc,TRANS_FEE_CAT_desc,1,,,0
TRANS_FEE_CAT_name,TRANS_FEE_CAT_name,1,,,0
UNIT_WORK,UNIT_WORK,1,,,0
UNIT_WORK_desc,UNIT_WORK_desc,1,,,0
UNIT_WORK_name,UNIT_WORK_name,1,,,0
UNREGISTER_RSLT_name,UNREGISTER_RSLT_name,1,,,0
VENDOR,VENDOR,1,,,0
VENDOR_name,VENDOR_name,1,,,0
VHCL_FUEL,VHCL_FUEL,1,,,0
VHCL_FUEL_name,VHCL_FUEL_name,1,,,0
VHCL_MODEL_name,VHCL_MODEL_name,1,,,0
VHCL_SHAPE,VHCL_SHAPE,1,,,0
VHCL_SHAPE_name,VHCL_SHAPE_name,1,,,0
VHCL_STRUCT_CHG,VHCL_STRUCT_CHG,1,,,0
VHCL_STRUCT_CHG_name,VHCL_STRUCT_CHG_name,1,,,0
WBL_CHG_CAT,WBL_CHG_CAT,1,,,0
WBL_CHG_CAT_name,WBL_CHG_CAT_name,1,,,0
WBL_CLSF_name,WBL_CLSF_name,1,,,0
WBL_DEL_CAT_name,WBL_DEL_CAT_name,1,,,0
WBL_DIV_CAT,WBL_DIV_CAT,1,,,0
WBL_DIV_CAT_name,WBL_DIV_CAT_name,1,,,0
WBL_DLV_CAT,WBL_DLV_CAT,1,,,0
WBL_DLV_CAT_name,WBL_DLV_CAT_name,1,,,0
WBL_TYP,WBL_TYP,1,,,0
WBL_TYP_desc,WBL_TYP_desc,1,,,0
WBL_TYP_name,WBL_TYP_name,1,,,0
WBL_UPDATE_CAT,WBL_UPDATE_CAT,1,,,0
WBL_UPDATE_CAT_name,WBL_UPDATE_CAT_name,1,,,0
WH_IN_TM_name,WH_IN_TM_name,1,,,0
WORK_PLACE_CAT,WORK_PLACE_CAT,1,,,0
WORK_PLACE_CAT_name,WORK_PLACE_CAT_name,1,,,0
WORK_PLACE_TYP,WORK_PLACE_TYP,1,,,0
WORK_PLACE_TYP_name,WORK_PLACE_TYP_name,1,,,0
WRK,WRK,1,,,0
WRKCD,WRKCD,1,,,0
WRKCD_desc,WRKCD_desc,1,,,0
WRKCD_name,WRKCD_name,1,,,0
WRK_CAT,WRK_CAT,1,,,0
WRK_CAT_desc,WRK_CAT_desc,1,,,0
WRK_CAT_name,WRK_CAT_name,1,,,0
WRK_DUPE_CAT,WRK_DUPE_CAT,1,,,0
WRK_DUPE_CAT_name,WRK_DUPE_CAT_name,1,,,0
WRK_name,WRK_name,1,,,0
Aircraft_Manufacturer,Aircraft_Manufacturer,,,,0
Aircraft_Manufacturer_Name,Aircraft_Manufacturer_Name,,,,0
Aircraft_Model,Aircraft_Model,1,,,0
Aircraft_Type,Aircraft_Type,1,,,0
Airline_IATA,Airline_IATA,1,,,0
Airline_ICAO,Airline_ICAO,1,,,0
Airline_Name,Airline_Name,1,,,0
Airline_Name_Eng,Airline_Name_Eng,1,,,0
Airport_IATA,Airport_IATA,1,,,0
Airport_ICAO,Airport_ICAO,1,,,0
Airport_Name,Airport_Name,1,,,0
ATC명5,ATC명5,1,,,0
ATC코드,ATC코드,1,,,0
City_Eng,City_Eng,1,,,0
Country,Country,1,,,0
Country_Eng,Country_Eng,1,,,0
Country_ISO2,Country_ISO2,1,,,0
Country_ISO3,Country_ISO3,1,,,0
Currency_Code,Currency_Code,1,,,0
Currency_Name,Currency_Name,1,,,0
HS부호,HS부호,1,,,0
HS영문품목명9,HS영문품목명9,1,,,0
HS한글품목명9,HS한글품목명9,1,,,0
Region,Region,1,,,0
Region_Eng,Region_Eng,1,,,0
Seaport_Code,Seaport_Code,1,,,0
Seaport_Name9,Seaport_Name9,1,,,0
UnitCode,Unit,1,,,0
건물용도,건물용도,1,,,0
건설기계,건설기계,1,,,0
건축물구조,건축물구조,1,,,0
계정과목,계정과목,1,,,0
공사종류,공사종류,1,,,0
광물,광물,1,,,0
국가명,국가명,1,,,0
군구명,군구명,1,,,0
금융회사명,금융회사명,1,,,0
기관명,기관명,1,,,0
농림수산시설,농림수산시설,1,,,0
농림축산품종명,농림축산품종명,1,,,0
농약명9,농약명9,1,,,0
단위대문자,단위_대문자,,,,0
단위코드,단위코드,1,,,0
대출종류,대출종류,1,,,0
대학교,대학교,1,,,0
도로명,도로명,1,,,0
도로명코드,도로명코드,1,,,0
면허세,면허세,1,,,0
법인번호7,법인번호7,1,,,0
법정동,법정동,1,,,0
법정동코드,법정동코드,1,,,0
법정리,법정리,1,,,0
병원명,병원명,1,,,0
보훈분류,보훈분류,1,,,0
사업자등록번호3,유효사업자번호3,1,,,0
사업자등록번호5,사업자등록번호5,1,,,0
사업자등록번호7,사업자등록번호7,1,,,0
사업자명5,사업자명5,1,,,0
상병코드,상병코드,1,,,0
상호명5,상호명5,1,,,0
선박명5,선박명5,1,,,0
선박코드,선박코드,1,1,선박,1
선사명5,선사명5,1,,,0
선사코드,선사코드,1,,,0
수산업종,수산업종,1,,,0
시군구명,시군구명,1,,,0
시도명,시도명,1,,,0
시설물,시설물,1,,,0
식약업체명5,식약업체명5,1,,,0
식약제품명5,식약제품명5,1,,,0
식약주성분코드,식약주성분코드,1,,,0
업종,업종,1,,,0
업종명2,업종명2,1,,,0
업태명2,업태명2,1,,,0
우편번호3,우편번호3,1,,,0
우편번호구3,우편번호구3,1,,,0
운송사업자5,운송사업자5,1,,,0
원재료_영문명9,원재료_영문명9,1,,,0
원재료_학명9,원재료_학명9,1,,,0
원재료명9,원재료명9,1,,,0
원재료코드,원재료코드,1,,,0
유통판매업5,유통판매업5,1,,,0
읍면동,읍면동,1,,,0
의료기관분류,의료기관분류,1,,,0
의약품명5,의약품명5,1,,,0
의약품목기준코드,의약품목기준코드,1,,,0
의약품업체명5,의약품업체명5,1,,,0
의약품표준코드,의약품표준코드,1,,,0
자격면허명,자격면허명,1,,,0
자동차정비업체5,자동차정비업체5,1,,,0
자산계정,자산계정,1,,,0
장애등급,장애등급,1,,,0
전표종류,전표종류,1,,,0
조직,조직,1,,,0
종교,종교,1,,,0
좌표계,좌표계,1,,,0
주거형태,주거형태,1,,,0
증권종목코드,증권종목코드,1,,,0
지목,지목,1,,,0
지방세목,지방세목,,,,0
지방세분류,지방세분류,1,,,0
직군,직군,1,,,0
직무,직무,1,,,0
직업명,직업명,,,,0
직업분류,직업분류,1,,,0
직책,직책,1,,,0
질병명5,질병명5,1,,,0
질병분류코드,질병분류코드,1,,,0
질병영문명5,질병영문명5,1,,,0
차종,차종,1,,,0
표준산업대분류,표준산업대분류,1,,,0
표준산업분류,표준산업분류,1,,,0
표준산업세분류,표준산업세분류,1,,,0
표준산업세세분류,표준산업세세분류,1,,,0
표준산업소분류,표준산업소분류,1,,,0
품목_영문명,품목_영문명,1,,,0
품목명,품목명,1,,,0
품목분류코드,품목분류코드,1,,,0
항공기제작사9,항공기제작사9,1,,,0
항공기종류,항공기종류,1,,,0
행정동,행정동,1,,,0
행정동코드,행정동코드,1,,,0
가족관계,가족관계,1,,,0
연월,연월,1,,,0
연월일,연월일,1,,,0
전화국가번호,전화국가번호,1,,,0
전화지역번호,전화지역번호,1,,,0
주민번호6자리,주민번호6자리,1,,,0
한국성씨,한국성씨,,,,0
한국성씨_한자,한국성씨_한자,,,,0
한글성명,한글성명,1,,,0
