FileNo,FilePath,FileName,MasterType,FileSize,RecordCnt,ColumnCnt,SamplingRows,Sampling(%),WorkDate
1,C:/projects/myproject/QDQM/DataSense/1_Master_Code/Source/test1_sum.csv,test1_sum.csv,Master,85,4,3,4,100.0,2025-12-16
2,C:/projects/myproject/QDQM/DataSense/1_Master_Code/Source/test1_sum2.csv,test1_sum2.csv,Master,177,10,3,10,100.0,2025-12-16
3,C:/projects/myproject/QDQM/DataSense/1_Master_Code/Source/test2.csv,test2.csv,Master,113,4,3,4,100.0,2025-12-16
4,C:/projects/myproject/QDQM/DataSense/1_Master_Code/Source/test3.csv,test3.csv,Master,180,8,2,8,100.0,2025-12-16
5,C:/projects/myproject/QDQM/DataSense/1_Master_Code/Source/test1.csv,test1.csv,Master,467,12,7,12,100.0,2025-12-16
6,C:/projects/myproject/QDQM/DataSense/1_Master_Code/Source/간선사업자.csv,간선사업자.csv,Master,47384,801,6,801,100.0,2025-12-16
7,C:/projects/myproject/QDQM/DataSense/1_Master_Code/Source/test.csv,test.csv,Master,8848,32,21,32,100.0,2025-12-16
8,C:/projects/myproject/QDQM/DataSense/1_Master_Code/Source/관리회계_사업.csv,관리회계_사업.csv,Master,38768,412,13,412,100.0,2025-12-16
9,C:/projects/myproject/QDQM/DataSense/1_Master_Code/Source/관리회계_조직.csv,관리회계_조직.csv,Master,40517,420,13,420,100.0,2025-12-16
10,C:/projects/myproject/QDQM/DataSense/1_Master_Code/Source/COMPANY.csv,COMPANY.csv,Master,294915,1474,22,1474,100.0,2025-12-16
11,C:/projects/myproject/QDQM/DataSense/1_Master_Code/Source/개인고객.csv,개인고객.csv,Master,355098,2272,23,2272,100.0,2025-12-16
12,C:/projects/myproject/QDQM/DataSense/1_Master_Code/Source/상품분류.csv,상품분류.csv,Master,28199,152,11,152,100.0,2025-12-16
13,C:/projects/myproject/QDQM/DataSense/1_Master_Code/Source/ORGNIZATION.csv,ORGNIZATION.csv,Master,570805,3836,22,3836,100.0,2025-12-16
14,C:/projects/myproject/QDQM/DataSense/1_Master_Code/Source/PRM계약.csv,PRM계약.csv,Master,714974,3825,18,3825,100.0,2025-12-16
15,C:/projects/myproject/QDQM/DataSense/1_Master_Code/Source/배송점.csv,배송점.csv,Master,339271,2530,17,2530,100.0,2025-12-16
16,C:/projects/myproject/QDQM/DataSense/1_Master_Code/Source/수입관리점소.csv,수입관리점소.csv,Master,45912,358,14,358,100.0,2025-12-16
17,C:/projects/myproject/QDQM/DataSense/1_Master_Code/Source/관리회계_고객.csv,관리회계_고객.csv,Master,726648,10000,9,10000,100.0,2025-12-16
18,C:/projects/myproject/QDQM/DataSense/1_Master_Code/Source/고객마스터.csv,고객마스터.csv,Master,1315475,10000,15,10000,100.0,2025-12-16
19,C:/projects/myproject/QDQM/DataSense/1_Master_Code/Source/OneClick고객.csv,OneClick고객.csv,Master,6269069,46966,11,10000,21.29,2025-12-16
20,C:/projects/myproject/QDQM/DataSense/1_Master_Code/Source/지점코드.csv,지점코드.csv,Master,11040,196,7,196,100.0,2025-12-16
21,C:/projects/myproject/QDQM/DataSense/1_Master_Code/Source/영업소.csv,영업소.csv,Master,31749,146,28,146,100.0,2025-12-16
22,C:/projects/myproject/QDQM/DataSense/1_Master_Code/Source/허브터미널.csv,허브터미널.csv,Master,1867,12,14,12,100.0,2025-12-16
23,C:/projects/myproject/QDQM/DataSense/1_Master_Code/Source/서브터미널.csv,서브터미널.csv,Master,14708589,1048316,13,10000,0.95,2025-12-16
24,C:/projects/myproject/QDQM/DataSense/1_Master_Code/Source/터미널마스터.csv,터미널마스터.csv,Master,74402,557,14,557,100.0,2025-12-16
25,C:/projects/myproject/QDQM/DataSense/1_Master_Code/Source/집하점.csv,집하점.csv,Master,339271,2530,17,2530,100.0,2025-12-16
26,C:/projects/myproject/QDQM/DataSense/1_Master_Code/Source/사원마스터.csv,사원마스터.csv,Master,720123,10000,17,10000,100.0,2025-12-16
27,C:/projects/myproject/QDQM/DataSense/1_Master_Code/Source/계약마스터.csv,계약마스터.csv,Master,1573550,10000,19,10000,100.0,2025-12-16
28,C:/projects/myproject/QDQM/DataSense/1_Master_Code/Source/수입관리_고객.csv,수입관리_고객.csv,Master,1276798,10000,16,10000,100.0,2025-12-16
29,C:/projects/myproject/QDQM/DataSense/1_Master_Code/Source/기업고객.csv,기업고객.csv,Master,1626237,7392,31,7392,100.0,2025-12-16
30,C:/projects/myproject/QDQM/DataSense/1_Master_Code/Source/CUSTOMER.csv,CUSTOMER.csv,Master,2077947,10000,31,10000,100.0,2025-12-16
31,C:/projects/myproject/QDQM/DataSense/1_Master_Code/Source/CONTRACT.csv,CONTRACT.csv,Master,2654142,10000,32,10000,100.0,2025-12-16
32,C:/projects/myproject/QDQM/DataSense/2_Operation_Code/Source/관리회계_계정그룹.csv,관리회계_계정그룹.csv,Operation,524,3,9,3,100.0,2025-12-16
33,C:/projects/myproject/QDQM/DataSense/2_Operation_Code/Source/관리회계_계정그룹상세.csv,관리회계_계정그룹상세.csv,Operation,10834,93,9,93,100.0,2025-12-16
34,C:/projects/myproject/QDQM/DataSense/2_Operation_Code/Source/관리회계_분류공통코드.csv,관리회계_분류공통코드.csv,Operation,3030,26,8,26,100.0,2025-12-16
35,C:/projects/myproject/QDQM/DataSense/2_Operation_Code/Source/계정과목코드.csv,계정과목코드.csv,Operation,31559,410,11,410,100.0,2025-12-16
36,C:/projects/myproject/QDQM/DataSense/2_Operation_Code/Source/관리회계_조직_test.csv,관리회계_조직_test.csv,Operation,1251,12,13,12,100.0,2025-12-16
37,C:/projects/myproject/QDQM/DataSense/2_Operation_Code/Source/관리회계_조직그룹.csv,관리회계_조직그룹.csv,Operation,1491,10,9,10,100.0,2025-12-16
38,C:/projects/myproject/QDQM/DataSense/2_Operation_Code/Source/계정코드관리.csv,계정코드관리.csv,Operation,59272,330,13,330,100.0,2025-12-16
39,C:/projects/myproject/QDQM/DataSense/2_Operation_Code/Source/관리회계_공통코드.csv,관리회계_공통코드.csv,Operation,16633,114,15,114,100.0,2025-12-16
40,C:/projects/myproject/QDQM/DataSense/2_Operation_Code/Source/관리회계BI_계정.csv,관리회계BI_계정.csv,Operation,62943,348,13,348,100.0,2025-12-16
41,C:/projects/myproject/QDQM/DataSense/2_Operation_Code/Source/관리회계QLIK_조직.csv,관리회계QLIK_조직.csv,Operation,47233,398,14,398,100.0,2025-12-16
42,C:/projects/myproject/QDQM/DataSense/2_Operation_Code/Source/관리회계_조직그룹상세.csv,관리회계_조직그룹상세.csv,Operation,40495,349,9,349,100.0,2025-12-16
43,C:/projects/myproject/QDQM/DataSense/2_Operation_Code/Source/관리회계BI_사업.csv,관리회계BI_사업.csv,Operation,49160,207,19,207,100.0,2025-12-16
44,C:/projects/myproject/QDQM/DataSense/2_Operation_Code/Source/관리회계BI_조직.csv,관리회계BI_조직.csv,Operation,97583,420,17,420,100.0,2025-12-16
45,C:/projects/myproject/QDQM/DataSense/2_Operation_Code/Source/관리회계계정.csv,관리회계계정.csv,Operation,56930,410,12,410,100.0,2025-12-16
46,C:/projects/myproject/QDQM/DataSense/2_Operation_Code/Source/작업코드.csv,작업코드.csv,Operation,8711,79,6,79,100.0,2025-12-16
47,C:/projects/myproject/QDQM/DataSense/2_Operation_Code/Source/상품코드.csv,상품코드.csv,Operation,29156,152,16,152,100.0,2025-12-16
48,C:/projects/myproject/QDQM/DataSense/2_Operation_Code/Source/조직코드관리.csv,조직코드관리.csv,Operation,82540,420,15,420,100.0,2025-12-16
49,C:/projects/myproject/QDQM/DataSense/2_Operation_Code/Source/사업코드관리.csv,사업코드관리.csv,Operation,87416,346,20,346,100.0,2025-12-16
50,C:/projects/myproject/QDQM/DataSense/2_Operation_Code/Source/택배관리회계조직매핑.csv,택배관리회계조직매핑.csv,Operation,1570,48,4,48,100.0,2025-12-16
51,C:/projects/myproject/QDQM/DataSense/2_Operation_Code/Source/선석.csv,선석.csv,Operation,126874,978,19,978,100.0,2025-12-16
52,C:/projects/myproject/QDQM/DataSense/2_Operation_Code/Source/택배BI_조직.csv,택배BI_조직.csv,Operation,408675,2692,12,2692,100.0,2025-12-16
53,C:/projects/myproject/QDQM/DataSense/2_Operation_Code/Source/사업자등록번호정보.csv,사업자등록번호정보.csv,Operation,9200202,76222,9,10000,13.12,2025-12-16
54,C:/projects/myproject/QDQM/DataSense/2_Operation_Code/Source/법인정보.csv,법인정보.csv,Operation,2781272,21844,7,10000,45.78,2025-12-16
55,C:/projects/myproject/QDQM/DataSense/2_Operation_Code/Source/선박.csv,선박.csv,Operation,1981457,25918,13,10000,38.58,2025-12-16
56,C:/projects/myproject/QDQM/DataSense/2_Operation_Code/Source/택배_조직도.csv,택배_조직도.csv,Operation,1075837,3836,41,3836,100.0,2025-12-16
57,C:/projects/myproject/QDQM/DataSense/2_Operation_Code/Source/사원기본.csv,사원기본.csv,Operation,16556331,132328,30,10000,7.56,2025-12-16
58,C:/projects/myproject/QDQM/DataSense/2_Operation_Code/Source/원가인명정보.csv,원가인명정보.csv,Operation,10215480,67463,21,10000,14.82,2025-12-16
59,C:/projects/myproject/QDQM/DataSense/2_Operation_Code/Source/사용자.csv,사용자.csv,Operation,2077669,7287,42,7287,100.0,2025-12-16
60,C:/projects/myproject/QDQM/DataSense/2_Operation_Code/Source/택배_고객.csv,택배_고객.csv,Operation,101156974,226684,98,10000,4.41,2025-12-16
61,C:/projects/myproject/QDQM/DataSense/3_Attribute_Code/Source/미배송사유코드.csv,미배송사유코드.csv,Attribute,9741,104,6,104,100.0,2025-12-16
62,C:/projects/myproject/QDQM/DataSense/3_Attribute_Code/Source/고객유형.csv,고객유형.csv,Attribute,694,5,8,5,100.0,2025-12-16
63,C:/projects/myproject/QDQM/DataSense/3_Attribute_Code/Source/기업설립형태.csv,기업설립형태.csv,Attribute,1109,11,9,11,100.0,2025-12-16
64,C:/projects/myproject/QDQM/DataSense/3_Attribute_Code/Source/결제조건.csv,결제조건.csv,Attribute,1836,19,9,19,100.0,2025-12-16
65,C:/projects/myproject/QDQM/DataSense/3_Attribute_Code/Source/불량등급.csv,불량등급.csv,Attribute,1892,19,9,19,100.0,2025-12-16
66,C:/projects/myproject/QDQM/DataSense/3_Attribute_Code/Source/작업코드.csv,작업코드.csv,Attribute,8711,79,6,79,100.0,2025-12-16
67,C:/projects/myproject/QDQM/DataSense/3_Attribute_Code/Source/신용공여기간.csv,신용공여기간.csv,Attribute,3932,43,11,43,100.0,2025-12-16
68,C:/projects/myproject/QDQM/DataSense/3_Attribute_Code/Source/신용등급.csv,신용등급.csv,Attribute,691,6,11,6,100.0,2025-12-16
69,C:/projects/myproject/QDQM/DataSense/3_Attribute_Code/Source/조직_수입관리.csv,조직_수입관리.csv,Attribute,22021,196,12,196,100.0,2025-12-16
70,C:/projects/myproject/QDQM/DataSense/3_Attribute_Code/Source/사업구분.csv,사업구분.csv,Attribute,59263,357,19,357,100.0,2025-12-16
71,C:/projects/myproject/QDQM/DataSense/3_Attribute_Code/Source/조직코드관리.csv,조직코드관리.csv,Attribute,82540,420,15,420,100.0,2025-12-16
72,C:/projects/myproject/QDQM/DataSense/3_Attribute_Code/Source/조직터미널마스터.csv,조직터미널마스터.csv,Attribute,78828,557,22,557,100.0,2025-12-16
73,C:/projects/myproject/QDQM/DataSense/3_Attribute_Code/Source/택배BI_조직.csv,택배BI_조직.csv,Attribute,408675,2692,12,2692,100.0,2025-12-16
74,C:/projects/myproject/QDQM/DataSense/4_Common_Code/csv/ACCUSE_PROCESS_STUS.csv,ACCUSE_PROCESS_STUS.csv,Common,56,4,1,4,100.0,2025-12-16
75,C:/projects/myproject/QDQM/DataSense/4_Common_Code/csv/ACCUSE_PROCESS_STUS_name.csv,ACCUSE_PROCESS_STUS_name.csv,Common,88,4,1,4,100.0,2025-12-16
76,C:/projects/myproject/QDQM/DataSense/4_Common_Code/csv/ACC_TYP_CD_name.csv,ACC_TYP_CD_name.csv,Common,67,4,1,4,100.0,2025-12-16
77,C:/projects/myproject/QDQM/DataSense/4_Common_Code/csv/ACEPTANCE_TYP_CD_name.csv,ACEPTANCE_TYP_CD_name.csv,Common,285,18,1,18,100.0,2025-12-16
78,C:/projects/myproject/QDQM/DataSense/4_Common_Code/csv/ACEPTANCE_TYP_name.csv,ACEPTANCE_TYP_name.csv,Common,283,19,1,19,100.0,2025-12-16
79,C:/projects/myproject/QDQM/DataSense/4_Common_Code/csv/ADD_SVC_TYP.csv,ADD_SVC_TYP.csv,Common,49,4,1,4,100.0,2025-12-16
80,C:/projects/myproject/QDQM/DataSense/4_Common_Code/csv/ADD_SVC_TYP_name.csv,ADD_SVC_TYP_name.csv,Common,86,4,1,4,100.0,2025-12-16
81,C:/projects/myproject/QDQM/DataSense/4_Common_Code/csv/ADD_SVC_TYP_desc.csv,ADD_SVC_TYP_desc.csv,Common,87,4,1,4,100.0,2025-12-16
82,C:/projects/myproject/QDQM/DataSense/4_Common_Code/csv/ALIMTALK_WRK_CD.csv,ALIMTALK_WRK_CD.csv,Common,65,4,1,4,100.0,2025-12-16
83,C:/projects/myproject/QDQM/DataSense/4_Common_Code/csv/ALIMTALK_WRK_CD_name.csv,ALIMTALK_WRK_CD_name.csv,Common,89,4,1,4,100.0,2025-12-16
84,C:/projects/myproject/QDQM/DataSense/4_Common_Code/csv/ALLOCATE_SOURCE_TYPE_CD.csv,ALLOCATE_SOURCE_TYPE_CD.csv,Common,103,5,1,5,100.0,2025-12-16
85,C:/projects/myproject/QDQM/DataSense/4_Common_Code/csv/AIR_TML_GBN_name.csv,AIR_TML_GBN_name.csv,Common,56,4,1,4,100.0,2025-12-16
86,C:/projects/myproject/QDQM/DataSense/4_Common_Code/csv/ALLOCATE_SOURCE_TYPE_CD_desc.csv,ALLOCATE_SOURCE_TYPE_CD_desc.csv,Common,37,1,1,1,100.0,2025-12-16
87,C:/projects/myproject/QDQM/DataSense/4_Common_Code/csv/APR_PRCR_RSLT.csv,APR_PRCR_RSLT.csv,Common,69,6,1,6,100.0,2025-12-16
88,C:/projects/myproject/QDQM/DataSense/4_Common_Code/csv/APRV_STUS.csv,APRV_STUS.csv,Common,58,5,1,5,100.0,2025-12-16
89,C:/projects/myproject/QDQM/DataSense/4_Common_Code/csv/ALLOCATE_SOURCE_TYPE_CD_name.csv,ALLOCATE_SOURCE_TYPE_CD_name.csv,Common,170,5,1,5,100.0,2025-12-16
90,C:/projects/myproject/QDQM/DataSense/4_Common_Code/csv/APR_PRCR_RSLT_name.csv,APR_PRCR_RSLT_name.csv,Common,115,6,1,6,100.0,2025-12-16
91,C:/projects/myproject/QDQM/DataSense/4_Common_Code/csv/AREA_CAT_DTL.csv,AREA_CAT_DTL.csv,Common,37,5,1,5,100.0,2025-12-16
92,C:/projects/myproject/QDQM/DataSense/4_Common_Code/csv/APRV_STUS_name.csv,APRV_STUS_name.csv,Common,65,5,1,5,100.0,2025-12-16
93,C:/projects/myproject/QDQM/DataSense/4_Common_Code/csv/AREA_CAT_DTL_name.csv,AREA_CAT_DTL_name.csv,Common,75,5,1,5,100.0,2025-12-16
94,C:/projects/myproject/QDQM/DataSense/4_Common_Code/csv/AREA_CAT.csv,AREA_CAT.csv,Common,49,9,1,9,100.0,2025-12-16
95,C:/projects/myproject/QDQM/DataSense/4_Common_Code/csv/AREA_CAT_name.csv,AREA_CAT_name.csv,Common,123,9,1,9,100.0,2025-12-16
96,C:/projects/myproject/QDQM/DataSense/4_Common_Code/csv/ARRV_SCAN_CAT.csv,ARRV_SCAN_CAT.csv,Common,34,4,1,4,100.0,2025-12-16
97,C:/projects/myproject/QDQM/DataSense/4_Common_Code/csv/ARRV_SCAN_CAT_name.csv,ARRV_SCAN_CAT_name.csv,Common,73,4,1,4,100.0,2025-12-16
98,C:/projects/myproject/QDQM/DataSense/4_Common_Code/csv/B2B_BOX_TYP.csv,B2B_BOX_TYP.csv,Common,40,6,1,6,100.0,2025-12-16
99,C:/projects/myproject/QDQM/DataSense/4_Common_Code/csv/B2B_BOX_TYP_name.csv,B2B_BOX_TYP_name.csv,Common,84,6,1,6,100.0,2025-12-16
100,C:/projects/myproject/QDQM/DataSense/4_Common_Code/csv/BANK_CD_name.csv,BANK_CD_name.csv,Common,886,53,1,53,100.0,2025-12-16
101,C:/projects/myproject/QDQM/DataSense/4_Common_Code/csv/BANK_CURRENCY_CODE_desc.csv,BANK_CURRENCY_CODE_desc.csv,Common,746,26,1,26,100.0,2025-12-16
102,C:/projects/myproject/QDQM/DataSense/4_Common_Code/csv/BANK_CURRENCY_CODE_name.csv,BANK_CURRENCY_CODE_name.csv,Common,158,26,1,26,100.0,2025-12-16
103,C:/projects/myproject/QDQM/DataSense/4_Common_Code/csv/BIZ_PARTNER.csv,BIZ_PARTNER.csv,Common,57,6,1,6,100.0,2025-12-16
104,C:/projects/myproject/QDQM/DataSense/4_Common_Code/csv/BIZ_PARTNER_CAT.csv,BIZ_PARTNER_CAT.csv,Common,61,6,1,6,100.0,2025-12-16
105,C:/projects/myproject/QDQM/DataSense/4_Common_Code/csv/BIZ_PARTNER_CAT_name.csv,BIZ_PARTNER_CAT_name.csv,Common,113,6,1,6,100.0,2025-12-16
106,C:/projects/myproject/QDQM/DataSense/4_Common_Code/csv/CALC_LABOR_ACCOUNT_CD_desc.csv,CALC_LABOR_ACCOUNT_CD_desc.csv,Common,35,1,1,1,100.0,2025-12-16
107,C:/projects/myproject/QDQM/DataSense/4_Common_Code/csv/BIZ_PARTNER_name.csv,BIZ_PARTNER_name.csv,Common,109,6,1,6,100.0,2025-12-16
108,C:/projects/myproject/QDQM/DataSense/4_Common_Code/csv/BIZ_TYP.csv,BIZ_TYP.csv,Common,78,9,1,9,100.0,2025-12-16
109,C:/projects/myproject/QDQM/DataSense/4_Common_Code/csv/BIZ_TYP_name.csv,BIZ_TYP_name.csv,Common,136,10,1,10,100.0,2025-12-16
110,C:/projects/myproject/QDQM/DataSense/4_Common_Code/csv/BOX_TYP_name.csv,BOX_TYP_name.csv,Common,253,13,1,13,100.0,2025-12-16
111,C:/projects/myproject/QDQM/DataSense/4_Common_Code/csv/CALC_LABOR_ACCOUNT_CD.csv,CALC_LABOR_ACCOUNT_CD.csv,Common,85,7,1,7,100.0,2025-12-16
112,C:/projects/myproject/QDQM/DataSense/4_Common_Code/csv/BLDG_SERCH_CAT_name.csv,BLDG_SERCH_CAT_name.csv,Common,53,4,1,4,100.0,2025-12-16
113,C:/projects/myproject/QDQM/DataSense/4_Common_Code/csv/BIZ_TYP_desc.csv,BIZ_TYP_desc.csv,Common,148,10,1,10,100.0,2025-12-16
114,C:/projects/myproject/QDQM/DataSense/4_Common_Code/csv/CALC_LABOR_ACCOUNT_CD_name.csv,CALC_LABOR_ACCOUNT_CD_name.csv,Common,150,7,1,7,100.0,2025-12-16
115,C:/projects/myproject/QDQM/DataSense/4_Common_Code/csv/BLDG_DTL_CAT_name.csv,BLDG_DTL_CAT_name.csv,Common,66,4,1,4,100.0,2025-12-16
116,C:/projects/myproject/QDQM/DataSense/4_Common_Code/csv/CALENDAR_DOW.csv,CALENDAR_DOW.csv,Common,52,7,1,7,100.0,2025-12-16
117,C:/projects/myproject/QDQM/DataSense/4_Common_Code/csv/CALENDAR_DOW_desc.csv,CALENDAR_DOW_desc.csv,Common,88,6,1,6,100.0,2025-12-16
118,C:/projects/myproject/QDQM/DataSense/4_Common_Code/csv/CASH_SEARCH_TYPE_name.csv,CASH_SEARCH_TYPE_name.csv,Common,67,3,1,3,100.0,2025-12-16
119,C:/projects/myproject/QDQM/DataSense/4_Common_Code/csv/CALENDAR_DOW_name.csv,CALENDAR_DOW_name.csv,Common,99,7,1,7,100.0,2025-12-16
120,C:/projects/myproject/QDQM/DataSense/4_Common_Code/csv/CERT_DOC_KIND.csv,CERT_DOC_KIND.csv,Common,56,6,1,6,100.0,2025-12-16
121,C:/projects/myproject/QDQM/DataSense/4_Common_Code/csv/CERT_DOC_KIND_name.csv,CERT_DOC_KIND_name.csv,Common,92,6,1,6,100.0,2025-12-16
122,C:/projects/myproject/QDQM/DataSense/4_Common_Code/csv/CASH_SEARCH_TYPE.csv,CASH_SEARCH_TYPE.csv,Common,48,5,1,5,100.0,2025-12-16
123,C:/projects/myproject/QDQM/DataSense/4_Common_Code/csv/CGO_TYP_name.csv,CGO_TYP_name.csv,Common,211,16,1,16,100.0,2025-12-16
124,C:/projects/myproject/QDQM/DataSense/4_Common_Code/csv/CGO_CAT_CD_name.csv,CGO_CAT_CD_name.csv,Common,182,14,1,14,100.0,2025-12-16
125,C:/projects/myproject/QDQM/DataSense/4_Common_Code/csv/CGO_TYP.csv,CGO_TYP.csv,Common,108,16,1,16,100.0,2025-12-16
126,C:/projects/myproject/QDQM/DataSense/4_Common_Code/csv/CHANEL_desc.csv,CHANEL_desc.csv,Common,72,7,1,7,100.0,2025-12-16
127,C:/projects/myproject/QDQM/DataSense/4_Common_Code/csv/CHANEL_name.csv,CHANEL_name.csv,Common,69,7,1,7,100.0,2025-12-16
128,C:/projects/myproject/QDQM/DataSense/4_Common_Code/csv/CHANEL.csv,CHANEL.csv,Common,61,7,1,7,100.0,2025-12-16
129,C:/projects/myproject/QDQM/DataSense/4_Common_Code/csv/CLM_CD_name.csv,CLM_CD_name.csv,Common,111,10,1,10,100.0,2025-12-16
130,C:/projects/myproject/QDQM/DataSense/4_Common_Code/csv/CLM_DTL_CD_name.csv,CLM_DTL_CD_name.csv,Common,704,39,1,39,100.0,2025-12-16
131,C:/projects/myproject/QDQM/DataSense/4_Common_Code/csv/CLM_STUS_CD_name.csv,CLM_STUS_CD_name.csv,Common,65,4,1,4,100.0,2025-12-16
132,C:/projects/myproject/QDQM/DataSense/4_Common_Code/csv/CLM_CUST_CD_name.csv,CLM_CUST_CD_name.csv,Common,50,5,1,5,100.0,2025-12-16
133,C:/projects/myproject/QDQM/DataSense/4_Common_Code/csv/CLAIM_CAT_CD_name.csv,CLAIM_CAT_CD_name.csv,Common,120,4,1,4,100.0,2025-12-16
134,C:/projects/myproject/QDQM/DataSense/4_Common_Code/csv/CNTRACT_CLOSE_name.csv,CNTRACT_CLOSE_name.csv,Common,89,6,1,6,100.0,2025-12-16
135,C:/projects/myproject/QDQM/DataSense/4_Common_Code/csv/CNFM_STUS_CD_name.csv,CNFM_STUS_CD_name.csv,Common,74,5,1,5,100.0,2025-12-16
136,C:/projects/myproject/QDQM/DataSense/4_Common_Code/csv/CNTRACT_EDI_RELATED_CAT.csv,CNTRACT_EDI_RELATED_CAT.csv,Common,56,7,1,7,100.0,2025-12-16
137,C:/projects/myproject/QDQM/DataSense/4_Common_Code/csv/CNTRACT_CAT_name.csv,CNTRACT_CAT_name.csv,Common,109,6,1,6,100.0,2025-12-16
138,C:/projects/myproject/QDQM/DataSense/4_Common_Code/csv/COLLECT_SHAPE_CD_name.csv,COLLECT_SHAPE_CD_name.csv,Common,62,3,1,3,100.0,2025-12-16
139,C:/projects/myproject/QDQM/DataSense/4_Common_Code/csv/COMODITY_CAT.csv,COMODITY_CAT.csv,Common,52,4,1,4,100.0,2025-12-16
140,C:/projects/myproject/QDQM/DataSense/4_Common_Code/csv/COMODITY_CAT_name.csv,COMODITY_CAT_name.csv,Common,119,4,1,4,100.0,2025-12-16
141,C:/projects/myproject/QDQM/DataSense/4_Common_Code/csv/COMODITY.csv,COMODITY.csv,Common,302,36,1,36,100.0,2025-12-16
142,C:/projects/myproject/QDQM/DataSense/4_Common_Code/csv/COMODITY_name.csv,COMODITY_name.csv,Common,541,37,1,37,100.0,2025-12-16
143,C:/projects/myproject/QDQM/DataSense/4_Common_Code/csv/CNTRACT_EDI_RELATED_CAT_name.csv,CNTRACT_EDI_RELATED_CAT_name.csv,Common,174,7,1,7,100.0,2025-12-16
144,C:/projects/myproject/QDQM/DataSense/4_Common_Code/csv/COMPLAIN_RSN_CD.csv,COMPLAIN_RSN_CD.csv,Common,111,12,1,12,100.0,2025-12-16
145,C:/projects/myproject/QDQM/DataSense/4_Common_Code/csv/COMPLAIN_TYP_CD_name.csv,COMPLAIN_TYP_CD_name.csv,Common,105,7,1,7,100.0,2025-12-16
146,C:/projects/myproject/QDQM/DataSense/4_Common_Code/csv/CONFIG_GROUP.csv,CONFIG_GROUP.csv,Common,49,4,1,4,100.0,2025-12-16
147,C:/projects/myproject/QDQM/DataSense/4_Common_Code/csv/CONFIG_GROUP_desc.csv,CONFIG_GROUP_desc.csv,Common,34,2,1,2,100.0,2025-12-16
148,C:/projects/myproject/QDQM/DataSense/4_Common_Code/csv/COMPLAIN_RSN_CD_name.csv,COMPLAIN_RSN_CD_name.csv,Common,198,12,1,12,100.0,2025-12-16
149,C:/projects/myproject/QDQM/DataSense/4_Common_Code/csv/CONFIG_GROUP_name.csv,CONFIG_GROUP_name.csv,Common,63,4,1,4,100.0,2025-12-16
150,C:/projects/myproject/QDQM/DataSense/4_Common_Code/csv/CONFIG_NO_TYP_name.csv,CONFIG_NO_TYP_name.csv,Common,70,4,1,4,100.0,2025-12-16
151,C:/projects/myproject/QDQM/DataSense/4_Common_Code/csv/CONFIG_NO_TYP_desc.csv,CONFIG_NO_TYP_desc.csv,Common,62,3,1,3,100.0,2025-12-16
152,C:/projects/myproject/QDQM/DataSense/4_Common_Code/csv/CONFIG_NO_TYP.csv,CONFIG_NO_TYP.csv,Common,45,4,1,4,100.0,2025-12-16
153,C:/projects/myproject/QDQM/DataSense/4_Common_Code/csv/CUSTOMER_COST_TYPE_CD.csv,CUSTOMER_COST_TYPE_CD.csv,Common,58,4,1,4,100.0,2025-12-16
154,C:/projects/myproject/QDQM/DataSense/4_Common_Code/csv/CURRENCY_CODE.csv,CURRENCY_CODE.csv,Common,58,8,1,8,100.0,2025-12-16
155,C:/projects/myproject/QDQM/DataSense/4_Common_Code/csv/CUSTOMER_SUBACCOUNT_CD_desc.csv,CUSTOMER_SUBACCOUNT_CD_desc.csv,Common,36,1,1,1,100.0,2025-12-16
156,C:/projects/myproject/QDQM/DataSense/4_Common_Code/csv/CUSTOMER_COST_TYPE_CD_desc.csv,CUSTOMER_COST_TYPE_CD_desc.csv,Common,140,4,1,4,100.0,2025-12-16
157,C:/projects/myproject/QDQM/DataSense/4_Common_Code/csv/CUSTOMER_COST_TYPE_CD_name.csv,CUSTOMER_COST_TYPE_CD_name.csv,Common,93,4,1,4,100.0,2025-12-16
158,C:/projects/myproject/QDQM/DataSense/4_Common_Code/csv/CUSTOMER_SLIP_TYPE_CD.csv,CUSTOMER_SLIP_TYPE_CD.csv,Common,46,5,1,5,100.0,2025-12-16
159,C:/projects/myproject/QDQM/DataSense/4_Common_Code/csv/CUSTOMER_SLIP_TYPE_CD_desc.csv,CUSTOMER_SLIP_TYPE_CD_desc.csv,Common,81,1,1,1,100.0,2025-12-16
160,C:/projects/myproject/QDQM/DataSense/4_Common_Code/csv/CUSTOMER_SUBACCOUNT_CD_name.csv,CUSTOMER_SUBACCOUNT_CD_name.csv,Common,153,8,1,8,100.0,2025-12-16
161,C:/projects/myproject/QDQM/DataSense/4_Common_Code/csv/CUST_CAT.csv,CUST_CAT.csv,Common,61,5,1,5,100.0,2025-12-16
162,C:/projects/myproject/QDQM/DataSense/4_Common_Code/csv/CUST_EDI_desc.csv,CUST_EDI_desc.csv,Common,56,1,1,1,100.0,2025-12-16
163,C:/projects/myproject/QDQM/DataSense/4_Common_Code/csv/CUSTOMER_SLIP_TYPE_CD_name.csv,CUSTOMER_SLIP_TYPE_CD_name.csv,Common,159,5,1,5,100.0,2025-12-16
164,C:/projects/myproject/QDQM/DataSense/4_Common_Code/csv/CUST_CAT_name.csv,CUST_CAT_name.csv,Common,69,5,1,5,100.0,2025-12-16
165,C:/projects/myproject/QDQM/DataSense/4_Common_Code/csv/DATA_CATEGORY_CD.csv,DATA_CATEGORY_CD.csv,Common,61,8,1,8,100.0,2025-12-16
166,C:/projects/myproject/QDQM/DataSense/4_Common_Code/csv/CUST_EDI.csv,CUST_EDI.csv,Common,2496,305,1,305,100.0,2025-12-16
167,C:/projects/myproject/QDQM/DataSense/4_Common_Code/csv/DATA_CATEGORY_CD_desc.csv,DATA_CATEGORY_CD_desc.csv,Common,136,8,1,8,100.0,2025-12-16
168,C:/projects/myproject/QDQM/DataSense/4_Common_Code/csv/CUST_TYP_VOL.csv,CUST_TYP_VOL.csv,Common,32,4,1,4,100.0,2025-12-16
169,C:/projects/myproject/QDQM/DataSense/4_Common_Code/csv/CUST_TYP_VOL_name.csv,CUST_TYP_VOL_name.csv,Common,63,4,1,4,100.0,2025-12-16
170,C:/projects/myproject/QDQM/DataSense/4_Common_Code/csv/CUST_PRINT_CAT.csv,CUST_PRINT_CAT.csv,Common,1334,164,1,164,100.0,2025-12-16
171,C:/projects/myproject/QDQM/DataSense/4_Common_Code/csv/DAYOFF_RSN_name.csv,DAYOFF_RSN_name.csv,Common,55,4,1,4,100.0,2025-12-16
172,C:/projects/myproject/QDQM/DataSense/4_Common_Code/csv/DATA_CATEGORY_CD_name.csv,DATA_CATEGORY_CD_name.csv,Common,124,8,1,8,100.0,2025-12-16
173,C:/projects/myproject/QDQM/DataSense/4_Common_Code/csv/CUST_EDI_name.csv,CUST_EDI_name.csv,Common,4542,297,1,297,100.0,2025-12-16
174,C:/projects/myproject/QDQM/DataSense/4_Common_Code/csv/DAYOFF_RSN.csv,DAYOFF_RSN.csv,Common,42,4,1,4,100.0,2025-12-16
175,C:/projects/myproject/QDQM/DataSense/4_Common_Code/csv/DB_TYP.csv,DB_TYP.csv,Common,44,5,1,5,100.0,2025-12-16
176,C:/projects/myproject/QDQM/DataSense/4_Common_Code/csv/DEPT_SCAN_CAT_name.csv,DEPT_SCAN_CAT_name.csv,Common,111,5,1,5,100.0,2025-12-16
177,C:/projects/myproject/QDQM/DataSense/4_Common_Code/csv/DEPT_SCAN_CAT.csv,DEPT_SCAN_CAT.csv,Common,38,5,1,5,100.0,2025-12-16
178,C:/projects/myproject/QDQM/DataSense/4_Common_Code/csv/DISCARD_ASK_RSN_name.csv,DISCARD_ASK_RSN_name.csv,Common,273,11,1,11,100.0,2025-12-16
179,C:/projects/myproject/QDQM/DataSense/4_Common_Code/csv/DISCARD_ASK_RSN.csv,DISCARD_ASK_RSN.csv,Common,152,20,1,20,100.0,2025-12-16
180,C:/projects/myproject/QDQM/DataSense/4_Common_Code/csv/DIV_TML_TYP_CD_name.csv,DIV_TML_TYP_CD_name.csv,Common,921,96,1,96,100.0,2025-12-16
181,C:/projects/myproject/QDQM/DataSense/4_Common_Code/csv/DLV_ORG_TYP_desc.csv,DLV_ORG_TYP_desc.csv,Common,76,6,1,6,100.0,2025-12-16
182,C:/projects/myproject/QDQM/DataSense/4_Common_Code/csv/DLV_ORG_TYP_name.csv,DLV_ORG_TYP_name.csv,Common,70,6,1,6,100.0,2025-12-16
183,C:/projects/myproject/QDQM/DataSense/4_Common_Code/csv/DOCCAT.csv,DOCCAT.csv,Common,35,6,1,6,100.0,2025-12-16
184,C:/projects/myproject/QDQM/DataSense/4_Common_Code/csv/DLV_ORG_TYP.csv,DLV_ORG_TYP.csv,Common,49,6,1,6,100.0,2025-12-16
185,C:/projects/myproject/QDQM/DataSense/4_Common_Code/csv/DOCCAT_name.csv,DOCCAT_name.csv,Common,131,6,1,6,100.0,2025-12-16
186,C:/projects/myproject/QDQM/DataSense/4_Common_Code/csv/DRIVE_LICENCE_KIND.csv,DRIVE_LICENCE_KIND.csv,Common,58,5,1,5,100.0,2025-12-16
187,C:/projects/myproject/QDQM/DataSense/4_Common_Code/csv/DRIVING_CAT_name.csv,DRIVING_CAT_name.csv,Common,312,22,1,22,100.0,2025-12-16
188,C:/projects/myproject/QDQM/DataSense/4_Common_Code/csv/EDI_ERR_name.csv,EDI_ERR_name.csv,Common,21,1,1,1,100.0,2025-12-16
189,C:/projects/myproject/QDQM/DataSense/4_Common_Code/csv/DRIVE_LICENCE_KIND_name.csv,DRIVE_LICENCE_KIND_name.csv,Common,88,5,1,5,100.0,2025-12-16
190,C:/projects/myproject/QDQM/DataSense/4_Common_Code/csv/EDI_CGO_APPROVE_CNTRACT_NO_name.csv,EDI_CGO_APPROVE_CNTRACT_NO_name.csv,Common,210,8,1,8,100.0,2025-12-16
191,C:/projects/myproject/QDQM/DataSense/4_Common_Code/csv/EDI_CONFIG.csv,EDI_CONFIG.csv,Common,96,10,1,10,100.0,2025-12-16
192,C:/projects/myproject/QDQM/DataSense/4_Common_Code/csv/EDI_CONFIG_desc.csv,EDI_CONFIG_desc.csv,Common,269,9,1,9,100.0,2025-12-16
193,C:/projects/myproject/QDQM/DataSense/4_Common_Code/csv/EDI_CONFIG_name.csv,EDI_CONFIG_name.csv,Common,283,10,1,10,100.0,2025-12-16
194,C:/projects/myproject/QDQM/DataSense/4_Common_Code/csv/EDI_ERR_desc.csv,EDI_ERR_desc.csv,Common,188,6,1,6,100.0,2025-12-16
195,C:/projects/myproject/QDQM/DataSense/4_Common_Code/csv/EDI_ERR.csv,EDI_ERR.csv,Common,36,6,1,6,100.0,2025-12-16
196,C:/projects/myproject/QDQM/DataSense/4_Common_Code/csv/EMAIL_SND_RCV_CAT_desc.csv,EMAIL_SND_RCV_CAT_desc.csv,Common,104,4,1,4,100.0,2025-12-16
197,C:/projects/myproject/QDQM/DataSense/4_Common_Code/csv/EM_FOM_TYP.csv,EM_FOM_TYP.csv,Common,43,4,1,4,100.0,2025-12-16
198,C:/projects/myproject/QDQM/DataSense/4_Common_Code/csv/EMAIL_SND_RCV_CAT.csv,EMAIL_SND_RCV_CAT.csv,Common,41,4,1,4,100.0,2025-12-16
199,C:/projects/myproject/QDQM/DataSense/4_Common_Code/csv/EQUIP_CAT_name.csv,EQUIP_CAT_name.csv,Common,67,5,1,5,100.0,2025-12-16
200,C:/projects/myproject/QDQM/DataSense/4_Common_Code/csv/EQUIP_CAT.csv,EQUIP_CAT.csv,Common,57,5,1,5,100.0,2025-12-16
201,C:/projects/myproject/QDQM/DataSense/4_Common_Code/csv/EQUIP_KIND.csv,EQUIP_KIND.csv,Common,226,20,1,20,100.0,2025-12-16
202,C:/projects/myproject/QDQM/DataSense/4_Common_Code/csv/EM_FOM_TYP_name.csv,EM_FOM_TYP_name.csv,Common,152,4,1,4,100.0,2025-12-16
203,C:/projects/myproject/QDQM/DataSense/4_Common_Code/csv/EMAIL_SND_RCV_CAT_name.csv,EMAIL_SND_RCV_CAT_name.csv,Common,46,4,1,4,100.0,2025-12-16
204,C:/projects/myproject/QDQM/DataSense/4_Common_Code/csv/EQUIP_MANUFACT_CO.csv,EQUIP_MANUFACT_CO.csv,Common,105,10,1,10,100.0,2025-12-16
205,C:/projects/myproject/QDQM/DataSense/4_Common_Code/csv/EQUIP_MANUFACT_CO_name.csv,EQUIP_MANUFACT_CO_name.csv,Common,141,10,1,10,100.0,2025-12-16
206,C:/projects/myproject/QDQM/DataSense/4_Common_Code/csv/EQUIP_KIND_name.csv,EQUIP_KIND_name.csv,Common,381,20,1,20,100.0,2025-12-16
207,C:/projects/myproject/QDQM/DataSense/4_Common_Code/csv/EQUIP_USAGE.csv,EQUIP_USAGE.csv,Common,64,6,1,6,100.0,2025-12-16
208,C:/projects/myproject/QDQM/DataSense/4_Common_Code/csv/ETR_BALANCE_MGT_ACCT_desc.csv,ETR_BALANCE_MGT_ACCT_desc.csv,Common,526,15,1,15,100.0,2025-12-16
209,C:/projects/myproject/QDQM/DataSense/4_Common_Code/csv/ETR_BALANCE_SOURCE.csv,ETR_BALANCE_SOURCE.csv,Common,43,4,1,4,100.0,2025-12-16
210,C:/projects/myproject/QDQM/DataSense/4_Common_Code/csv/ETR_BALANCE_SOURCE_desc.csv,ETR_BALANCE_SOURCE_desc.csv,Common,127,4,1,4,100.0,2025-12-16
211,C:/projects/myproject/QDQM/DataSense/4_Common_Code/csv/EQUIP_USAGE_name.csv,EQUIP_USAGE_name.csv,Common,90,6,1,6,100.0,2025-12-16
212,C:/projects/myproject/QDQM/DataSense/4_Common_Code/csv/ETR_BALANCE_TYPE.csv,ETR_BALANCE_TYPE.csv,Common,69,7,1,7,100.0,2025-12-16
213,C:/projects/myproject/QDQM/DataSense/4_Common_Code/csv/ETR_BALANCE_SOURCE_name.csv,ETR_BALANCE_SOURCE_name.csv,Common,75,4,1,4,100.0,2025-12-16
214,C:/projects/myproject/QDQM/DataSense/4_Common_Code/csv/ETR_BALANCE_TYPE_desc.csv,ETR_BALANCE_TYPE_desc.csv,Common,209,7,1,7,100.0,2025-12-16
215,C:/projects/myproject/QDQM/DataSense/4_Common_Code/csv/ETR_BALANCE_TYPE_name.csv,ETR_BALANCE_TYPE_name.csv,Common,162,7,1,7,100.0,2025-12-16
216,C:/projects/myproject/QDQM/DataSense/4_Common_Code/csv/ETR_BANK_CODE_desc.csv,ETR_BANK_CODE_desc.csv,Common,2252,127,1,127,100.0,2025-12-16
217,C:/projects/myproject/QDQM/DataSense/4_Common_Code/csv/ETR_BANK_CODE.csv,ETR_BANK_CODE.csv,Common,685,127,1,127,100.0,2025-12-16
218,C:/projects/myproject/QDQM/DataSense/4_Common_Code/csv/ETR_BANK_CODE_name.csv,ETR_BANK_CODE_name.csv,Common,2203,127,1,127,100.0,2025-12-16
219,C:/projects/myproject/QDQM/DataSense/4_Common_Code/csv/ETR_GL_CATEGORY_MAPPING_desc.csv,ETR_GL_CATEGORY_MAPPING_desc.csv,Common,255,7,1,7,100.0,2025-12-16
220,C:/projects/myproject/QDQM/DataSense/4_Common_Code/csv/ETR_COUNTRY_CODE_desc.csv,ETR_COUNTRY_CODE_desc.csv,Common,3747,246,1,246,100.0,2025-12-16
221,C:/projects/myproject/QDQM/DataSense/4_Common_Code/csv/ETR_COUNTRY_CODE.csv,ETR_COUNTRY_CODE.csv,Common,1005,246,1,246,100.0,2025-12-16
222,C:/projects/myproject/QDQM/DataSense/4_Common_Code/csv/ETR_CURRENCY_CODE_name.csv,ETR_CURRENCY_CODE_name.csv,Common,3956,249,1,249,100.0,2025-12-16
223,C:/projects/myproject/QDQM/DataSense/4_Common_Code/csv/ETR_CURRENCY_CODE.csv,ETR_CURRENCY_CODE.csv,Common,1267,249,1,249,100.0,2025-12-16
224,C:/projects/myproject/QDQM/DataSense/4_Common_Code/csv/ETR_CURRENCY_CODE_desc.csv,ETR_CURRENCY_CODE_desc.csv,Common,5934,248,1,248,100.0,2025-12-16
225,C:/projects/myproject/QDQM/DataSense/4_Common_Code/csv/ETR_GL_CATEGORY_MAPPING.csv,ETR_GL_CATEGORY_MAPPING.csv,Common,68,8,1,8,100.0,2025-12-16
226,C:/projects/myproject/QDQM/DataSense/4_Common_Code/csv/ETR_GL_CATEGORY_MAPPING_name.csv,ETR_GL_CATEGORY_MAPPING_name.csv,Common,146,7,1,7,100.0,2025-12-16
227,C:/projects/myproject/QDQM/DataSense/4_Common_Code/csv/ETR_PAYMENT_METHOD.csv,ETR_PAYMENT_METHOD.csv,Common,151,7,1,7,100.0,2025-12-16
228,C:/projects/myproject/QDQM/DataSense/4_Common_Code/csv/ETR_COUNTRY_CODE_name.csv,ETR_COUNTRY_CODE_name.csv,Common,3205,246,1,246,100.0,2025-12-16
229,C:/projects/myproject/QDQM/DataSense/4_Common_Code/csv/ETR_PAYMENT_METHOD_desc.csv,ETR_PAYMENT_METHOD_desc.csv,Common,205,7,1,7,100.0,2025-12-16
230,C:/projects/myproject/QDQM/DataSense/4_Common_Code/csv/ETR_PAYMENT_METHOD_name.csv,ETR_PAYMENT_METHOD_name.csv,Common,176,7,1,7,100.0,2025-12-16
231,C:/projects/myproject/QDQM/DataSense/4_Common_Code/csv/ETR_SYSTEM_OPTION.csv,ETR_SYSTEM_OPTION.csv,Common,180,7,1,7,100.0,2025-12-16
232,C:/projects/myproject/QDQM/DataSense/4_Common_Code/csv/ETR_SYSTEM_OPTION_desc.csv,ETR_SYSTEM_OPTION_desc.csv,Common,322,7,1,7,100.0,2025-12-16
233,C:/projects/myproject/QDQM/DataSense/4_Common_Code/csv/ETR_TRANSACTION_SOURCE_desc.csv,ETR_TRANSACTION_SOURCE_desc.csv,Common,460,12,1,12,100.0,2025-12-16
234,C:/projects/myproject/QDQM/DataSense/4_Common_Code/csv/ETR_SYSTEM_OPTION_name.csv,ETR_SYSTEM_OPTION_name.csv,Common,73,7,1,7,100.0,2025-12-16
235,C:/projects/myproject/QDQM/DataSense/4_Common_Code/csv/ETR_TRANSACTION_SOURCE.csv,ETR_TRANSACTION_SOURCE.csv,Common,127,12,1,12,100.0,2025-12-16
236,C:/projects/myproject/QDQM/DataSense/4_Common_Code/csv/ETR_TRANSACTION_SOURCE_name.csv,ETR_TRANSACTION_SOURCE_name.csv,Common,280,12,1,12,100.0,2025-12-16
237,C:/projects/myproject/QDQM/DataSense/4_Common_Code/csv/ETR_TRANSACTION_TYPE_desc.csv,ETR_TRANSACTION_TYPE_desc.csv,Common,1135,30,1,30,100.0,2025-12-16
238,C:/projects/myproject/QDQM/DataSense/4_Common_Code/csv/ETR_TRANSACTION_TYPE_name.csv,ETR_TRANSACTION_TYPE_name.csv,Common,538,29,1,29,100.0,2025-12-16
239,C:/projects/myproject/QDQM/DataSense/4_Common_Code/csv/ETR_TRANSACTION_TYPE.csv,ETR_TRANSACTION_TYPE.csv,Common,487,30,1,30,100.0,2025-12-16
240,C:/projects/myproject/QDQM/DataSense/4_Common_Code/csv/FOCUSIF_CUS_MAIL_desc.csv,FOCUSIF_CUS_MAIL_desc.csv,Common,30,1,1,1,100.0,2025-12-16
241,C:/projects/myproject/QDQM/DataSense/4_Common_Code/csv/FAULT_TGT_RANGE_CD.csv,FAULT_TGT_RANGE_CD.csv,Common,91,10,1,10,100.0,2025-12-16
242,C:/projects/myproject/QDQM/DataSense/4_Common_Code/csv/FOCUSIF_EDI_CUST_NM_desc.csv,FOCUSIF_EDI_CUST_NM_desc.csv,Common,33,1,1,1,100.0,2025-12-16
243,C:/projects/myproject/QDQM/DataSense/4_Common_Code/csv/FAULT_TGT_RANGE_CD_desc.csv,FAULT_TGT_RANGE_CD_desc.csv,Common,178,10,1,10,100.0,2025-12-16
244,C:/projects/myproject/QDQM/DataSense/4_Common_Code/csv/FOCUSIF_REPLACE_CHAR_name.csv,FOCUSIF_REPLACE_CHAR_name.csv,Common,34,1,1,1,100.0,2025-12-16
245,C:/projects/myproject/QDQM/DataSense/4_Common_Code/csv/FEE_SECTION_CAT.csv,FEE_SECTION_CAT.csv,Common,58,5,1,5,100.0,2025-12-16
246,C:/projects/myproject/QDQM/DataSense/4_Common_Code/csv/FOCUSIF_CUS_MAIL.csv,FOCUSIF_CUS_MAIL.csv,Common,410,57,1,57,100.0,2025-12-16
247,C:/projects/myproject/QDQM/DataSense/4_Common_Code/csv/FEE_SECTION_CAT_name.csv,FEE_SECTION_CAT_name.csv,Common,120,5,1,5,100.0,2025-12-16
248,C:/projects/myproject/QDQM/DataSense/4_Common_Code/csv/FOCUSIF_SVC_CD_desc.csv,FOCUSIF_SVC_CD_desc.csv,Common,28,1,1,1,100.0,2025-12-16
249,C:/projects/myproject/QDQM/DataSense/4_Common_Code/csv/FOCUSIF_CUS_MAIL_name.csv,FOCUSIF_CUS_MAIL_name.csv,Common,579,33,1,33,100.0,2025-12-16
250,C:/projects/myproject/QDQM/DataSense/4_Common_Code/csv/FAULT_TGT_RANGE_CD_name.csv,FAULT_TGT_RANGE_CD_name.csv,Common,171,10,1,10,100.0,2025-12-16
251,C:/projects/myproject/QDQM/DataSense/4_Common_Code/csv/FOCUSIF_EDI_CUST_NM.csv,FOCUSIF_EDI_CUST_NM.csv,Common,99,9,1,9,100.0,2025-12-16
252,C:/projects/myproject/QDQM/DataSense/4_Common_Code/csv/FOCUSIF_SVC_CD.csv,FOCUSIF_SVC_CD.csv,Common,234,43,1,43,100.0,2025-12-16
253,C:/projects/myproject/QDQM/DataSense/4_Common_Code/csv/FOCUSIF_EDI_CUST_NM_name.csv,FOCUSIF_EDI_CUST_NM_name.csv,Common,144,8,1,8,100.0,2025-12-16
254,C:/projects/myproject/QDQM/DataSense/4_Common_Code/csv/FOCUSIF_SVC_CD_name.csv,FOCUSIF_SVC_CD_name.csv,Common,640,43,1,43,100.0,2025-12-16
255,C:/projects/myproject/QDQM/DataSense/4_Common_Code/csv/GL_COA_SEGMENT2_desc.csv,GL_COA_SEGMENT2_desc.csv,Common,3372,179,1,179,100.0,2025-12-16
256,C:/projects/myproject/QDQM/DataSense/4_Common_Code/csv/GL_COA_SEGMENT2.csv,GL_COA_SEGMENT2.csv,Common,913,179,1,179,100.0,2025-12-16
257,C:/projects/myproject/QDQM/DataSense/4_Common_Code/csv/GL_COA_SEGMENT3.csv,GL_COA_SEGMENT3.csv,Common,3904,490,1,490,100.0,2025-12-16
258,C:/projects/myproject/QDQM/DataSense/4_Common_Code/csv/GL_INTERFACE_STATUS.csv,GL_INTERFACE_STATUS.csv,Common,492,77,1,77,100.0,2025-12-16
259,C:/projects/myproject/QDQM/DataSense/4_Common_Code/csv/GL_COA_SEGMENT3_desc.csv,GL_COA_SEGMENT3_desc.csv,Common,7834,387,1,387,100.0,2025-12-16
260,C:/projects/myproject/QDQM/DataSense/4_Common_Code/csv/GL_COA_SEGMENT6_desc.csv,GL_COA_SEGMENT6_desc.csv,Common,3252,125,1,125,100.0,2025-12-16
261,C:/projects/myproject/QDQM/DataSense/4_Common_Code/csv/GL_COA_SEGMENT4.csv,GL_COA_SEGMENT4.csv,Common,3904,490,1,490,100.0,2025-12-16
262,C:/projects/myproject/QDQM/DataSense/4_Common_Code/csv/GL_INTERFACE_STATUS_desc.csv,GL_INTERFACE_STATUS_desc.csv,Common,5109,77,1,77,100.0,2025-12-16
263,C:/projects/myproject/QDQM/DataSense/4_Common_Code/csv/GL_COA_SEGMENT4_desc.csv,GL_COA_SEGMENT4_desc.csv,Common,7840,387,1,387,100.0,2025-12-16
264,C:/projects/myproject/QDQM/DataSense/4_Common_Code/csv/GL_INTERFACE_STATUS_name.csv,GL_INTERFACE_STATUS_name.csv,Common,277,10,1,10,100.0,2025-12-16
265,C:/projects/myproject/QDQM/DataSense/4_Common_Code/csv/GL_COA_SEGMENT6.csv,GL_COA_SEGMENT6.csv,Common,766,125,1,125,100.0,2025-12-16
266,C:/projects/myproject/QDQM/DataSense/4_Common_Code/csv/HDS_ACEPTANCE_TYP_CD.csv,HDS_ACEPTANCE_TYP_CD.csv,Common,225,40,1,40,100.0,2025-12-16
267,C:/projects/myproject/QDQM/DataSense/4_Common_Code/csv/HDS_ACEPTANCE_TYP_CD_name.csv,HDS_ACEPTANCE_TYP_CD_name.csv,Common,705,40,1,40,100.0,2025-12-16
268,C:/projects/myproject/QDQM/DataSense/4_Common_Code/csv/HDS_RESP_CAT_CD_name.csv,HDS_RESP_CAT_CD_name.csv,Common,57,4,1,4,100.0,2025-12-16
269,C:/projects/myproject/QDQM/DataSense/4_Common_Code/csv/GL_COA_SEGMENT5_desc.csv,GL_COA_SEGMENT5_desc.csv,Common,17470,746,1,746,100.0,2025-12-16
270,C:/projects/myproject/QDQM/DataSense/4_Common_Code/csv/HWBL_SEARCH_TYP.csv,HWBL_SEARCH_TYP.csv,Common,59,5,1,5,100.0,2025-12-16
271,C:/projects/myproject/QDQM/DataSense/4_Common_Code/csv/IMPOSE_CAT_CD.csv,IMPOSE_CAT_CD.csv,Common,38,4,1,4,100.0,2025-12-16
272,C:/projects/myproject/QDQM/DataSense/4_Common_Code/csv/IF_WRK_EDI.csv,IF_WRK_EDI.csv,Common,143,13,1,13,100.0,2025-12-16
273,C:/projects/myproject/QDQM/DataSense/4_Common_Code/csv/INFORM_CYCLE_desc.csv,INFORM_CYCLE_desc.csv,Common,26,1,1,1,100.0,2025-12-16
274,C:/projects/myproject/QDQM/DataSense/4_Common_Code/csv/INCENTIVE_SORTING.csv,INCENTIVE_SORTING.csv,Common,52,6,1,6,100.0,2025-12-16
275,C:/projects/myproject/QDQM/DataSense/4_Common_Code/csv/IMPOSE_CAT_CD_name.csv,IMPOSE_CAT_CD_name.csv,Common,96,4,1,4,100.0,2025-12-16
276,C:/projects/myproject/QDQM/DataSense/4_Common_Code/csv/IF_WRK_EDI_name.csv,IF_WRK_EDI_name.csv,Common,200,13,1,13,100.0,2025-12-16
277,C:/projects/myproject/QDQM/DataSense/4_Common_Code/csv/INCENTIVE_SORTING_name.csv,INCENTIVE_SORTING_name.csv,Common,135,6,1,6,100.0,2025-12-16
278,C:/projects/myproject/QDQM/DataSense/4_Common_Code/csv/INCOME_NEW_ORG_desc.csv,INCOME_NEW_ORG_desc.csv,Common,63,5,1,5,100.0,2025-12-16
279,C:/projects/myproject/QDQM/DataSense/4_Common_Code/csv/HWBL_SEARCH_TYP_name.csv,HWBL_SEARCH_TYP_name.csv,Common,97,5,1,5,100.0,2025-12-16
280,C:/projects/myproject/QDQM/DataSense/4_Common_Code/csv/INCOME_ORG_name.csv,INCOME_ORG_name.csv,Common,4021,195,1,195,100.0,2025-12-16
281,C:/projects/myproject/QDQM/DataSense/4_Common_Code/csv/INCOME_ORG_desc.csv,INCOME_ORG_desc.csv,Common,4034,195,1,195,100.0,2025-12-16
282,C:/projects/myproject/QDQM/DataSense/4_Common_Code/csv/INSTALL_CO.csv,INSTALL_CO.csv,Common,41,4,1,4,100.0,2025-12-16
283,C:/projects/myproject/QDQM/DataSense/4_Common_Code/csv/INSTALL_CO_name.csv,INSTALL_CO_name.csv,Common,49,4,1,4,100.0,2025-12-16
284,C:/projects/myproject/QDQM/DataSense/4_Common_Code/csv/JOB_KIND_desc.csv,JOB_KIND_desc.csv,Common,501,31,1,31,100.0,2025-12-16
285,C:/projects/myproject/QDQM/DataSense/4_Common_Code/csv/INPUT_PATH_CAT_CD_name.csv,INPUT_PATH_CAT_CD_name.csv,Common,74,4,1,4,100.0,2025-12-16
286,C:/projects/myproject/QDQM/DataSense/4_Common_Code/csv/INFORM_CYCLE_name.csv,INFORM_CYCLE_name.csv,Common,78,7,1,7,100.0,2025-12-16
287,C:/projects/myproject/QDQM/DataSense/4_Common_Code/csv/JOB_KIND.csv,JOB_KIND.csv,Common,174,31,1,31,100.0,2025-12-16
288,C:/projects/myproject/QDQM/DataSense/4_Common_Code/csv/JOIN_PATH_CAT.csv,JOIN_PATH_CAT.csv,Common,59,5,1,5,100.0,2025-12-16
289,C:/projects/myproject/QDQM/DataSense/4_Common_Code/csv/JOB_KIND_name.csv,JOB_KIND_name.csv,Common,488,31,1,31,100.0,2025-12-16
290,C:/projects/myproject/QDQM/DataSense/4_Common_Code/csv/INCOME_ORG.csv,INCOME_ORG.csv,Common,1378,195,1,195,100.0,2025-12-16
291,C:/projects/myproject/QDQM/DataSense/4_Common_Code/csv/JOIN_PATH_CAT_name.csv,JOIN_PATH_CAT_name.csv,Common,100,5,1,5,100.0,2025-12-16
292,C:/projects/myproject/QDQM/DataSense/4_Common_Code/csv/LEGCY_HDS_CO.csv,LEGCY_HDS_CO.csv,Common,51,6,1,6,100.0,2025-12-16
293,C:/projects/myproject/QDQM/DataSense/4_Common_Code/csv/LEGCY_HDS_CO_name.csv,LEGCY_HDS_CO_name.csv,Common,81,6,1,6,100.0,2025-12-16
294,C:/projects/myproject/QDQM/DataSense/4_Common_Code/csv/LOGIN_FAIL_RSN.csv,LOGIN_FAIL_RSN.csv,Common,328,28,1,28,100.0,2025-12-16
295,C:/projects/myproject/QDQM/DataSense/4_Common_Code/csv/LOGIN_FAIL_RSN_desc.csv,LOGIN_FAIL_RSN_desc.csv,Common,704,28,1,28,100.0,2025-12-16
296,C:/projects/myproject/QDQM/DataSense/4_Common_Code/csv/LOST_RSN.csv,LOST_RSN.csv,Common,53,8,1,8,100.0,2025-12-16
297,C:/projects/myproject/QDQM/DataSense/4_Common_Code/csv/MATERIAL_CAT.csv,MATERIAL_CAT.csv,Common,74,9,1,9,100.0,2025-12-16
298,C:/projects/myproject/QDQM/DataSense/4_Common_Code/csv/MATERIAL_CAT_name.csv,MATERIAL_CAT_name.csv,Common,155,9,1,9,100.0,2025-12-16
299,C:/projects/myproject/QDQM/DataSense/4_Common_Code/csv/LOST_RSN_name.csv,LOST_RSN_name.csv,Common,308,8,1,8,100.0,2025-12-16
300,C:/projects/myproject/QDQM/DataSense/4_Common_Code/csv/MILEGE_CAT_name.csv,MILEGE_CAT_name.csv,Common,60,5,1,5,100.0,2025-12-16
301,C:/projects/myproject/QDQM/DataSense/4_Common_Code/csv/MERGE_PAYMENT_ACCOUNT_desc.csv,MERGE_PAYMENT_ACCOUNT_desc.csv,Common,135,6,1,6,100.0,2025-12-16
302,C:/projects/myproject/QDQM/DataSense/4_Common_Code/csv/LOGIN_FAIL_RSN_name.csv,LOGIN_FAIL_RSN_name.csv,Common,703,28,1,28,100.0,2025-12-16
303,C:/projects/myproject/QDQM/DataSense/4_Common_Code/csv/MERGE_PAYMENT_ACCOUNT.csv,MERGE_PAYMENT_ACCOUNT.csv,Common,105,6,1,6,100.0,2025-12-16
304,C:/projects/myproject/QDQM/DataSense/4_Common_Code/csv/MILEGE_FD_name.csv,MILEGE_FD_name.csv,Common,87,5,1,5,100.0,2025-12-16
305,C:/projects/myproject/QDQM/DataSense/4_Common_Code/csv/MILEGE_FP_name.csv,MILEGE_FP_name.csv,Common,137,7,1,7,100.0,2025-12-16
306,C:/projects/myproject/QDQM/DataSense/4_Common_Code/csv/MILEGE_KIND.csv,MILEGE_KIND.csv,Common,48,8,1,8,100.0,2025-12-16
307,C:/projects/myproject/QDQM/DataSense/4_Common_Code/csv/MILEGE_EP_name.csv,MILEGE_EP_name.csv,Common,84,5,1,5,100.0,2025-12-16
308,C:/projects/myproject/QDQM/DataSense/4_Common_Code/csv/MILEGE_KIND_name.csv,MILEGE_KIND_name.csv,Common,188,8,1,8,100.0,2025-12-16
309,C:/projects/myproject/QDQM/DataSense/4_Common_Code/csv/MILEGE_RD_name.csv,MILEGE_RD_name.csv,Common,75,4,1,4,100.0,2025-12-16
310,C:/projects/myproject/QDQM/DataSense/4_Common_Code/csv/MIS_RSN.csv,MIS_RSN.csv,Common,41,4,1,4,100.0,2025-12-16
311,C:/projects/myproject/QDQM/DataSense/4_Common_Code/csv/MILEGE_RSLT_name.csv,MILEGE_RSLT_name.csv,Common,136,7,1,7,100.0,2025-12-16
312,C:/projects/myproject/QDQM/DataSense/4_Common_Code/csv/MSG_TYP_desc.csv,MSG_TYP_desc.csv,Common,21,1,1,1,100.0,2025-12-16
313,C:/projects/myproject/QDQM/DataSense/4_Common_Code/csv/MINUS_DTL_CAT_name.csv,MINUS_DTL_CAT_name.csv,Common,180,9,1,9,100.0,2025-12-16
314,C:/projects/myproject/QDQM/DataSense/4_Common_Code/csv/MIS_RSN_name.csv,MIS_RSN_name.csv,Common,79,4,1,4,100.0,2025-12-16
315,C:/projects/myproject/QDQM/DataSense/4_Common_Code/csv/MNG_ACTN_ALLOCATE_FACTOR_CD.csv,MNG_ACTN_ALLOCATE_FACTOR_CD.csv,Common,176,16,1,16,100.0,2025-12-16
316,C:/projects/myproject/QDQM/DataSense/4_Common_Code/csv/MNG_ACTN_ALLOCATE_FACTOR_CD_desc.csv,MNG_ACTN_ALLOCATE_FACTOR_CD_desc.csv,Common,593,8,1,8,100.0,2025-12-16
317,C:/projects/myproject/QDQM/DataSense/4_Common_Code/csv/MNG_ACTN_CUST_ALLOCATE_FACTOR_CD_desc.csv,MNG_ACTN_CUST_ALLOCATE_FACTOR_CD_desc.csv,Common,81,8,1,8,100.0,2025-12-16
318,C:/projects/myproject/QDQM/DataSense/4_Common_Code/csv/MNG_ACTN_ALLOCATE_FACTOR_CD_name.csv,MNG_ACTN_ALLOCATE_FACTOR_CD_name.csv,Common,467,16,1,16,100.0,2025-12-16
319,C:/projects/myproject/QDQM/DataSense/4_Common_Code/csv/MSG_TYP.csv,MSG_TYP.csv,Common,47,5,1,5,100.0,2025-12-16
320,C:/projects/myproject/QDQM/DataSense/4_Common_Code/csv/MNG_ACTN_CUST_ALLOCATE_FACTOR_CD.csv,MNG_ACTN_CUST_ALLOCATE_FACTOR_CD.csv,Common,202,17,1,17,100.0,2025-12-16
321,C:/projects/myproject/QDQM/DataSense/4_Common_Code/csv/NHX_MSG_CD_desc.csv,NHX_MSG_CD_desc.csv,Common,24,1,1,1,100.0,2025-12-16
322,C:/projects/myproject/QDQM/DataSense/4_Common_Code/csv/MNG_ACTN_CUST_ALLOCATE_FACTOR_CD_name.csv,MNG_ACTN_CUST_ALLOCATE_FACTOR_CD_name.csv,Common,504,17,1,17,100.0,2025-12-16
323,C:/projects/myproject/QDQM/DataSense/4_Common_Code/csv/MSG_TYP_name.csv,MSG_TYP_name.csv,Common,52,5,1,5,100.0,2025-12-16
324,C:/projects/myproject/QDQM/DataSense/4_Common_Code/csv/NHX_MSG_CD_name.csv,NHX_MSG_CD_name.csv,Common,819,34,1,34,100.0,2025-12-16
325,C:/projects/myproject/QDQM/DataSense/4_Common_Code/csv/NOTEBOX_CAT.csv,NOTEBOX_CAT.csv,Common,53,5,1,5,100.0,2025-12-16
326,C:/projects/myproject/QDQM/DataSense/4_Common_Code/csv/NOW_DTL_STUS_CD.csv,NOW_DTL_STUS_CD.csv,Common,75,11,1,11,100.0,2025-12-16
327,C:/projects/myproject/QDQM/DataSense/4_Common_Code/csv/NOWSTUS_name.csv,NOWSTUS_name.csv,Common,1421,78,1,78,100.0,2025-12-16
328,C:/projects/myproject/QDQM/DataSense/4_Common_Code/csv/ONECLICK_APRV_STUS.csv,ONECLICK_APRV_STUS.csv,Common,64,11,1,11,100.0,2025-12-16
329,C:/projects/myproject/QDQM/DataSense/4_Common_Code/csv/ONECLICK_APRV_STUS_name.csv,ONECLICK_APRV_STUS_name.csv,Common,215,11,1,11,100.0,2025-12-16
330,C:/projects/myproject/QDQM/DataSense/4_Common_Code/csv/NOWSTUS.csv,NOWSTUS.csv,Common,841,79,1,79,100.0,2025-12-16
331,C:/projects/myproject/QDQM/DataSense/4_Common_Code/csv/NOW_DTL_STUS_CD_name.csv,NOW_DTL_STUS_CD_name.csv,Common,139,9,1,9,100.0,2025-12-16
332,C:/projects/myproject/QDQM/DataSense/4_Common_Code/csv/OPT_KIND_name.csv,OPT_KIND_name.csv,Common,93,7,1,7,100.0,2025-12-16
333,C:/projects/myproject/QDQM/DataSense/4_Common_Code/csv/OPT_KIND.csv,OPT_KIND.csv,Common,71,7,1,7,100.0,2025-12-16
334,C:/projects/myproject/QDQM/DataSense/4_Common_Code/csv/OP_RATE_VIEW_RANGE_name.csv,OP_RATE_VIEW_RANGE_name.csv,Common,91,4,1,4,100.0,2025-12-16
335,C:/projects/myproject/QDQM/DataSense/4_Common_Code/csv/NOTEBOX_CAT_name.csv,NOTEBOX_CAT_name.csv,Common,85,5,1,5,100.0,2025-12-16
336,C:/projects/myproject/QDQM/DataSense/4_Common_Code/csv/ORG_CAT.csv,ORG_CAT.csv,Common,166,20,1,20,100.0,2025-12-16
337,C:/projects/myproject/QDQM/DataSense/4_Common_Code/csv/ORG_CAT_name.csv,ORG_CAT_name.csv,Common,280,20,1,20,100.0,2025-12-16
338,C:/projects/myproject/QDQM/DataSense/4_Common_Code/csv/ORG_REG_TYP_name.csv,ORG_REG_TYP_name.csv,Common,105,6,1,6,100.0,2025-12-16
339,C:/projects/myproject/QDQM/DataSense/4_Common_Code/csv/ORG_CAT_desc.csv,ORG_CAT_desc.csv,Common,279,20,1,20,100.0,2025-12-16
340,C:/projects/myproject/QDQM/DataSense/4_Common_Code/csv/ORG_REG_TYP.csv,ORG_REG_TYP.csv,Common,63,6,1,6,100.0,2025-12-16
341,C:/projects/myproject/QDQM/DataSense/4_Common_Code/csv/ORG_TYP_name.csv,ORG_TYP_name.csv,Common,419,28,1,28,100.0,2025-12-16
342,C:/projects/myproject/QDQM/DataSense/4_Common_Code/csv/PATH_name.csv,PATH_name.csv,Common,79,5,1,5,100.0,2025-12-16
343,C:/projects/myproject/QDQM/DataSense/4_Common_Code/csv/PAY_BANK.csv,PAY_BANK.csv,Common,120,7,1,7,100.0,2025-12-16
344,C:/projects/myproject/QDQM/DataSense/4_Common_Code/csv/ORG_TYP_desc.csv,ORG_TYP_desc.csv,Common,425,28,1,28,100.0,2025-12-16
345,C:/projects/myproject/QDQM/DataSense/4_Common_Code/csv/PARTNER_COLLATERAL_TYPE_name.csv,PARTNER_COLLATERAL_TYPE_name.csv,Common,184,7,1,7,100.0,2025-12-16
346,C:/projects/myproject/QDQM/DataSense/4_Common_Code/csv/PAY_TYP.csv,PAY_TYP.csv,Common,64,11,1,11,100.0,2025-12-16
347,C:/projects/myproject/QDQM/DataSense/4_Common_Code/csv/PARTNER_COLLATERAL_TYPE_desc.csv,PARTNER_COLLATERAL_TYPE_desc.csv,Common,157,6,1,6,100.0,2025-12-16
348,C:/projects/myproject/QDQM/DataSense/4_Common_Code/csv/ORG_TYP.csv,ORG_TYP.csv,Common,258,28,1,28,100.0,2025-12-16
349,C:/projects/myproject/QDQM/DataSense/4_Common_Code/csv/PAY_TYP_name.csv,PAY_TYP_name.csv,Common,129,11,1,11,100.0,2025-12-16
350,C:/projects/myproject/QDQM/DataSense/4_Common_Code/csv/PD_EVL_CAT_name.csv,PD_EVL_CAT_name.csv,Common,252,11,1,11,100.0,2025-12-16
351,C:/projects/myproject/QDQM/DataSense/4_Common_Code/csv/PENAL_TYP_CD_name.csv,PENAL_TYP_CD_name.csv,Common,83,5,1,5,100.0,2025-12-16
352,C:/projects/myproject/QDQM/DataSense/4_Common_Code/csv/PGM_KIND.csv,PGM_KIND.csv,Common,65,8,1,8,100.0,2025-12-16
353,C:/projects/myproject/QDQM/DataSense/4_Common_Code/csv/PERMIT_REIGN_SIDO_name.csv,PERMIT_REIGN_SIDO_name.csv,Common,163,17,1,17,100.0,2025-12-16
354,C:/projects/myproject/QDQM/DataSense/4_Common_Code/csv/PERMIT_REIGN_SGG_name.csv,PERMIT_REIGN_SGG_name.csv,Common,2301,206,1,206,100.0,2025-12-16
355,C:/projects/myproject/QDQM/DataSense/4_Common_Code/csv/PGM_KIND_name.csv,PGM_KIND_name.csv,Common,112,8,1,8,100.0,2025-12-16
356,C:/projects/myproject/QDQM/DataSense/4_Common_Code/csv/pmntCd_name.csv,pmntCd_name.csv,Common,114,9,1,9,100.0,2025-12-16
357,C:/projects/myproject/QDQM/DataSense/4_Common_Code/csv/PGM_LANG.csv,PGM_LANG.csv,Common,40,5,1,5,100.0,2025-12-16
358,C:/projects/myproject/QDQM/DataSense/4_Common_Code/csv/pmntCd.csv,pmntCd.csv,Common,47,9,1,9,100.0,2025-12-16
359,C:/projects/myproject/QDQM/DataSense/4_Common_Code/csv/PROCESS_STUS_name.csv,PROCESS_STUS_name.csv,Common,57,4,1,4,100.0,2025-12-16
360,C:/projects/myproject/QDQM/DataSense/4_Common_Code/csv/PROCESS_STUS.csv,PROCESS_STUS.csv,Common,47,4,1,4,100.0,2025-12-16
361,C:/projects/myproject/QDQM/DataSense/4_Common_Code/csv/PTNS_CAT.csv,PTNS_CAT.csv,Common,111,16,1,16,100.0,2025-12-16
362,C:/projects/myproject/QDQM/DataSense/4_Common_Code/csv/PRCR_RSLT_name.csv,PRCR_RSLT_name.csv,Common,52,3,1,3,100.0,2025-12-16
363,C:/projects/myproject/QDQM/DataSense/4_Common_Code/csv/PRCR_RSLT.csv,PRCR_RSLT.csv,Common,51,6,1,6,100.0,2025-12-16
364,C:/projects/myproject/QDQM/DataSense/4_Common_Code/csv/PTNS_CAT_desc.csv,PTNS_CAT_desc.csv,Common,36,2,1,2,100.0,2025-12-16
365,C:/projects/myproject/QDQM/DataSense/4_Common_Code/csv/QUICKTEXT_ID.csv,QUICKTEXT_ID.csv,Common,49,4,1,4,100.0,2025-12-16
366,C:/projects/myproject/QDQM/DataSense/4_Common_Code/csv/QUICKTEXT_ID_name.csv,QUICKTEXT_ID_name.csv,Common,67,4,1,4,100.0,2025-12-16
367,C:/projects/myproject/QDQM/DataSense/4_Common_Code/csv/PTNS_CAT_name.csv,PTNS_CAT_name.csv,Common,299,16,1,16,100.0,2025-12-16
368,C:/projects/myproject/QDQM/DataSense/4_Common_Code/csv/RATE_TYP_desc.csv,RATE_TYP_desc.csv,Common,473,18,1,18,100.0,2025-12-16
369,C:/projects/myproject/QDQM/DataSense/4_Common_Code/csv/REPORT_SEARCH_POV_desc.csv,REPORT_SEARCH_POV_desc.csv,Common,31,1,1,1,100.0,2025-12-16
370,C:/projects/myproject/QDQM/DataSense/4_Common_Code/csv/REG_PATH.csv,REG_PATH.csv,Common,94,12,1,12,100.0,2025-12-16
371,C:/projects/myproject/QDQM/DataSense/4_Common_Code/csv/REG_PATH_name.csv,REG_PATH_name.csv,Common,317,12,1,12,100.0,2025-12-16
372,C:/projects/myproject/QDQM/DataSense/4_Common_Code/csv/RATE_TYP.csv,RATE_TYP.csv,Common,179,18,1,18,100.0,2025-12-16
373,C:/projects/myproject/QDQM/DataSense/4_Common_Code/csv/RATE_TYP_name.csv,RATE_TYP_name.csv,Common,366,18,1,18,100.0,2025-12-16
374,C:/projects/myproject/QDQM/DataSense/4_Common_Code/csv/REL_CAT_CD_name.csv,REL_CAT_CD_name.csv,Common,95,6,1,6,100.0,2025-12-16
375,C:/projects/myproject/QDQM/DataSense/4_Common_Code/csv/REL_CAT_CD.csv,REL_CAT_CD.csv,Common,45,6,1,6,100.0,2025-12-16
376,C:/projects/myproject/QDQM/DataSense/4_Common_Code/csv/REPORT_SEARCH_POV.csv,REPORT_SEARCH_POV.csv,Common,159,5,1,5,100.0,2025-12-16
377,C:/projects/myproject/QDQM/DataSense/4_Common_Code/csv/REPORT_SEARCH_POV_name.csv,REPORT_SEARCH_POV_name.csv,Common,113,5,1,5,100.0,2025-12-16
378,C:/projects/myproject/QDQM/DataSense/4_Common_Code/csv/RESOURCE_TYP.csv,RESOURCE_TYP.csv,Common,74,9,1,9,100.0,2025-12-16
379,C:/projects/myproject/QDQM/DataSense/4_Common_Code/csv/RESOURCE_TYP_name.csv,RESOURCE_TYP_name.csv,Common,155,9,1,9,100.0,2025-12-16
380,C:/projects/myproject/QDQM/DataSense/4_Common_Code/csv/RETURN_CAT.csv,RETURN_CAT.csv,Common,61,5,1,5,100.0,2025-12-16
381,C:/projects/myproject/QDQM/DataSense/4_Common_Code/csv/RETURN_CAT_name.csv,RETURN_CAT_name.csv,Common,143,5,1,5,100.0,2025-12-16
382,C:/projects/myproject/QDQM/DataSense/4_Common_Code/csv/ROLE_TYP_name.csv,ROLE_TYP_name.csv,Common,97,7,1,7,100.0,2025-12-16
383,C:/projects/myproject/QDQM/DataSense/4_Common_Code/csv/ROLE_TYP_desc.csv,ROLE_TYP_desc.csv,Common,119,7,1,7,100.0,2025-12-16
384,C:/projects/myproject/QDQM/DataSense/4_Common_Code/csv/ROLE_TYP.csv,ROLE_TYP.csv,Common,52,7,1,7,100.0,2025-12-16
385,C:/projects/myproject/QDQM/DataSense/4_Common_Code/csv/RSN_CLEARANCE_UNA_name.csv,RSN_CLEARANCE_UNA_name.csv,Common,119,5,1,5,100.0,2025-12-16
386,C:/projects/myproject/QDQM/DataSense/4_Common_Code/csv/RSN_CUSTOM_NA.csv,RSN_CUSTOM_NA.csv,Common,67,5,1,5,100.0,2025-12-16
387,C:/projects/myproject/QDQM/DataSense/4_Common_Code/csv/ROUTE_PLAN_TYP_name.csv,ROUTE_PLAN_TYP_name.csv,Common,214,15,1,15,100.0,2025-12-16
388,C:/projects/myproject/QDQM/DataSense/4_Common_Code/csv/RSN_CD_name.csv,RSN_CD_name.csv,Common,520,18,1,18,100.0,2025-12-16
389,C:/projects/myproject/QDQM/DataSense/4_Common_Code/csv/RSN_CUSTOM_ND.csv,RSN_CUSTOM_ND.csv,Common,78,6,1,6,100.0,2025-12-16
390,C:/projects/myproject/QDQM/DataSense/4_Common_Code/csv/RSN_DISCARD_name.csv,RSN_DISCARD_name.csv,Common,81,4,1,4,100.0,2025-12-16
391,C:/projects/myproject/QDQM/DataSense/4_Common_Code/csv/RSN_CUSTOM_NA_name.csv,RSN_CUSTOM_NA_name.csv,Common,115,5,1,5,100.0,2025-12-16
392,C:/projects/myproject/QDQM/DataSense/4_Common_Code/csv/RSN_DISPOSAL.csv,RSN_DISPOSAL.csv,Common,59,4,1,4,100.0,2025-12-16
393,C:/projects/myproject/QDQM/DataSense/4_Common_Code/csv/RSN_CUSTOM_ND_name.csv,RSN_CUSTOM_ND_name.csv,Common,129,6,1,6,100.0,2025-12-16
394,C:/projects/myproject/QDQM/DataSense/4_Common_Code/csv/RSN_EDI_WRK.csv,RSN_EDI_WRK.csv,Common,94,13,1,13,100.0,2025-12-16
395,C:/projects/myproject/QDQM/DataSense/4_Common_Code/csv/RSN_DISPOSAL_name.csv,RSN_DISPOSAL_name.csv,Common,82,4,1,4,100.0,2025-12-16
396,C:/projects/myproject/QDQM/DataSense/4_Common_Code/csv/RSN_EDI_WRK_name.csv,RSN_EDI_WRK_name.csv,Common,326,13,1,13,100.0,2025-12-16
397,C:/projects/myproject/QDQM/DataSense/4_Common_Code/csv/RSN_IRR_name.csv,RSN_IRR_name.csv,Common,45,2,1,2,100.0,2025-12-16
398,C:/projects/myproject/QDQM/DataSense/4_Common_Code/csv/RSN_IRR.csv,RSN_IRR.csv,Common,38,4,1,4,100.0,2025-12-16
399,C:/projects/myproject/QDQM/DataSense/4_Common_Code/csv/RSN_MIS_ARV_name.csv,RSN_MIS_ARV_name.csv,Common,83,4,1,4,100.0,2025-12-16
400,C:/projects/myproject/QDQM/DataSense/4_Common_Code/csv/RSN_MISS_ARRV_name.csv,RSN_MISS_ARRV_name.csv,Common,85,4,1,4,100.0,2025-12-16
401,C:/projects/myproject/QDQM/DataSense/4_Common_Code/csv/RSN_MIS_ARV.csv,RSN_MIS_ARV.csv,Common,53,4,1,4,100.0,2025-12-16
402,C:/projects/myproject/QDQM/DataSense/4_Common_Code/csv/RSN_NOT_PICK.csv,RSN_NOT_PICK.csv,Common,274,38,1,38,100.0,2025-12-16
403,C:/projects/myproject/QDQM/DataSense/4_Common_Code/csv/RSN_NOT_DECLARE_name.csv,RSN_NOT_DECLARE_name.csv,Common,131,6,1,6,100.0,2025-12-16
404,C:/projects/myproject/QDQM/DataSense/4_Common_Code/csv/RSN_NOT_PICK_name.csv,RSN_NOT_PICK_name.csv,Common,475,20,1,20,100.0,2025-12-16
405,C:/projects/myproject/QDQM/DataSense/4_Common_Code/csv/RSN_NOT_DLV_name.csv,RSN_NOT_DLV_name.csv,Common,540,28,1,28,100.0,2025-12-16
406,C:/projects/myproject/QDQM/DataSense/4_Common_Code/csv/RSN_NOT_PICKUP_name.csv,RSN_NOT_PICKUP_name.csv,Common,457,19,1,19,100.0,2025-12-16
407,C:/projects/myproject/QDQM/DataSense/4_Common_Code/csv/RSN_RSV_CNCL_name.csv,RSN_RSV_CNCL_name.csv,Common,468,24,1,24,100.0,2025-12-16
408,C:/projects/myproject/QDQM/DataSense/4_Common_Code/csv/RSN_RETURN_2.csv,RSN_RETURN_2.csv,Common,55,4,1,4,100.0,2025-12-16
409,C:/projects/myproject/QDQM/DataSense/4_Common_Code/csv/RSN_RETURN_2_name.csv,RSN_RETURN_2_name.csv,Common,85,4,1,4,100.0,2025-12-16
410,C:/projects/myproject/QDQM/DataSense/4_Common_Code/csv/RSN_RSV_CNCL.csv,RSN_RSV_CNCL.csv,Common,247,34,1,34,100.0,2025-12-16
411,C:/projects/myproject/QDQM/DataSense/4_Common_Code/csv/RSN_SENDBACK_name.csv,RSN_SENDBACK_name.csv,Common,85,4,1,4,100.0,2025-12-16
412,C:/projects/myproject/QDQM/DataSense/4_Common_Code/csv/RSN_TML_HLD_name.csv,RSN_TML_HLD_name.csv,Common,110,5,1,5,100.0,2025-12-16
413,C:/projects/myproject/QDQM/DataSense/4_Common_Code/csv/RSN_TML_REMAIN.csv,RSN_TML_REMAIN.csv,Common,69,5,1,5,100.0,2025-12-16
414,C:/projects/myproject/QDQM/DataSense/4_Common_Code/csv/RSN_TML_REMAIN_name.csv,RSN_TML_REMAIN_name.csv,Common,113,5,1,5,100.0,2025-12-16
415,C:/projects/myproject/QDQM/DataSense/4_Common_Code/csv/RSV_CHANEL.csv,RSV_CHANEL.csv,Common,59,6,1,6,100.0,2025-12-16
416,C:/projects/myproject/QDQM/DataSense/4_Common_Code/csv/RSN_UN_DLV.csv,RSN_UN_DLV.csv,Common,278,28,1,28,100.0,2025-12-16
417,C:/projects/myproject/QDQM/DataSense/4_Common_Code/csv/RSN_UN_DLV_name.csv,RSN_UN_DLV_name.csv,Common,539,28,1,28,100.0,2025-12-16
418,C:/projects/myproject/QDQM/DataSense/4_Common_Code/csv/SETTLE_CD.csv,SETTLE_CD.csv,Common,78,6,1,6,100.0,2025-12-16
419,C:/projects/myproject/QDQM/DataSense/4_Common_Code/csv/RSV_CHANEL_name.csv,RSV_CHANEL_name.csv,Common,81,6,1,6,100.0,2025-12-16
420,C:/projects/myproject/QDQM/DataSense/4_Common_Code/csv/SETTLE_CD_desc.csv,SETTLE_CD_desc.csv,Common,104,6,1,6,100.0,2025-12-16
421,C:/projects/myproject/QDQM/DataSense/4_Common_Code/csv/SCAN_ERR.csv,SCAN_ERR.csv,Common,118,11,1,11,100.0,2025-12-16
422,C:/projects/myproject/QDQM/DataSense/4_Common_Code/csv/SETTLE_CD_name.csv,SETTLE_CD_name.csv,Common,92,6,1,6,100.0,2025-12-16
423,C:/projects/myproject/QDQM/DataSense/4_Common_Code/csv/SCAN_ERR_name.csv,SCAN_ERR_name.csv,Common,252,9,1,9,100.0,2025-12-16
424,C:/projects/myproject/QDQM/DataSense/4_Common_Code/csv/SETTLE_STUS_name.csv,SETTLE_STUS_name.csv,Common,114,7,1,7,100.0,2025-12-16
425,C:/projects/myproject/QDQM/DataSense/4_Common_Code/csv/SHOP_CAT.csv,SHOP_CAT.csv,Common,83,9,1,9,100.0,2025-12-16
426,C:/projects/myproject/QDQM/DataSense/4_Common_Code/csv/SIDO_NM.csv,SIDO_NM.csv,Common,283,17,1,17,100.0,2025-12-16
427,C:/projects/myproject/QDQM/DataSense/4_Common_Code/csv/SHOP_TYP.csv,SHOP_TYP.csv,Common,75,7,1,7,100.0,2025-12-16
428,C:/projects/myproject/QDQM/DataSense/4_Common_Code/csv/SHOP_TYP_name.csv,SHOP_TYP_name.csv,Common,92,7,1,7,100.0,2025-12-16
429,C:/projects/myproject/QDQM/DataSense/4_Common_Code/csv/SHOP_CAT_name.csv,SHOP_CAT_name.csv,Common,116,9,1,9,100.0,2025-12-16
430,C:/projects/myproject/QDQM/DataSense/4_Common_Code/csv/SMS_CAT_name.csv,SMS_CAT_name.csv,Common,188,11,1,11,100.0,2025-12-16
431,C:/projects/myproject/QDQM/DataSense/4_Common_Code/csv/SND_CAT_name.csv,SND_CAT_name.csv,Common,73,4,1,4,100.0,2025-12-16
432,C:/projects/myproject/QDQM/DataSense/4_Common_Code/csv/SNDR_TEL_NO_name.csv,SNDR_TEL_NO_name.csv,Common,186,7,1,7,100.0,2025-12-16
433,C:/projects/myproject/QDQM/DataSense/4_Common_Code/csv/SMS_CAT_desc.csv,SMS_CAT_desc.csv,Common,233,12,1,12,100.0,2025-12-16
434,C:/projects/myproject/QDQM/DataSense/4_Common_Code/csv/SMS_CAT.csv,SMS_CAT.csv,Common,60,12,1,12,100.0,2025-12-16
435,C:/projects/myproject/QDQM/DataSense/4_Common_Code/csv/SORTER_SYS.csv,SORTER_SYS.csv,Common,37,4,1,4,100.0,2025-12-16
436,C:/projects/myproject/QDQM/DataSense/4_Common_Code/csv/SNDR_TEL_NO.csv,SNDR_TEL_NO.csv,Common,71,7,1,7,100.0,2025-12-16
437,C:/projects/myproject/QDQM/DataSense/4_Common_Code/csv/SPCL_CUST_SEARCH_TYP_name.csv,SPCL_CUST_SEARCH_TYP_name.csv,Common,102,4,1,4,100.0,2025-12-16
438,C:/projects/myproject/QDQM/DataSense/4_Common_Code/csv/SORTER_SYS_name.csv,SORTER_SYS_name.csv,Common,142,4,1,4,100.0,2025-12-16
439,C:/projects/myproject/QDQM/DataSense/4_Common_Code/csv/SPCL_CUST_SEARCH_TYP.csv,SPCL_CUST_SEARCH_TYP.csv,Common,61,4,1,4,100.0,2025-12-16
440,C:/projects/myproject/QDQM/DataSense/4_Common_Code/csv/SPCL_WRK_CAT.csv,SPCL_WRK_CAT.csv,Common,69,5,1,5,100.0,2025-12-16
441,C:/projects/myproject/QDQM/DataSense/4_Common_Code/csv/SPCL_WRK_CAT_name.csv,SPCL_WRK_CAT_name.csv,Common,104,5,1,5,100.0,2025-12-16
442,C:/projects/myproject/QDQM/DataSense/4_Common_Code/csv/SQL_KIND.csv,SQL_KIND.csv,Common,69,7,1,7,100.0,2025-12-16
443,C:/projects/myproject/QDQM/DataSense/4_Common_Code/csv/SQL_KIND_desc.csv,SQL_KIND_desc.csv,Common,74,7,1,7,100.0,2025-12-16
444,C:/projects/myproject/QDQM/DataSense/4_Common_Code/csv/SQL_KIND_name.csv,SQL_KIND_name.csv,Common,74,7,1,7,100.0,2025-12-16
445,C:/projects/myproject/QDQM/DataSense/4_Common_Code/csv/SQL_TBL_KIND_name.csv,SQL_TBL_KIND_name.csv,Common,62,5,1,5,100.0,2025-12-16
446,C:/projects/myproject/QDQM/DataSense/4_Common_Code/csv/SRT_IF_ERR_desc.csv,SRT_IF_ERR_desc.csv,Common,2049,23,1,23,100.0,2025-12-16
447,C:/projects/myproject/QDQM/DataSense/4_Common_Code/csv/SRT_IF_ERR_name.csv,SRT_IF_ERR_name.csv,Common,360,21,1,21,100.0,2025-12-16
448,C:/projects/myproject/QDQM/DataSense/4_Common_Code/csv/SRT_IF_ERR.csv,SRT_IF_ERR.csv,Common,350,42,1,42,100.0,2025-12-16
449,C:/projects/myproject/QDQM/DataSense/4_Common_Code/csv/SUBACCOUNT_CD_desc.csv,SUBACCOUNT_CD_desc.csv,Common,27,1,1,1,100.0,2025-12-16
450,C:/projects/myproject/QDQM/DataSense/4_Common_Code/csv/STAT_TYP_VOL_name.csv,STAT_TYP_VOL_name.csv,Common,155,8,1,8,100.0,2025-12-16
451,C:/projects/myproject/QDQM/DataSense/4_Common_Code/csv/STRATEGY_CUST_CD_name.csv,STRATEGY_CUST_CD_name.csv,Common,364,22,1,22,100.0,2025-12-16
452,C:/projects/myproject/QDQM/DataSense/4_Common_Code/csv/STRATEGY_CUST_CD.csv,STRATEGY_CUST_CD.csv,Common,198,22,1,22,100.0,2025-12-16
453,C:/projects/myproject/QDQM/DataSense/4_Common_Code/csv/STRATEGY_SALZ_BIZ_NO_name.csv,STRATEGY_SALZ_BIZ_NO_name.csv,Common,66,4,1,4,100.0,2025-12-16
454,C:/projects/myproject/QDQM/DataSense/4_Common_Code/csv/STUS_UPDATE_DT.csv,STUS_UPDATE_DT.csv,Common,59,4,1,4,100.0,2025-12-16
455,C:/projects/myproject/QDQM/DataSense/4_Common_Code/csv/SUM_INCOME_SECTION.csv,SUM_INCOME_SECTION.csv,Common,103,16,1,16,100.0,2025-12-16
456,C:/projects/myproject/QDQM/DataSense/4_Common_Code/csv/SUBACCOUNT_CD_name.csv,SUBACCOUNT_CD_name.csv,Common,121,7,1,7,100.0,2025-12-16
457,C:/projects/myproject/QDQM/DataSense/4_Common_Code/csv/SUM_INCOME_SECTION_desc.csv,SUM_INCOME_SECTION_desc.csv,Common,374,16,1,16,100.0,2025-12-16
458,C:/projects/myproject/QDQM/DataSense/4_Common_Code/csv/SUM_SECTION.csv,SUM_SECTION.csv,Common,46,6,1,6,100.0,2025-12-16
459,C:/projects/myproject/QDQM/DataSense/4_Common_Code/csv/STRATEGY_SALZ_BIZ_NO.csv,STRATEGY_SALZ_BIZ_NO.csv,Common,73,4,1,4,100.0,2025-12-16
460,C:/projects/myproject/QDQM/DataSense/4_Common_Code/csv/SUM_INCOME_SECTION_name.csv,SUM_INCOME_SECTION_name.csv,Common,220,16,1,16,100.0,2025-12-16
461,C:/projects/myproject/QDQM/DataSense/4_Common_Code/csv/STUS_UPDATE_DT_name.csv,STUS_UPDATE_DT_name.csv,Common,76,4,1,4,100.0,2025-12-16
462,C:/projects/myproject/QDQM/DataSense/4_Common_Code/csv/SUM_SECTION_name.csv,SUM_SECTION_name.csv,Common,137,6,1,6,100.0,2025-12-16
463,C:/projects/myproject/QDQM/DataSense/4_Common_Code/csv/SUM_SORTING_CAT.csv,SUM_SORTING_CAT.csv,Common,463,73,1,73,100.0,2025-12-16
464,C:/projects/myproject/QDQM/DataSense/4_Common_Code/csv/SUM_TYP_VOL_name.csv,SUM_TYP_VOL_name.csv,Common,94,5,1,5,100.0,2025-12-16
465,C:/projects/myproject/QDQM/DataSense/4_Common_Code/csv/SUM_TYP_VOL.csv,SUM_TYP_VOL.csv,Common,52,5,1,5,100.0,2025-12-16
466,C:/projects/myproject/QDQM/DataSense/4_Common_Code/csv/SUM_SORTING_CAT_name.csv,SUM_SORTING_CAT_name.csv,Common,1230,73,1,73,100.0,2025-12-16
467,C:/projects/myproject/QDQM/DataSense/4_Common_Code/csv/SVC_CAT.csv,SVC_CAT.csv,Common,57,8,1,8,100.0,2025-12-16
468,C:/projects/myproject/QDQM/DataSense/4_Common_Code/csv/SVC_CAT_name.csv,SVC_CAT_name.csv,Common,99,8,1,8,100.0,2025-12-16
469,C:/projects/myproject/QDQM/DataSense/4_Common_Code/csv/SVC.csv,SVC.csv,Common,924,104,1,104,100.0,2025-12-16
470,C:/projects/myproject/QDQM/DataSense/4_Common_Code/csv/SVC_IN_EDI.csv,SVC_IN_EDI.csv,Common,230,43,1,43,100.0,2025-12-16
471,C:/projects/myproject/QDQM/DataSense/4_Common_Code/csv/SVC_IN_EDI_name.csv,SVC_IN_EDI_name.csv,Common,636,43,1,43,100.0,2025-12-16
472,C:/projects/myproject/QDQM/DataSense/4_Common_Code/csv/SVC_ISSUE_name.csv,SVC_ISSUE_name.csv,Common,79,6,1,6,100.0,2025-12-16
473,C:/projects/myproject/QDQM/DataSense/4_Common_Code/csv/SVC_ISSUE.csv,SVC_ISSUE.csv,Common,65,6,1,6,100.0,2025-12-16
474,C:/projects/myproject/QDQM/DataSense/4_Common_Code/csv/SVC_name.csv,SVC_name.csv,Common,1965,95,1,95,100.0,2025-12-16
475,C:/projects/myproject/QDQM/DataSense/4_Common_Code/csv/SVC_TYP_CD1_name.csv,SVC_TYP_CD1_name.csv,Common,119,7,1,7,100.0,2025-12-16
476,C:/projects/myproject/QDQM/DataSense/4_Common_Code/csv/SVC_TYP_CD3_name.csv,SVC_TYP_CD3_name.csv,Common,119,7,1,7,100.0,2025-12-16
477,C:/projects/myproject/QDQM/DataSense/4_Common_Code/csv/SYSTEM.csv,SYSTEM.csv,Common,126,23,1,23,100.0,2025-12-16
478,C:/projects/myproject/QDQM/DataSense/4_Common_Code/csv/SVC_TYP_CD2_name.csv,SVC_TYP_CD2_name.csv,Common,334,20,1,20,100.0,2025-12-16
479,C:/projects/myproject/QDQM/DataSense/4_Common_Code/csv/SVC_TYP_CD4_name.csv,SVC_TYP_CD4_name.csv,Common,74,4,1,4,100.0,2025-12-16
480,C:/projects/myproject/QDQM/DataSense/4_Common_Code/csv/SYSTEM_name.csv,SYSTEM_name.csv,Common,350,23,1,23,100.0,2025-12-16
481,C:/projects/myproject/QDQM/DataSense/4_Common_Code/csv/TA_ACEPTANCE_TYP_desc.csv,TA_ACEPTANCE_TYP_desc.csv,Common,118,5,1,5,100.0,2025-12-16
482,C:/projects/myproject/QDQM/DataSense/4_Common_Code/csv/TA_ACEPTANCE_TYP.csv,TA_ACEPTANCE_TYP.csv,Common,63,5,1,5,100.0,2025-12-16
483,C:/projects/myproject/QDQM/DataSense/4_Common_Code/csv/TA_ACEPTANCE_TYP_name.csv,TA_ACEPTANCE_TYP_name.csv,Common,91,5,1,5,100.0,2025-12-16
484,C:/projects/myproject/QDQM/DataSense/4_Common_Code/csv/TA_SALZ_STUS.csv,TA_SALZ_STUS.csv,Common,55,5,1,5,100.0,2025-12-16
485,C:/projects/myproject/QDQM/DataSense/4_Common_Code/csv/TA_SALZ_STUS_name.csv,TA_SALZ_STUS_name.csv,Common,83,5,1,5,100.0,2025-12-16
486,C:/projects/myproject/QDQM/DataSense/4_Common_Code/csv/TML_CAT.csv,TML_CAT.csv,Common,79,10,1,10,100.0,2025-12-16
487,C:/projects/myproject/QDQM/DataSense/4_Common_Code/csv/TML_CAT_CD_desc.csv,TML_CAT_CD_desc.csv,Common,76,4,1,4,100.0,2025-12-16
488,C:/projects/myproject/QDQM/DataSense/4_Common_Code/csv/TML_CAT_CD_name.csv,TML_CAT_CD_name.csv,Common,76,4,1,4,100.0,2025-12-16
489,C:/projects/myproject/QDQM/DataSense/4_Common_Code/csv/TML_CAT_name.csv,TML_CAT_name.csv,Common,133,10,1,10,100.0,2025-12-16
490,C:/projects/myproject/QDQM/DataSense/4_Common_Code/csv/TML_CAT_desc.csv,TML_CAT_desc.csv,Common,172,10,1,10,100.0,2025-12-16
491,C:/projects/myproject/QDQM/DataSense/4_Common_Code/csv/TOSS_CD_name.csv,TOSS_CD_name.csv,Common,129,4,1,4,100.0,2025-12-16
492,C:/projects/myproject/QDQM/DataSense/4_Common_Code/csv/TRANS_FEE_CAT.csv,TRANS_FEE_CAT.csv,Common,68,7,1,7,100.0,2025-12-16
493,C:/projects/myproject/QDQM/DataSense/4_Common_Code/csv/TRANS_FEE_CAT_desc.csv,TRANS_FEE_CAT_desc.csv,Common,143,7,1,7,100.0,2025-12-16
494,C:/projects/myproject/QDQM/DataSense/4_Common_Code/csv/UNIT_WORK_desc.csv,UNIT_WORK_desc.csv,Common,1132,29,1,29,100.0,2025-12-16
495,C:/projects/myproject/QDQM/DataSense/4_Common_Code/csv/TRANS_FEE_CAT_name.csv,TRANS_FEE_CAT_name.csv,Common,115,7,1,7,100.0,2025-12-16
496,C:/projects/myproject/QDQM/DataSense/4_Common_Code/csv/UNREGISTER_RSLT_name.csv,UNREGISTER_RSLT_name.csv,Common,138,9,1,9,100.0,2025-12-16
497,C:/projects/myproject/QDQM/DataSense/4_Common_Code/csv/UNIT_WORK.csv,UNIT_WORK.csv,Common,323,29,1,29,100.0,2025-12-16
498,C:/projects/myproject/QDQM/DataSense/4_Common_Code/csv/UNIT_WORK_name.csv,UNIT_WORK_name.csv,Common,1093,29,1,29,100.0,2025-12-16
499,C:/projects/myproject/QDQM/DataSense/4_Common_Code/csv/VHCL_FUEL.csv,VHCL_FUEL.csv,Common,47,5,1,5,100.0,2025-12-16
500,C:/projects/myproject/QDQM/DataSense/4_Common_Code/csv/VHCL_FUEL_name.csv,VHCL_FUEL_name.csv,Common,54,5,1,5,100.0,2025-12-16
501,C:/projects/myproject/QDQM/DataSense/4_Common_Code/csv/VHCL_MODEL_name.csv,VHCL_MODEL_name.csv,Common,81,8,1,8,100.0,2025-12-16
502,C:/projects/myproject/QDQM/DataSense/4_Common_Code/csv/VHCL_SHAPE_name.csv,VHCL_SHAPE_name.csv,Common,74,6,1,6,100.0,2025-12-16
503,C:/projects/myproject/QDQM/DataSense/4_Common_Code/csv/VHCL_STRUCT_CHG.csv,VHCL_STRUCT_CHG.csv,Common,49,4,1,4,100.0,2025-12-16
504,C:/projects/myproject/QDQM/DataSense/4_Common_Code/csv/VHCL_STRUCT_CHG_name.csv,VHCL_STRUCT_CHG_name.csv,Common,137,4,1,4,100.0,2025-12-16
505,C:/projects/myproject/QDQM/DataSense/4_Common_Code/csv/WBL_CHG_CAT.csv,WBL_CHG_CAT.csv,Common,82,7,1,7,100.0,2025-12-16
506,C:/projects/myproject/QDQM/DataSense/4_Common_Code/csv/VHCL_SHAPE.csv,VHCL_SHAPE.csv,Common,62,6,1,6,100.0,2025-12-16
507,C:/projects/myproject/QDQM/DataSense/4_Common_Code/csv/WBL_CHG_CAT_name.csv,WBL_CHG_CAT_name.csv,Common,179,7,1,7,100.0,2025-12-16
508,C:/projects/myproject/QDQM/DataSense/4_Common_Code/csv/WBL_DIV_CAT.csv,WBL_DIV_CAT.csv,Common,89,8,1,8,100.0,2025-12-16
509,C:/projects/myproject/QDQM/DataSense/4_Common_Code/csv/WBL_DEL_CAT_name.csv,WBL_DEL_CAT_name.csv,Common,114,5,1,5,100.0,2025-12-16
510,C:/projects/myproject/QDQM/DataSense/4_Common_Code/csv/WBL_DIV_CAT_name.csv,WBL_DIV_CAT_name.csv,Common,141,8,1,8,100.0,2025-12-16
511,C:/projects/myproject/QDQM/DataSense/4_Common_Code/csv/WBL_CLSF_name.csv,WBL_CLSF_name.csv,Common,63,6,1,6,100.0,2025-12-16
512,C:/projects/myproject/QDQM/DataSense/4_Common_Code/csv/WBL_DLV_CAT.csv,WBL_DLV_CAT.csv,Common,43,4,1,4,100.0,2025-12-16
513,C:/projects/myproject/QDQM/DataSense/4_Common_Code/csv/WBL_TYP_name.csv,WBL_TYP_name.csv,Common,339,42,1,42,100.0,2025-12-16
514,C:/projects/myproject/QDQM/DataSense/4_Common_Code/csv/WBL_DLV_CAT_name.csv,WBL_DLV_CAT_name.csv,Common,65,4,1,4,100.0,2025-12-16
515,C:/projects/myproject/QDQM/DataSense/4_Common_Code/csv/WBL_TYP.csv,WBL_TYP.csv,Common,198,42,1,42,100.0,2025-12-16
516,C:/projects/myproject/QDQM/DataSense/4_Common_Code/csv/WBL_UPDATE_CAT_name.csv,WBL_UPDATE_CAT_name.csv,Common,357,12,1,12,100.0,2025-12-16
517,C:/projects/myproject/QDQM/DataSense/4_Common_Code/csv/WBL_UPDATE_CAT.csv,WBL_UPDATE_CAT.csv,Common,156,12,1,12,100.0,2025-12-16
518,C:/projects/myproject/QDQM/DataSense/4_Common_Code/csv/WBL_TYP_desc.csv,WBL_TYP_desc.csv,Common,345,42,1,42,100.0,2025-12-16
519,C:/projects/myproject/QDQM/DataSense/4_Common_Code/csv/WH_IN_TM_name.csv,WH_IN_TM_name.csv,Common,110,11,1,11,100.0,2025-12-16
520,C:/projects/myproject/QDQM/DataSense/4_Common_Code/csv/WORK_PLACE_CAT.csv,WORK_PLACE_CAT.csv,Common,428,43,1,43,100.0,2025-12-16
521,C:/projects/myproject/QDQM/DataSense/4_Common_Code/csv/WORK_PLACE_TYP.csv,WORK_PLACE_TYP.csv,Common,55,4,1,4,100.0,2025-12-16
522,C:/projects/myproject/QDQM/DataSense/4_Common_Code/csv/WORK_PLACE_CAT_name.csv,WORK_PLACE_CAT_name.csv,Common,623,42,1,42,100.0,2025-12-16
523,C:/projects/myproject/QDQM/DataSense/4_Common_Code/csv/WORK_PLACE_TYP_name.csv,WORK_PLACE_TYP_name.csv,Common,62,4,1,4,100.0,2025-12-16
524,C:/projects/myproject/QDQM/DataSense/4_Common_Code/csv/WRKCD_desc.csv,WRKCD_desc.csv,Common,1377,69,1,69,100.0,2025-12-16
525,C:/projects/myproject/QDQM/DataSense/4_Common_Code/csv/WRK_CAT_desc.csv,WRK_CAT_desc.csv,Common,445,26,1,26,100.0,2025-12-16
526,C:/projects/myproject/QDQM/DataSense/4_Common_Code/csv/WRKCD_name.csv,WRKCD_name.csv,Common,1443,78,1,78,100.0,2025-12-16
527,C:/projects/myproject/QDQM/DataSense/4_Common_Code/csv/WRK_CAT_name.csv,WRK_CAT_name.csv,Common,476,28,1,28,100.0,2025-12-16
528,C:/projects/myproject/QDQM/DataSense/4_Common_Code/csv/WRKCD.csv,WRKCD.csv,Common,326,79,1,79,100.0,2025-12-16
529,C:/projects/myproject/QDQM/DataSense/4_Common_Code/csv/WRK_CAT.csv,WRK_CAT.csv,Common,290,31,1,31,100.0,2025-12-16
530,C:/projects/myproject/QDQM/DataSense/4_Common_Code/csv/WRK_DUPE_CAT_name.csv,WRK_DUPE_CAT_name.csv,Common,133,5,1,5,100.0,2025-12-16
531,C:/projects/myproject/QDQM/DataSense/4_Common_Code/csv/WRK.csv,WRK.csv,Common,841,80,1,80,100.0,2025-12-16
532,C:/projects/myproject/QDQM/DataSense/4_Common_Code/csv/WRK_DUPE_CAT.csv,WRK_DUPE_CAT.csv,Common,72,5,1,5,100.0,2025-12-16
533,C:/projects/myproject/QDQM/DataSense/4_Common_Code/csv/WRK_name.csv,WRK_name.csv,Common,1417,79,1,79,100.0,2025-12-16
534,C:/projects/myproject/QDQM/DataSense/4_Common_Code/csv/VENDOR.csv,VENDOR.csv,Common,157277,13110,1,10000,76.28,2025-12-16
535,C:/projects/myproject/QDQM/DataSense/4_Common_Code/csv/VENDOR_name.csv,VENDOR_name.csv,Common,271575,13099,1,10000,76.34,2025-12-16
536,C:/projects/myproject/QDQM/DataSense/5_Reference_Code/Source/Aircraft_Manufacturer.csv,Aircraft_Manufacturer.csv,Reference,26696,2469,1,2469,100.0,2025-12-16
537,C:/projects/myproject/QDQM/DataSense/5_Reference_Code/Source/Airline_IATA.csv,Airline_IATA.csv,Reference,4541,1131,1,1131,100.0,2025-12-16
538,C:/projects/myproject/QDQM/DataSense/5_Reference_Code/Source/Aircraft_Manufacturer_Name.csv,Aircraft_Manufacturer_Name.csv,Reference,92073,2469,1,2469,100.0,2025-12-16
539,C:/projects/myproject/QDQM/DataSense/5_Reference_Code/Source/Airline_ICAO.csv,Airline_ICAO.csv,Reference,7968,1589,1,1589,100.0,2025-12-16
540,C:/projects/myproject/QDQM/DataSense/5_Reference_Code/Source/Airline_Name.csv,Airline_Name.csv,Reference,37105,1728,1,1728,100.0,2025-12-16
541,C:/projects/myproject/QDQM/DataSense/5_Reference_Code/Source/Aircraft_Type.csv,Aircraft_Type.csv,Reference,15632,2695,1,2695,100.0,2025-12-16
542,C:/projects/myproject/QDQM/DataSense/5_Reference_Code/Source/Airline_Name_Eng.csv,Airline_Name_Eng.csv,Reference,34054,2065,1,2065,100.0,2025-12-16
543,C:/projects/myproject/QDQM/DataSense/5_Reference_Code/Source/ATC명5.csv,ATC명5.csv,Reference,7607,1085,1,1085,100.0,2025-12-16
544,C:/projects/myproject/QDQM/DataSense/5_Reference_Code/Source/Country_Eng.csv,Country_Eng.csv,Reference,2860,243,1,243,100.0,2025-12-16
545,C:/projects/myproject/QDQM/DataSense/5_Reference_Code/Source/Country.csv,Country.csv,Reference,3610,243,1,243,100.0,2025-12-16
546,C:/projects/myproject/QDQM/DataSense/5_Reference_Code/Source/Country_ISO2.csv,Country_ISO2.csv,Reference,1009,248,1,248,100.0,2025-12-16
547,C:/projects/myproject/QDQM/DataSense/5_Reference_Code/Source/ATC코드.csv,ATC코드.csv,Reference,12824,1450,1,1450,100.0,2025-12-16
548,C:/projects/myproject/QDQM/DataSense/5_Reference_Code/Source/Currency_Code.csv,Currency_Code.csv,Reference,868,170,1,170,100.0,2025-12-16
549,C:/projects/myproject/QDQM/DataSense/5_Reference_Code/Source/Currency_Name.csv,Currency_Name.csv,Reference,2601,170,1,170,100.0,2025-12-16
550,C:/projects/myproject/QDQM/DataSense/5_Reference_Code/Source/Aircraft_Model.csv,Aircraft_Model.csv,Reference,79609,5943,1,5943,100.0,2025-12-16
551,C:/projects/myproject/QDQM/DataSense/5_Reference_Code/Source/Country_ISO3.csv,Country_ISO3.csv,Reference,1262,249,1,249,100.0,2025-12-16
552,C:/projects/myproject/QDQM/DataSense/5_Reference_Code/Source/Region.csv,Region.csv,Reference,119,8,1,8,100.0,2025-12-16
553,C:/projects/myproject/QDQM/DataSense/5_Reference_Code/Source/Region_Eng.csv,Region_Eng.csv,Reference,109,8,1,8,100.0,2025-12-16
554,C:/projects/myproject/QDQM/DataSense/5_Reference_Code/Source/건물용도.csv,건물용도.csv,Reference,699,38,1,38,100.0,2025-12-16
555,C:/projects/myproject/QDQM/DataSense/5_Reference_Code/Source/UnitCode.csv,UnitCode.csv,Reference,1457,244,1,244,100.0,2025-12-16
556,C:/projects/myproject/QDQM/DataSense/5_Reference_Code/Source/건설기계.csv,건설기계.csv,Reference,633,33,1,33,100.0,2025-12-16
557,C:/projects/myproject/QDQM/DataSense/5_Reference_Code/Source/건축물구조.csv,건축물구조.csv,Reference,718,37,1,37,100.0,2025-12-16
558,C:/projects/myproject/QDQM/DataSense/5_Reference_Code/Source/공사종류.csv,공사종류.csv,Reference,532,28,1,28,100.0,2025-12-16
559,C:/projects/myproject/QDQM/DataSense/5_Reference_Code/Source/계정과목.csv,계정과목.csv,Reference,13246,663,1,663,100.0,2025-12-16
560,C:/projects/myproject/QDQM/DataSense/5_Reference_Code/Source/광물.csv,광물.csv,Reference,728,72,1,72,100.0,2025-12-16
561,C:/projects/myproject/QDQM/DataSense/5_Reference_Code/Source/국가명.csv,국가명.csv,Reference,5281,326,1,326,100.0,2025-12-16
562,C:/projects/myproject/QDQM/DataSense/5_Reference_Code/Source/금융회사명.csv,금융회사명.csv,Reference,2492,144,1,144,100.0,2025-12-16
563,C:/projects/myproject/QDQM/DataSense/5_Reference_Code/Source/군구명.csv,군구명.csv,Reference,3694,331,1,331,100.0,2025-12-16
564,C:/projects/myproject/QDQM/DataSense/5_Reference_Code/Source/City_Eng.csv,City_Eng.csv,Reference,61825,6627,1,6627,100.0,2025-12-16
565,C:/projects/myproject/QDQM/DataSense/5_Reference_Code/Source/농림수산시설.csv,농림수산시설.csv,Reference,295,20,1,20,100.0,2025-12-16
566,C:/projects/myproject/QDQM/DataSense/5_Reference_Code/Source/Airport_IATA.csv,Airport_IATA.csv,Reference,49047,9806,1,9806,100.0,2025-12-16
567,C:/projects/myproject/QDQM/DataSense/5_Reference_Code/Source/Airport_ICAO.csv,Airport_ICAO.csv,Reference,49935,8346,1,8346,100.0,2025-12-16
568,C:/projects/myproject/QDQM/DataSense/5_Reference_Code/Source/단위대문자.csv,단위대문자.csv,Reference,1544,260,1,260,100.0,2025-12-16
569,C:/projects/myproject/QDQM/DataSense/5_Reference_Code/Source/대출종류.csv,대출종류.csv,Reference,161,7,1,7,100.0,2025-12-16
570,C:/projects/myproject/QDQM/DataSense/5_Reference_Code/Source/단위코드.csv,단위코드.csv,Reference,1540,260,1,260,100.0,2025-12-16
571,C:/projects/myproject/QDQM/DataSense/5_Reference_Code/Source/Airport_Name.csv,Airport_Name.csv,Reference,154926,9468,1,9468,100.0,2025-12-16
572,C:/projects/myproject/QDQM/DataSense/5_Reference_Code/Source/농약명9.csv,농약명9.csv,Reference,48789,1192,1,1192,100.0,2025-12-16
573,C:/projects/myproject/QDQM/DataSense/5_Reference_Code/Source/대학교.csv,대학교.csv,Reference,8309,391,1,391,100.0,2025-12-16
574,C:/projects/myproject/QDQM/DataSense/5_Reference_Code/Source/HS영문품목명9.csv,HS영문품목명9.csv,Reference,219719,6172,1,6172,100.0,2025-12-16
575,C:/projects/myproject/QDQM/DataSense/5_Reference_Code/Source/HS한글품목명9.csv,HS한글품목명9.csv,Reference,263508,6188,1,6188,100.0,2025-12-16
576,C:/projects/myproject/QDQM/DataSense/5_Reference_Code/Source/면허세.csv,면허세.csv,Reference,16859,559,1,559,100.0,2025-12-16
577,C:/projects/myproject/QDQM/DataSense/5_Reference_Code/Source/기관명.csv,기관명.csv,Reference,200646,6798,1,6798,100.0,2025-12-16
578,C:/projects/myproject/QDQM/DataSense/5_Reference_Code/Source/Seaport_Name9.csv,Seaport_Name9.csv,Reference,373157,30924,1,10000,32.34,2025-12-16
579,C:/projects/myproject/QDQM/DataSense/5_Reference_Code/Source/HS부호.csv,HS부호.csv,Reference,147455,12467,1,10000,80.21,2025-12-16
580,C:/projects/myproject/QDQM/DataSense/5_Reference_Code/Source/보훈분류.csv,보훈분류.csv,Reference,1876,71,1,71,100.0,2025-12-16
581,C:/projects/myproject/QDQM/DataSense/5_Reference_Code/Source/Seaport_Code.csv,Seaport_Code.csv,Reference,225851,32262,1,10000,31.0,2025-12-16
582,C:/projects/myproject/QDQM/DataSense/5_Reference_Code/Source/사업자등록번호3.csv,사업자등록번호3.csv,Reference,7479,621,1,621,100.0,2025-12-16
583,C:/projects/myproject/QDQM/DataSense/5_Reference_Code/Source/법정동.csv,법정동.csv,Reference,65892,5712,1,5712,100.0,2025-12-16
584,C:/projects/myproject/QDQM/DataSense/5_Reference_Code/Source/농림축산품종명.csv,농림축산품종명.csv,Reference,126965,9211,1,9211,100.0,2025-12-16
585,C:/projects/myproject/QDQM/DataSense/5_Reference_Code/Source/법인번호7.csv,법인번호7.csv,Reference,98958,6596,1,6596,100.0,2025-12-16
586,C:/projects/myproject/QDQM/DataSense/5_Reference_Code/Source/법정리.csv,법정리.csv,Reference,139228,11605,1,10000,86.17,2025-12-16
587,C:/projects/myproject/QDQM/DataSense/5_Reference_Code/Source/선사명5.csv,선사명5.csv,Reference,3687,152,1,152,100.0,2025-12-16
588,C:/projects/myproject/QDQM/DataSense/5_Reference_Code/Source/도로명코드.csv,도로명코드.csv,Reference,2485048,177502,1,10000,5.63,2025-12-16
589,C:/projects/myproject/QDQM/DataSense/5_Reference_Code/Source/법정동코드.csv,법정동코드.csv,Reference,598328,49859,1,10000,20.06,2025-12-16
590,C:/projects/myproject/QDQM/DataSense/5_Reference_Code/Source/상병코드.csv,상병코드.csv,Reference,133009,21299,1,10000,46.95,2025-12-16
591,C:/projects/myproject/QDQM/DataSense/5_Reference_Code/Source/도로명.csv,도로명.csv,Reference,2625805,153942,1,10000,6.5,2025-12-16
592,C:/projects/myproject/QDQM/DataSense/5_Reference_Code/Source/수산업종.csv,수산업종.csv,Reference,4290,205,1,205,100.0,2025-12-16
593,C:/projects/myproject/QDQM/DataSense/5_Reference_Code/Source/시도명.csv,시도명.csv,Reference,602,48,1,48,100.0,2025-12-16
594,C:/projects/myproject/QDQM/DataSense/5_Reference_Code/Source/선사코드.csv,선사코드.csv,Reference,9267,1027,1,1027,100.0,2025-12-16
595,C:/projects/myproject/QDQM/DataSense/5_Reference_Code/Source/병원명.csv,병원명.csv,Reference,1373326,52673,1,10000,18.99,2025-12-16
596,C:/projects/myproject/QDQM/DataSense/5_Reference_Code/Source/시군구명.csv,시군구명.csv,Reference,3697,331,1,331,100.0,2025-12-16
597,C:/projects/myproject/QDQM/DataSense/5_Reference_Code/Source/식약업체명5.csv,식약업체명5.csv,Reference,8512,355,1,355,100.0,2025-12-16
598,C:/projects/myproject/QDQM/DataSense/5_Reference_Code/Source/시설물.csv,시설물.csv,Reference,23928,893,1,893,100.0,2025-12-16
599,C:/projects/myproject/QDQM/DataSense/5_Reference_Code/Source/업태명2.csv,업태명2.csv,Reference,616,62,1,62,100.0,2025-12-16
600,C:/projects/myproject/QDQM/DataSense/5_Reference_Code/Source/사업자등록번호7.csv,사업자등록번호7.csv,Reference,756405,54027,1,10000,18.51,2025-12-16
601,C:/projects/myproject/QDQM/DataSense/5_Reference_Code/Source/사업자등록번호5.csv,사업자등록번호5.csv,Reference,648351,54027,1,10000,18.51,2025-12-16
602,C:/projects/myproject/QDQM/DataSense/5_Reference_Code/Source/선박코드.csv,선박코드.csv,Reference,168261,23822,1,10000,41.98,2025-12-16
603,C:/projects/myproject/QDQM/DataSense/5_Reference_Code/Source/업종.csv,업종.csv,Reference,42760,1228,1,1228,100.0,2025-12-16
604,C:/projects/myproject/QDQM/DataSense/5_Reference_Code/Source/선박명5.csv,선박명5.csv,Reference,287975,21587,1,10000,46.32,2025-12-16
605,C:/projects/myproject/QDQM/DataSense/5_Reference_Code/Source/우편번호구3.csv,우편번호구3.csv,Reference,4407,516,1,516,100.0,2025-12-16
606,C:/projects/myproject/QDQM/DataSense/5_Reference_Code/Source/우편번호3.csv,우편번호3.csv,Reference,3182,452,1,452,100.0,2025-12-16
607,C:/projects/myproject/QDQM/DataSense/5_Reference_Code/Source/업종명2.csv,업종명2.csv,Reference,16805,1552,1,1552,100.0,2025-12-16
608,C:/projects/myproject/QDQM/DataSense/5_Reference_Code/Source/의료기관분류.csv,의료기관분류.csv,Reference,206,15,1,15,100.0,2025-12-16
609,C:/projects/myproject/QDQM/DataSense/5_Reference_Code/Source/식약주성분코드.csv,식약주성분코드.csv,Reference,49064,4458,1,4458,100.0,2025-12-16
610,C:/projects/myproject/QDQM/DataSense/5_Reference_Code/Source/운송사업자5.csv,운송사업자5.csv,Reference,88988,5075,1,5075,100.0,2025-12-16
611,C:/projects/myproject/QDQM/DataSense/5_Reference_Code/Source/읍면동.csv,읍면동.csv,Reference,45543,3983,1,3983,100.0,2025-12-16
612,C:/projects/myproject/QDQM/DataSense/5_Reference_Code/Source/의약품표준코드.csv,의약품표준코드.csv,Reference,1351,103,1,103,100.0,2025-12-16
613,C:/projects/myproject/QDQM/DataSense/5_Reference_Code/Source/의약품업체명5.csv,의약품업체명5.csv,Reference,10550,703,1,703,100.0,2025-12-16
614,C:/projects/myproject/QDQM/DataSense/5_Reference_Code/Source/원재료_학명9.csv,원재료_학명9.csv,Reference,209004,6159,1,6159,100.0,2025-12-16
615,C:/projects/myproject/QDQM/DataSense/5_Reference_Code/Source/자산계정.csv,자산계정.csv,Reference,99,8,1,8,100.0,2025-12-16
616,C:/projects/myproject/QDQM/DataSense/5_Reference_Code/Source/자격면허명.csv,자격면허명.csv,Reference,32353,1217,1,1217,100.0,2025-12-16
617,C:/projects/myproject/QDQM/DataSense/5_Reference_Code/Source/원재료_영문명9.csv,원재료_영문명9.csv,Reference,245729,9726,1,9726,100.0,2025-12-16
618,C:/projects/myproject/QDQM/DataSense/5_Reference_Code/Source/장애등급.csv,장애등급.csv,Reference,3083,120,1,120,100.0,2025-12-16
619,C:/projects/myproject/QDQM/DataSense/5_Reference_Code/Source/전표종류.csv,전표종류.csv,Reference,7075,220,1,220,100.0,2025-12-16
620,C:/projects/myproject/QDQM/DataSense/5_Reference_Code/Source/종교.csv,종교.csv,Reference,110,9,1,9,100.0,2025-12-16
621,C:/projects/myproject/QDQM/DataSense/5_Reference_Code/Source/조직.csv,조직.csv,Reference,13017,812,1,812,100.0,2025-12-16
622,C:/projects/myproject/QDQM/DataSense/5_Reference_Code/Source/좌표계.csv,좌표계.csv,Reference,62,8,1,8,100.0,2025-12-16
623,C:/projects/myproject/QDQM/DataSense/5_Reference_Code/Source/식약제품명5.csv,식약제품명5.csv,Reference,268736,16499,1,10000,60.61,2025-12-16
624,C:/projects/myproject/QDQM/DataSense/5_Reference_Code/Source/주거형태.csv,주거형태.csv,Reference,57,5,1,5,100.0,2025-12-16
625,C:/projects/myproject/QDQM/DataSense/5_Reference_Code/Source/지목.csv,지목.csv,Reference,307,28,1,28,100.0,2025-12-16
626,C:/projects/myproject/QDQM/DataSense/5_Reference_Code/Source/지방세목.csv,지방세목.csv,Reference,2897,125,1,125,100.0,2025-12-16
627,C:/projects/myproject/QDQM/DataSense/5_Reference_Code/Source/직군.csv,직군.csv,Reference,112,10,1,10,100.0,2025-12-16
628,C:/projects/myproject/QDQM/DataSense/5_Reference_Code/Source/지방세분류.csv,지방세분류.csv,Reference,9545,439,1,439,100.0,2025-12-16
629,C:/projects/myproject/QDQM/DataSense/5_Reference_Code/Source/원재료명9.csv,원재료명9.csv,Reference,563452,24112,1,10000,41.47,2025-12-16
630,C:/projects/myproject/QDQM/DataSense/5_Reference_Code/Source/유통판매업5.csv,유통판매업5.csv,Reference,534649,36030,1,10000,27.75,2025-12-16
631,C:/projects/myproject/QDQM/DataSense/5_Reference_Code/Source/직책.csv,직책.csv,Reference,279,23,1,23,100.0,2025-12-16
632,C:/projects/myproject/QDQM/DataSense/5_Reference_Code/Source/직업분류.csv,직업분류.csv,Reference,1090,35,1,35,100.0,2025-12-16
633,C:/projects/myproject/QDQM/DataSense/5_Reference_Code/Source/직무.csv,직무.csv,Reference,13808,672,1,672,100.0,2025-12-16
634,C:/projects/myproject/QDQM/DataSense/5_Reference_Code/Source/원재료코드.csv,원재료코드.csv,Reference,388114,24256,1,10000,41.23,2025-12-16
635,C:/projects/myproject/QDQM/DataSense/5_Reference_Code/Source/사업자명5.csv,사업자명5.csv,Reference,7898295,397543,1,10000,2.52,2025-12-16
636,C:/projects/myproject/QDQM/DataSense/5_Reference_Code/Source/직업명.csv,직업명.csv,Reference,11275,537,1,537,100.0,2025-12-16
637,C:/projects/myproject/QDQM/DataSense/5_Reference_Code/Source/차종.csv,차종.csv,Reference,575,32,1,32,100.0,2025-12-16
638,C:/projects/myproject/QDQM/DataSense/5_Reference_Code/Source/표준산업대분류.csv,표준산업대분류.csv,Reference,782,23,1,23,100.0,2025-12-16
639,C:/projects/myproject/QDQM/DataSense/5_Reference_Code/Source/증권종목코드.csv,증권종목코드.csv,Reference,21367,2668,1,2668,100.0,2025-12-16
640,C:/projects/myproject/QDQM/DataSense/5_Reference_Code/Source/표준산업소분류.csv,표준산업소분류.csv,Reference,7869,236,1,236,100.0,2025-12-16
641,C:/projects/myproject/QDQM/DataSense/5_Reference_Code/Source/표준산업세분류.csv,표준산업세분류.csv,Reference,17510,497,1,497,100.0,2025-12-16
642,C:/projects/myproject/QDQM/DataSense/5_Reference_Code/Source/의약품목기준코드.csv,의약품목기준코드.csv,Reference,1040401,94590,1,10000,10.57,2025-12-16
643,C:/projects/myproject/QDQM/DataSense/5_Reference_Code/Source/의약품명5.csv,의약품명5.csv,Reference,1293294,79944,1,10000,12.51,2025-12-16
644,C:/projects/myproject/QDQM/DataSense/5_Reference_Code/Source/품목_영문명.csv,품목_영문명.csv,Reference,16856,748,1,748,100.0,2025-12-16
645,C:/projects/myproject/QDQM/DataSense/5_Reference_Code/Source/표준산업분류.csv,표준산업분류.csv,Reference,8723,1237,1,1237,100.0,2025-12-16
646,C:/projects/myproject/QDQM/DataSense/5_Reference_Code/Source/항공기제작사9.csv,항공기제작사9.csv,Reference,554,36,1,36,100.0,2025-12-16
647,C:/projects/myproject/QDQM/DataSense/5_Reference_Code/Source/항공기종류.csv,항공기종류.csv,Reference,1301,119,1,119,100.0,2025-12-16
648,C:/projects/myproject/QDQM/DataSense/5_Reference_Code/Source/표준산업세세분류.csv,표준산업세세분류.csv,Reference,41121,1198,1,1198,100.0,2025-12-16
649,C:/projects/myproject/QDQM/DataSense/5_Reference_Code/Source/질병영문명5.csv,질병영문명5.csv,Reference,26796,3869,1,3869,100.0,2025-12-16
650,C:/projects/myproject/QDQM/DataSense/5_Reference_Code/Source/상호명5.csv,상호명5.csv,Reference,7452532,479033,1,10000,2.09,2025-12-16
651,C:/projects/myproject/QDQM/DataSense/5_Reference_Code/Source/자동차정비업체5.csv,자동차정비업체5.csv,Reference,350658,21722,1,10000,46.04,2025-12-16
652,C:/projects/myproject/QDQM/DataSense/5_Reference_Code/Source/행정동.csv,행정동.csv,Reference,37316,3163,1,3163,100.0,2025-12-16
653,C:/projects/myproject/QDQM/DataSense/5_Reference_Code/Source/행정동코드.csv,행정동코드.csv,Reference,41996,3498,1,3498,100.0,2025-12-16
654,C:/projects/myproject/QDQM/DataSense/5_Reference_Code/Source/품목분류코드.csv,품목분류코드.csv,Reference,107063,6690,1,6690,100.0,2025-12-16
655,C:/projects/myproject/QDQM/DataSense/5_Reference_Code/Source/품목명.csv,품목명.csv,Reference,109692,6431,1,6431,100.0,2025-12-16
656,C:/projects/myproject/QDQM/DataSense/5_Reference_Code/Source/질병분류코드.csv,질병분류코드.csv,Reference,157351,21906,1,10000,45.65,2025-12-16
657,C:/projects/myproject/QDQM/DataSense/5_Reference_Code/Source/질병명5.csv,질병명5.csv,Reference,160321,11735,1,10000,85.22,2025-12-16
658,C:/projects/myproject/QDQM/DataSense/6_Validation_Code/Source/가족관계.csv,가족관계.csv,Validation,1031,108,1,108,100.0,2025-12-16
659,C:/projects/myproject/QDQM/DataSense/6_Validation_Code/Source/전화국가번호.csv,전화국가번호.csv,Validation,1311,244,1,244,100.0,2025-12-16
660,C:/projects/myproject/QDQM/DataSense/6_Validation_Code/Source/전화지역번호.csv,전화지역번호.csv,Validation,132,22,1,22,100.0,2025-12-16
661,C:/projects/myproject/QDQM/DataSense/6_Validation_Code/Source/한글성명.csv,한글성명.csv,Validation,897,80,1,80,100.0,2025-12-16
662,C:/projects/myproject/QDQM/DataSense/6_Validation_Code/Source/한국성씨.csv,한국성씨.csv,Validation,2686,520,1,520,100.0,2025-12-16
663,C:/projects/myproject/QDQM/DataSense/6_Validation_Code/Source/한국성씨_한자.csv,한국성씨_한자.csv,Validation,2689,520,1,520,100.0,2025-12-16
664,C:/projects/myproject/QDQM/DataSense/6_Validation_Code/Source/연월.csv,연월.csv,Validation,19219,2401,1,2401,100.0,2025-12-16
665,C:/projects/myproject/QDQM/DataSense/6_Validation_Code/Source/연월일.csv,연월일.csv,Validation,730514,73050,1,10000,13.69,2025-12-16
666,C:/projects/myproject/QDQM/DataSense/6_Validation_Code/Source/주민번호6자리.csv,주민번호6자리.csv,Validation,292224,36525,1,10000,27.38,2025-12-16
