FileName,ColumnName,CodeFile_n,Check
COMPANY.csv,Address,test.csv,1
CUSTOMER.csv,고객번호,고객마스터.csv,1
CUSTOMER.csv,고객번호,수입관리_고객.csv,1
CUSTOMER.csv,고객번호,택배_고객.csv,1
고객마스터.csv,고객번호,수입관리_고객.csv,1
고객마스터.csv,고객번호,택배_고객.csv,1
수입관리_고객.csv,고객번호,택배_고객.csv,1
CUSTOMER.csv,개인기업고객구분,개인고객.csv,1
CUSTOMER.csv,개인기업고객구분,기업고객.csv,1
CUSTOMER.csv,개인기업고객구분,택배_고객.csv,1
개인고객.csv,개인기업고객구분,기업고객.csv,1
개인고객.csv,개인기업고객구분,택배_고객.csv,1
기업고객.csv,개인기업고객구분,택배_고객.csv,1
CUSTOMER.csv,사업구분,개인고객.csv,1
CUSTOMER.csv,사업구분,기업고객.csv,1
CUSTOMER.csv,사업구분,상품분류.csv,1
CUSTOMER.csv,사업구분,상품코드.csv,1
CUSTOMER.csv,사업구분,택배_고객.csv,1
개인고객.csv,사업구분,기업고객.csv,1
개인고객.csv,사업구분,상품분류.csv,1
개인고객.csv,사업구분,상품코드.csv,1
개인고객.csv,사업구분,택배_고객.csv,1
기업고객.csv,사업구분,상품분류.csv,1
기업고객.csv,사업구분,상품코드.csv,1
기업고객.csv,사업구분,택배_고객.csv,1
상품분류.csv,사업구분,상품코드.csv,1
상품분류.csv,사업구분,택배_고객.csv,1
상품코드.csv,사업구분,택배_고객.csv,1
CUSTOMER.csv,고객명,OneClick고객.csv,1
CUSTOMER.csv,고객명,개인고객.csv,1
CUSTOMER.csv,고객명,계약마스터.csv,1
CUSTOMER.csv,고객명,고객마스터.csv,1
CUSTOMER.csv,고객명,관리회계_고객.csv,1
CUSTOMER.csv,고객명,사업자등록번호정보.csv,1
CUSTOMER.csv,고객명,수입관리_고객.csv,1
OneClick고객.csv,고객명,개인고객.csv,1
OneClick고객.csv,고객명,계약마스터.csv,1
OneClick고객.csv,고객명,고객마스터.csv,1
OneClick고객.csv,고객명,관리회계_고객.csv,1
OneClick고객.csv,고객명,사업자등록번호정보.csv,1
OneClick고객.csv,고객명,수입관리_고객.csv,1
개인고객.csv,고객명,계약마스터.csv,1
개인고객.csv,고객명,고객마스터.csv,1
개인고객.csv,고객명,관리회계_고객.csv,1
개인고객.csv,고객명,사업자등록번호정보.csv,1
개인고객.csv,고객명,수입관리_고객.csv,1
계약마스터.csv,고객명,고객마스터.csv,1
계약마스터.csv,고객명,관리회계_고객.csv,1
계약마스터.csv,고객명,사업자등록번호정보.csv,1
계약마스터.csv,고객명,수입관리_고객.csv,1
고객마스터.csv,고객명,관리회계_고객.csv,1
고객마스터.csv,고객명,사업자등록번호정보.csv,1
고객마스터.csv,고객명,수입관리_고객.csv,1
관리회계_고객.csv,고객명,사업자등록번호정보.csv,1
관리회계_고객.csv,고객명,수입관리_고객.csv,1
사업자등록번호정보.csv,고객명,수입관리_고객.csv,1
CUSTOMER.csv,영문고객명,개인고객.csv,1
CUSTOMER.csv,영문고객명,기업고객.csv,1
CUSTOMER.csv,영문고객명,택배_고객.csv,1
개인고객.csv,영문고객명,기업고객.csv,1
개인고객.csv,영문고객명,택배_고객.csv,1
기업고객.csv,영문고객명,택배_고객.csv,1
CUSTOMER.csv,국가코드,개인고객.csv,1
CUSTOMER.csv,국가코드,기업고객.csv,1
CUSTOMER.csv,국가코드,선석.csv,1
CUSTOMER.csv,국가코드,택배_고객.csv,1
개인고객.csv,국가코드,기업고객.csv,1
개인고객.csv,국가코드,선석.csv,1
개인고객.csv,국가코드,택배_고객.csv,1
기업고객.csv,국가코드,선석.csv,1
기업고객.csv,국가코드,택배_고객.csv,1
선석.csv,국가코드,택배_고객.csv,1
CUSTOMER.csv,주민_사업자등록번호,택배_고객.csv,1
CUSTOMER.csv,우편번호,ORGNIZATION.csv,1
CUSTOMER.csv,우편번호,개인고객.csv,1
CUSTOMER.csv,우편번호,고객마스터.csv,1
CUSTOMER.csv,우편번호,배송점.csv,1
CUSTOMER.csv,우편번호,서브터미널.csv,1
CUSTOMER.csv,우편번호,영업소.csv,1
CUSTOMER.csv,우편번호,택배_조직도.csv,1
ORGNIZATION.csv,우편번호,개인고객.csv,1
ORGNIZATION.csv,우편번호,고객마스터.csv,1
ORGNIZATION.csv,우편번호,배송점.csv,1
ORGNIZATION.csv,우편번호,서브터미널.csv,1
ORGNIZATION.csv,우편번호,영업소.csv,1
ORGNIZATION.csv,우편번호,택배_조직도.csv,1
개인고객.csv,우편번호,고객마스터.csv,1
개인고객.csv,우편번호,배송점.csv,1
개인고객.csv,우편번호,서브터미널.csv,1
개인고객.csv,우편번호,영업소.csv,1
개인고객.csv,우편번호,택배_조직도.csv,1
고객마스터.csv,우편번호,배송점.csv,1
고객마스터.csv,우편번호,서브터미널.csv,1
고객마스터.csv,우편번호,영업소.csv,1
고객마스터.csv,우편번호,택배_조직도.csv,1
배송점.csv,우편번호,서브터미널.csv,1
배송점.csv,우편번호,영업소.csv,1
배송점.csv,우편번호,택배_조직도.csv,1
서브터미널.csv,우편번호,영업소.csv,1
서브터미널.csv,우편번호,택배_조직도.csv,1
영업소.csv,우편번호,택배_조직도.csv,1
CUSTOMER.csv,주소,개인고객.csv,1
CUSTOMER.csv,주소,고객마스터.csv,1
CUSTOMER.csv,주소,기업고객.csv,1
CUSTOMER.csv,주소,사원마스터.csv,1
CUSTOMER.csv,주소,수입관리_고객.csv,1
CUSTOMER.csv,주소,영업소.csv,1
개인고객.csv,주소,고객마스터.csv,1
개인고객.csv,주소,기업고객.csv,1
개인고객.csv,주소,사원마스터.csv,1
개인고객.csv,주소,수입관리_고객.csv,1
개인고객.csv,주소,영업소.csv,1
고객마스터.csv,주소,기업고객.csv,1
고객마스터.csv,주소,사원마스터.csv,1
고객마스터.csv,주소,수입관리_고객.csv,1
고객마스터.csv,주소,영업소.csv,1
기업고객.csv,주소,사원마스터.csv,1
기업고객.csv,주소,수입관리_고객.csv,1
기업고객.csv,주소,영업소.csv,1
사원마스터.csv,주소,수입관리_고객.csv,1
사원마스터.csv,주소,영업소.csv,1
수입관리_고객.csv,주소,영업소.csv,1
CUSTOMER.csv,청구부서,기업고객.csv,1
CUSTOMER.csv,청구지우편번호,기업고객.csv,1
CUSTOMER.csv,청구지주소,기업고객.csv,1
CUSTOMER.csv,판매일,개인고객.csv,1
CUSTOMER.csv,판매일,기업고객.csv,1
CUSTOMER.csv,판매일,택배_고객.csv,1
개인고객.csv,판매일,기업고객.csv,1
개인고객.csv,판매일,택배_고객.csv,1
기업고객.csv,판매일,택배_고객.csv,1
CUSTOMER.csv,판매점소,개인고객.csv,1
CUSTOMER.csv,판매점소,기업고객.csv,1
CUSTOMER.csv,판매점소,택배_고객.csv,1
개인고객.csv,판매점소,기업고객.csv,1
개인고객.csv,판매점소,택배_고객.csv,1
기업고객.csv,판매점소,택배_고객.csv,1
CUSTOMER.csv,판매원사번,기업고객.csv,1
CUSTOMER.csv,판매원사번,택배_고객.csv,1
기업고객.csv,판매원사번,택배_고객.csv,1
CUSTOMER.csv,담당부서,기업고객.csv,1
CUSTOMER.csv,담당부서,택배_고객.csv,1
기업고객.csv,담당부서,택배_고객.csv,1
CUSTOMER.csv,집하지우편번호,개인고객.csv,1
CUSTOMER.csv,집하지우편번호,기업고객.csv,1
CUSTOMER.csv,집하지우편번호,택배_고객.csv,1
개인고객.csv,집하지우편번호,기업고객.csv,1
개인고객.csv,집하지우편번호,택배_고객.csv,1
기업고객.csv,집하지우편번호,택배_고객.csv,1
CUSTOMER.csv,집하지대번지,기업고객.csv,1
CUSTOMER.csv,집하지대번지,택배_고객.csv,1
기업고객.csv,집하지대번지,택배_고객.csv,1
CUSTOMER.csv,집하지소번지,기업고객.csv,1
CUSTOMER.csv,집하지소번지,택배_고객.csv,1
기업고객.csv,집하지소번지,택배_고객.csv,1
CUSTOMER.csv,집하지주소,개인고객.csv,1
CUSTOMER.csv,집하지주소,기업고객.csv,1
개인고객.csv,집하지주소,기업고객.csv,1
CUSTOMER.csv,1ST_STREET,개인고객.csv,1
CUSTOMER.csv,1ST_STREET,기업고객.csv,1
개인고객.csv,1ST_STREET,기업고객.csv,1
CUSTOMER.csv,계약기간종료일,개인고객.csv,1
CUSTOMER.csv,계약기간종료일,기업고객.csv,1
개인고객.csv,계약기간종료일,기업고객.csv,1
CUSTOMER.csv,청구점소,개인고객.csv,1
CUSTOMER.csv,청구점소,기업고객.csv,1
개인고객.csv,청구점소,기업고객.csv,1
CUSTOMER.csv,수금점소,개인고객.csv,1
CUSTOMER.csv,수금점소,기업고객.csv,1
개인고객.csv,수금점소,기업고객.csv,1
CUSTOMER.csv,최종수정일시,개인고객.csv,1
CUSTOMER.csv,최종수정일시,기업고객.csv,1
개인고객.csv,최종수정일시,기업고객.csv,1
CUSTOMER.csv,최종변경자사번,개인고객.csv,1
CUSTOMER.csv,최종변경자사번,기업고객.csv,1
개인고객.csv,최종변경자사번,기업고객.csv,1
CUSTOMER.csv,집하점소,개인고객.csv,1
CUSTOMER.csv,집하점소,기업고객.csv,1
개인고객.csv,집하점소,기업고객.csv,1
CUSTOMER.csv,수입조직,개인고객.csv,1
CUSTOMER.csv,수입조직,기업고객.csv,1
CUSTOMER.csv,수입조직,택배_고객.csv,1
개인고객.csv,수입조직,기업고객.csv,1
개인고객.csv,수입조직,택배_고객.csv,1
기업고객.csv,수입조직,택배_고객.csv,1
CUSTOMER.csv,법인번호,관리회계_고객.csv,1
CUSTOMER.csv,법인번호,법인정보.csv,1
CUSTOMER.csv,법인번호,사업자등록번호정보.csv,1
CUSTOMER.csv,법인번호,수입관리_고객.csv,1
관리회계_고객.csv,법인번호,법인정보.csv,1
관리회계_고객.csv,법인번호,사업자등록번호정보.csv,1
관리회계_고객.csv,법인번호,수입관리_고객.csv,1
법인정보.csv,법인번호,사업자등록번호정보.csv,1
법인정보.csv,법인번호,수입관리_고객.csv,1
사업자등록번호정보.csv,법인번호,수입관리_고객.csv,1
CUSTOMER.csv,최종변경일시,PRM계약.csv,1
CUSTOMER.csv,최종변경일시,개인고객.csv,1
CUSTOMER.csv,최종변경일시,계약마스터.csv,1
CUSTOMER.csv,최종변경일시,계정과목코드.csv,1
CUSTOMER.csv,최종변경일시,고객유형.csv,1
CUSTOMER.csv,최종변경일시,관리회계_계정그룹.csv,1
CUSTOMER.csv,최종변경일시,관리회계_계정그룹상세.csv,1
CUSTOMER.csv,최종변경일시,관리회계_고객.csv,1
CUSTOMER.csv,최종변경일시,관리회계_공통코드.csv,1
CUSTOMER.csv,최종변경일시,관리회계_분류공통코드.csv,1
CUSTOMER.csv,최종변경일시,관리회계_사업.csv,1
CUSTOMER.csv,최종변경일시,관리회계_조직.csv,1
CUSTOMER.csv,최종변경일시,관리회계_조직_test.csv,1
CUSTOMER.csv,최종변경일시,관리회계_조직그룹.csv,1
CUSTOMER.csv,최종변경일시,관리회계_조직그룹상세.csv,1
CUSTOMER.csv,최종변경일시,관리회계계정.csv,1
CUSTOMER.csv,최종변경일시,기업고객.csv,1
CUSTOMER.csv,최종변경일시,미배송사유코드.csv,1
CUSTOMER.csv,최종변경일시,법인정보.csv,1
CUSTOMER.csv,최종변경일시,사업구분.csv,1
CUSTOMER.csv,최종변경일시,사용자.csv,1
CUSTOMER.csv,최종변경일시,사원기본.csv,1
CUSTOMER.csv,최종변경일시,사원마스터.csv,1
CUSTOMER.csv,최종변경일시,상품분류.csv,1
CUSTOMER.csv,최종변경일시,상품코드.csv,1
CUSTOMER.csv,최종변경일시,선박.csv,1
CUSTOMER.csv,최종변경일시,선석.csv,1
CUSTOMER.csv,최종변경일시,수입관리_고객.csv,1
CUSTOMER.csv,최종변경일시,수입관리점소.csv,1
CUSTOMER.csv,최종변경일시,영업소.csv,1
CUSTOMER.csv,최종변경일시,원가인명정보.csv,1
CUSTOMER.csv,최종변경일시,작업코드.csv,1
CUSTOMER.csv,최종변경일시,조직_수입관리.csv,1
CUSTOMER.csv,최종변경일시,지점코드.csv,1
CUSTOMER.csv,최종변경일시,택배BI_조직.csv,1
CUSTOMER.csv,최종변경일시,택배_고객.csv,1
CUSTOMER.csv,최종변경일시,택배관리회계조직매핑.csv,1
PRM계약.csv,최종변경일시,개인고객.csv,1
PRM계약.csv,최종변경일시,계약마스터.csv,1
PRM계약.csv,최종변경일시,계정과목코드.csv,1
PRM계약.csv,최종변경일시,고객유형.csv,1
PRM계약.csv,최종변경일시,관리회계_계정그룹.csv,1
PRM계약.csv,최종변경일시,관리회계_계정그룹상세.csv,1
PRM계약.csv,최종변경일시,관리회계_고객.csv,1
PRM계약.csv,최종변경일시,관리회계_공통코드.csv,1
PRM계약.csv,최종변경일시,관리회계_분류공통코드.csv,1
PRM계약.csv,최종변경일시,관리회계_사업.csv,1
PRM계약.csv,최종변경일시,관리회계_조직.csv,1
PRM계약.csv,최종변경일시,관리회계_조직_test.csv,1
PRM계약.csv,최종변경일시,관리회계_조직그룹.csv,1
PRM계약.csv,최종변경일시,관리회계_조직그룹상세.csv,1
PRM계약.csv,최종변경일시,관리회계계정.csv,1
PRM계약.csv,최종변경일시,기업고객.csv,1
PRM계약.csv,최종변경일시,미배송사유코드.csv,1
PRM계약.csv,최종변경일시,법인정보.csv,1
PRM계약.csv,최종변경일시,사업구분.csv,1
PRM계약.csv,최종변경일시,사용자.csv,1
PRM계약.csv,최종변경일시,사원기본.csv,1
PRM계약.csv,최종변경일시,사원마스터.csv,1
PRM계약.csv,최종변경일시,상품분류.csv,1
PRM계약.csv,최종변경일시,상품코드.csv,1
PRM계약.csv,최종변경일시,선박.csv,1
PRM계약.csv,최종변경일시,선석.csv,1
PRM계약.csv,최종변경일시,수입관리_고객.csv,1
PRM계약.csv,최종변경일시,수입관리점소.csv,1
PRM계약.csv,최종변경일시,영업소.csv,1
PRM계약.csv,최종변경일시,원가인명정보.csv,1
PRM계약.csv,최종변경일시,작업코드.csv,1
PRM계약.csv,최종변경일시,조직_수입관리.csv,1
PRM계약.csv,최종변경일시,지점코드.csv,1
PRM계약.csv,최종변경일시,택배BI_조직.csv,1
PRM계약.csv,최종변경일시,택배_고객.csv,1
PRM계약.csv,최종변경일시,택배관리회계조직매핑.csv,1
개인고객.csv,최종변경일시,계약마스터.csv,1
개인고객.csv,최종변경일시,계정과목코드.csv,1
개인고객.csv,최종변경일시,고객유형.csv,1
개인고객.csv,최종변경일시,관리회계_계정그룹.csv,1
개인고객.csv,최종변경일시,관리회계_계정그룹상세.csv,1
개인고객.csv,최종변경일시,관리회계_고객.csv,1
개인고객.csv,최종변경일시,관리회계_공통코드.csv,1
개인고객.csv,최종변경일시,관리회계_분류공통코드.csv,1
개인고객.csv,최종변경일시,관리회계_사업.csv,1
개인고객.csv,최종변경일시,관리회계_조직.csv,1
개인고객.csv,최종변경일시,관리회계_조직_test.csv,1
개인고객.csv,최종변경일시,관리회계_조직그룹.csv,1
개인고객.csv,최종변경일시,관리회계_조직그룹상세.csv,1
개인고객.csv,최종변경일시,관리회계계정.csv,1
개인고객.csv,최종변경일시,기업고객.csv,1
개인고객.csv,최종변경일시,미배송사유코드.csv,1
개인고객.csv,최종변경일시,법인정보.csv,1
개인고객.csv,최종변경일시,사업구분.csv,1
개인고객.csv,최종변경일시,사용자.csv,1
개인고객.csv,최종변경일시,사원기본.csv,1
개인고객.csv,최종변경일시,사원마스터.csv,1
개인고객.csv,최종변경일시,상품분류.csv,1
개인고객.csv,최종변경일시,상품코드.csv,1
개인고객.csv,최종변경일시,선박.csv,1
개인고객.csv,최종변경일시,선석.csv,1
개인고객.csv,최종변경일시,수입관리_고객.csv,1
개인고객.csv,최종변경일시,수입관리점소.csv,1
개인고객.csv,최종변경일시,영업소.csv,1
개인고객.csv,최종변경일시,원가인명정보.csv,1
개인고객.csv,최종변경일시,작업코드.csv,1
개인고객.csv,최종변경일시,조직_수입관리.csv,1
개인고객.csv,최종변경일시,지점코드.csv,1
개인고객.csv,최종변경일시,택배BI_조직.csv,1
개인고객.csv,최종변경일시,택배_고객.csv,1
개인고객.csv,최종변경일시,택배관리회계조직매핑.csv,1
계약마스터.csv,최종변경일시,계정과목코드.csv,1
계약마스터.csv,최종변경일시,고객유형.csv,1
계약마스터.csv,최종변경일시,관리회계_계정그룹.csv,1
계약마스터.csv,최종변경일시,관리회계_계정그룹상세.csv,1
계약마스터.csv,최종변경일시,관리회계_고객.csv,1
계약마스터.csv,최종변경일시,관리회계_공통코드.csv,1
계약마스터.csv,최종변경일시,관리회계_분류공통코드.csv,1
계약마스터.csv,최종변경일시,관리회계_사업.csv,1
계약마스터.csv,최종변경일시,관리회계_조직.csv,1
계약마스터.csv,최종변경일시,관리회계_조직_test.csv,1
계약마스터.csv,최종변경일시,관리회계_조직그룹.csv,1
계약마스터.csv,최종변경일시,관리회계_조직그룹상세.csv,1
계약마스터.csv,최종변경일시,관리회계계정.csv,1
계약마스터.csv,최종변경일시,기업고객.csv,1
계약마스터.csv,최종변경일시,미배송사유코드.csv,1
계약마스터.csv,최종변경일시,법인정보.csv,1
계약마스터.csv,최종변경일시,사업구분.csv,1
계약마스터.csv,최종변경일시,사용자.csv,1
계약마스터.csv,최종변경일시,사원기본.csv,1
계약마스터.csv,최종변경일시,사원마스터.csv,1
계약마스터.csv,최종변경일시,상품분류.csv,1
계약마스터.csv,최종변경일시,상품코드.csv,1
계약마스터.csv,최종변경일시,선박.csv,1
계약마스터.csv,최종변경일시,선석.csv,1
계약마스터.csv,최종변경일시,수입관리_고객.csv,1
계약마스터.csv,최종변경일시,수입관리점소.csv,1
계약마스터.csv,최종변경일시,영업소.csv,1
계약마스터.csv,최종변경일시,원가인명정보.csv,1
계약마스터.csv,최종변경일시,작업코드.csv,1
계약마스터.csv,최종변경일시,조직_수입관리.csv,1
계약마스터.csv,최종변경일시,지점코드.csv,1
계약마스터.csv,최종변경일시,택배BI_조직.csv,1
계약마스터.csv,최종변경일시,택배_고객.csv,1
계약마스터.csv,최종변경일시,택배관리회계조직매핑.csv,1
계정과목코드.csv,최종변경일시,고객유형.csv,1
계정과목코드.csv,최종변경일시,관리회계_계정그룹.csv,1
계정과목코드.csv,최종변경일시,관리회계_계정그룹상세.csv,1
계정과목코드.csv,최종변경일시,관리회계_고객.csv,1
계정과목코드.csv,최종변경일시,관리회계_공통코드.csv,1
계정과목코드.csv,최종변경일시,관리회계_분류공통코드.csv,1
계정과목코드.csv,최종변경일시,관리회계_사업.csv,1
계정과목코드.csv,최종변경일시,관리회계_조직.csv,1
계정과목코드.csv,최종변경일시,관리회계_조직_test.csv,1
계정과목코드.csv,최종변경일시,관리회계_조직그룹.csv,1
계정과목코드.csv,최종변경일시,관리회계_조직그룹상세.csv,1
계정과목코드.csv,최종변경일시,관리회계계정.csv,1
계정과목코드.csv,최종변경일시,기업고객.csv,1
계정과목코드.csv,최종변경일시,미배송사유코드.csv,1
계정과목코드.csv,최종변경일시,법인정보.csv,1
계정과목코드.csv,최종변경일시,사업구분.csv,1
계정과목코드.csv,최종변경일시,사용자.csv,1
계정과목코드.csv,최종변경일시,사원기본.csv,1
계정과목코드.csv,최종변경일시,사원마스터.csv,1
계정과목코드.csv,최종변경일시,상품분류.csv,1
계정과목코드.csv,최종변경일시,상품코드.csv,1
계정과목코드.csv,최종변경일시,선박.csv,1
계정과목코드.csv,최종변경일시,선석.csv,1
계정과목코드.csv,최종변경일시,수입관리_고객.csv,1
계정과목코드.csv,최종변경일시,수입관리점소.csv,1
계정과목코드.csv,최종변경일시,영업소.csv,1
계정과목코드.csv,최종변경일시,원가인명정보.csv,1
계정과목코드.csv,최종변경일시,작업코드.csv,1
계정과목코드.csv,최종변경일시,조직_수입관리.csv,1
계정과목코드.csv,최종변경일시,지점코드.csv,1
계정과목코드.csv,최종변경일시,택배BI_조직.csv,1
계정과목코드.csv,최종변경일시,택배_고객.csv,1
계정과목코드.csv,최종변경일시,택배관리회계조직매핑.csv,1
고객유형.csv,최종변경일시,관리회계_계정그룹.csv,1
고객유형.csv,최종변경일시,관리회계_계정그룹상세.csv,1
고객유형.csv,최종변경일시,관리회계_고객.csv,1
고객유형.csv,최종변경일시,관리회계_공통코드.csv,1
고객유형.csv,최종변경일시,관리회계_분류공통코드.csv,1
고객유형.csv,최종변경일시,관리회계_사업.csv,1
고객유형.csv,최종변경일시,관리회계_조직.csv,1
고객유형.csv,최종변경일시,관리회계_조직_test.csv,1
고객유형.csv,최종변경일시,관리회계_조직그룹.csv,1
고객유형.csv,최종변경일시,관리회계_조직그룹상세.csv,1
고객유형.csv,최종변경일시,관리회계계정.csv,1
고객유형.csv,최종변경일시,기업고객.csv,1
고객유형.csv,최종변경일시,미배송사유코드.csv,1
고객유형.csv,최종변경일시,법인정보.csv,1
고객유형.csv,최종변경일시,사업구분.csv,1
고객유형.csv,최종변경일시,사용자.csv,1
고객유형.csv,최종변경일시,사원기본.csv,1
고객유형.csv,최종변경일시,사원마스터.csv,1
고객유형.csv,최종변경일시,상품분류.csv,1
고객유형.csv,최종변경일시,상품코드.csv,1
고객유형.csv,최종변경일시,선박.csv,1
고객유형.csv,최종변경일시,선석.csv,1
고객유형.csv,최종변경일시,수입관리_고객.csv,1
고객유형.csv,최종변경일시,수입관리점소.csv,1
고객유형.csv,최종변경일시,영업소.csv,1
고객유형.csv,최종변경일시,원가인명정보.csv,1
고객유형.csv,최종변경일시,작업코드.csv,1
고객유형.csv,최종변경일시,조직_수입관리.csv,1
고객유형.csv,최종변경일시,지점코드.csv,1
고객유형.csv,최종변경일시,택배BI_조직.csv,1
고객유형.csv,최종변경일시,택배_고객.csv,1
고객유형.csv,최종변경일시,택배관리회계조직매핑.csv,1
관리회계_계정그룹.csv,최종변경일시,관리회계_계정그룹상세.csv,1
관리회계_계정그룹.csv,최종변경일시,관리회계_고객.csv,1
관리회계_계정그룹.csv,최종변경일시,관리회계_공통코드.csv,1
관리회계_계정그룹.csv,최종변경일시,관리회계_분류공통코드.csv,1
관리회계_계정그룹.csv,최종변경일시,관리회계_사업.csv,1
관리회계_계정그룹.csv,최종변경일시,관리회계_조직.csv,1
관리회계_계정그룹.csv,최종변경일시,관리회계_조직_test.csv,1
관리회계_계정그룹.csv,최종변경일시,관리회계_조직그룹.csv,1
관리회계_계정그룹.csv,최종변경일시,관리회계_조직그룹상세.csv,1
관리회계_계정그룹.csv,최종변경일시,관리회계계정.csv,1
관리회계_계정그룹.csv,최종변경일시,기업고객.csv,1
관리회계_계정그룹.csv,최종변경일시,미배송사유코드.csv,1
관리회계_계정그룹.csv,최종변경일시,법인정보.csv,1
관리회계_계정그룹.csv,최종변경일시,사업구분.csv,1
관리회계_계정그룹.csv,최종변경일시,사용자.csv,1
관리회계_계정그룹.csv,최종변경일시,사원기본.csv,1
관리회계_계정그룹.csv,최종변경일시,사원마스터.csv,1
관리회계_계정그룹.csv,최종변경일시,상품분류.csv,1
관리회계_계정그룹.csv,최종변경일시,상품코드.csv,1
관리회계_계정그룹.csv,최종변경일시,선박.csv,1
관리회계_계정그룹.csv,최종변경일시,선석.csv,1
관리회계_계정그룹.csv,최종변경일시,수입관리_고객.csv,1
관리회계_계정그룹.csv,최종변경일시,수입관리점소.csv,1
관리회계_계정그룹.csv,최종변경일시,영업소.csv,1
관리회계_계정그룹.csv,최종변경일시,원가인명정보.csv,1
관리회계_계정그룹.csv,최종변경일시,작업코드.csv,1
관리회계_계정그룹.csv,최종변경일시,조직_수입관리.csv,1
관리회계_계정그룹.csv,최종변경일시,지점코드.csv,1
관리회계_계정그룹.csv,최종변경일시,택배BI_조직.csv,1
관리회계_계정그룹.csv,최종변경일시,택배_고객.csv,1
관리회계_계정그룹.csv,최종변경일시,택배관리회계조직매핑.csv,1
관리회계_계정그룹상세.csv,최종변경일시,관리회계_고객.csv,1
관리회계_계정그룹상세.csv,최종변경일시,관리회계_공통코드.csv,1
관리회계_계정그룹상세.csv,최종변경일시,관리회계_분류공통코드.csv,1
관리회계_계정그룹상세.csv,최종변경일시,관리회계_사업.csv,1
관리회계_계정그룹상세.csv,최종변경일시,관리회계_조직.csv,1
관리회계_계정그룹상세.csv,최종변경일시,관리회계_조직_test.csv,1
관리회계_계정그룹상세.csv,최종변경일시,관리회계_조직그룹.csv,1
관리회계_계정그룹상세.csv,최종변경일시,관리회계_조직그룹상세.csv,1
관리회계_계정그룹상세.csv,최종변경일시,관리회계계정.csv,1
관리회계_계정그룹상세.csv,최종변경일시,기업고객.csv,1
관리회계_계정그룹상세.csv,최종변경일시,미배송사유코드.csv,1
관리회계_계정그룹상세.csv,최종변경일시,법인정보.csv,1
관리회계_계정그룹상세.csv,최종변경일시,사업구분.csv,1
관리회계_계정그룹상세.csv,최종변경일시,사용자.csv,1
관리회계_계정그룹상세.csv,최종변경일시,사원기본.csv,1
관리회계_계정그룹상세.csv,최종변경일시,사원마스터.csv,1
관리회계_계정그룹상세.csv,최종변경일시,상품분류.csv,1
관리회계_계정그룹상세.csv,최종변경일시,상품코드.csv,1
관리회계_계정그룹상세.csv,최종변경일시,선박.csv,1
관리회계_계정그룹상세.csv,최종변경일시,선석.csv,1
관리회계_계정그룹상세.csv,최종변경일시,수입관리_고객.csv,1
관리회계_계정그룹상세.csv,최종변경일시,수입관리점소.csv,1
관리회계_계정그룹상세.csv,최종변경일시,영업소.csv,1
관리회계_계정그룹상세.csv,최종변경일시,원가인명정보.csv,1
관리회계_계정그룹상세.csv,최종변경일시,작업코드.csv,1
관리회계_계정그룹상세.csv,최종변경일시,조직_수입관리.csv,1
관리회계_계정그룹상세.csv,최종변경일시,지점코드.csv,1
관리회계_계정그룹상세.csv,최종변경일시,택배BI_조직.csv,1
관리회계_계정그룹상세.csv,최종변경일시,택배_고객.csv,1
관리회계_계정그룹상세.csv,최종변경일시,택배관리회계조직매핑.csv,1
관리회계_고객.csv,최종변경일시,관리회계_공통코드.csv,1
관리회계_고객.csv,최종변경일시,관리회계_분류공통코드.csv,1
관리회계_고객.csv,최종변경일시,관리회계_사업.csv,1
관리회계_고객.csv,최종변경일시,관리회계_조직.csv,1
관리회계_고객.csv,최종변경일시,관리회계_조직_test.csv,1
관리회계_고객.csv,최종변경일시,관리회계_조직그룹.csv,1
관리회계_고객.csv,최종변경일시,관리회계_조직그룹상세.csv,1
관리회계_고객.csv,최종변경일시,관리회계계정.csv,1
관리회계_고객.csv,최종변경일시,기업고객.csv,1
관리회계_고객.csv,최종변경일시,미배송사유코드.csv,1
관리회계_고객.csv,최종변경일시,법인정보.csv,1
관리회계_고객.csv,최종변경일시,사업구분.csv,1
관리회계_고객.csv,최종변경일시,사용자.csv,1
관리회계_고객.csv,최종변경일시,사원기본.csv,1
관리회계_고객.csv,최종변경일시,사원마스터.csv,1
관리회계_고객.csv,최종변경일시,상품분류.csv,1
관리회계_고객.csv,최종변경일시,상품코드.csv,1
관리회계_고객.csv,최종변경일시,선박.csv,1
관리회계_고객.csv,최종변경일시,선석.csv,1
관리회계_고객.csv,최종변경일시,수입관리_고객.csv,1
관리회계_고객.csv,최종변경일시,수입관리점소.csv,1
관리회계_고객.csv,최종변경일시,영업소.csv,1
관리회계_고객.csv,최종변경일시,원가인명정보.csv,1
관리회계_고객.csv,최종변경일시,작업코드.csv,1
관리회계_고객.csv,최종변경일시,조직_수입관리.csv,1
관리회계_고객.csv,최종변경일시,지점코드.csv,1
관리회계_고객.csv,최종변경일시,택배BI_조직.csv,1
관리회계_고객.csv,최종변경일시,택배_고객.csv,1
관리회계_고객.csv,최종변경일시,택배관리회계조직매핑.csv,1
관리회계_공통코드.csv,최종변경일시,관리회계_분류공통코드.csv,1
관리회계_공통코드.csv,최종변경일시,관리회계_사업.csv,1
관리회계_공통코드.csv,최종변경일시,관리회계_조직.csv,1
관리회계_공통코드.csv,최종변경일시,관리회계_조직_test.csv,1
관리회계_공통코드.csv,최종변경일시,관리회계_조직그룹.csv,1
관리회계_공통코드.csv,최종변경일시,관리회계_조직그룹상세.csv,1
관리회계_공통코드.csv,최종변경일시,관리회계계정.csv,1
관리회계_공통코드.csv,최종변경일시,기업고객.csv,1
관리회계_공통코드.csv,최종변경일시,미배송사유코드.csv,1
관리회계_공통코드.csv,최종변경일시,법인정보.csv,1
관리회계_공통코드.csv,최종변경일시,사업구분.csv,1
관리회계_공통코드.csv,최종변경일시,사용자.csv,1
관리회계_공통코드.csv,최종변경일시,사원기본.csv,1
관리회계_공통코드.csv,최종변경일시,사원마스터.csv,1
관리회계_공통코드.csv,최종변경일시,상품분류.csv,1
관리회계_공통코드.csv,최종변경일시,상품코드.csv,1
관리회계_공통코드.csv,최종변경일시,선박.csv,1
관리회계_공통코드.csv,최종변경일시,선석.csv,1
관리회계_공통코드.csv,최종변경일시,수입관리_고객.csv,1
관리회계_공통코드.csv,최종변경일시,수입관리점소.csv,1
관리회계_공통코드.csv,최종변경일시,영업소.csv,1
관리회계_공통코드.csv,최종변경일시,원가인명정보.csv,1
관리회계_공통코드.csv,최종변경일시,작업코드.csv,1
관리회계_공통코드.csv,최종변경일시,조직_수입관리.csv,1
관리회계_공통코드.csv,최종변경일시,지점코드.csv,1
관리회계_공통코드.csv,최종변경일시,택배BI_조직.csv,1
관리회계_공통코드.csv,최종변경일시,택배_고객.csv,1
관리회계_공통코드.csv,최종변경일시,택배관리회계조직매핑.csv,1
관리회계_분류공통코드.csv,최종변경일시,관리회계_사업.csv,1
관리회계_분류공통코드.csv,최종변경일시,관리회계_조직.csv,1
관리회계_분류공통코드.csv,최종변경일시,관리회계_조직_test.csv,1
관리회계_분류공통코드.csv,최종변경일시,관리회계_조직그룹.csv,1
관리회계_분류공통코드.csv,최종변경일시,관리회계_조직그룹상세.csv,1
관리회계_분류공통코드.csv,최종변경일시,관리회계계정.csv,1
관리회계_분류공통코드.csv,최종변경일시,기업고객.csv,1
관리회계_분류공통코드.csv,최종변경일시,미배송사유코드.csv,1
관리회계_분류공통코드.csv,최종변경일시,법인정보.csv,1
관리회계_분류공통코드.csv,최종변경일시,사업구분.csv,1
관리회계_분류공통코드.csv,최종변경일시,사용자.csv,1
관리회계_분류공통코드.csv,최종변경일시,사원기본.csv,1
관리회계_분류공통코드.csv,최종변경일시,사원마스터.csv,1
관리회계_분류공통코드.csv,최종변경일시,상품분류.csv,1
관리회계_분류공통코드.csv,최종변경일시,상품코드.csv,1
관리회계_분류공통코드.csv,최종변경일시,선박.csv,1
관리회계_분류공통코드.csv,최종변경일시,선석.csv,1
관리회계_분류공통코드.csv,최종변경일시,수입관리_고객.csv,1
관리회계_분류공통코드.csv,최종변경일시,수입관리점소.csv,1
관리회계_분류공통코드.csv,최종변경일시,영업소.csv,1
관리회계_분류공통코드.csv,최종변경일시,원가인명정보.csv,1
관리회계_분류공통코드.csv,최종변경일시,작업코드.csv,1
관리회계_분류공통코드.csv,최종변경일시,조직_수입관리.csv,1
관리회계_분류공통코드.csv,최종변경일시,지점코드.csv,1
관리회계_분류공통코드.csv,최종변경일시,택배BI_조직.csv,1
관리회계_분류공통코드.csv,최종변경일시,택배_고객.csv,1
관리회계_분류공통코드.csv,최종변경일시,택배관리회계조직매핑.csv,1
관리회계_사업.csv,최종변경일시,관리회계_조직.csv,1
관리회계_사업.csv,최종변경일시,관리회계_조직_test.csv,1
관리회계_사업.csv,최종변경일시,관리회계_조직그룹.csv,1
관리회계_사업.csv,최종변경일시,관리회계_조직그룹상세.csv,1
관리회계_사업.csv,최종변경일시,관리회계계정.csv,1
관리회계_사업.csv,최종변경일시,기업고객.csv,1
관리회계_사업.csv,최종변경일시,미배송사유코드.csv,1
관리회계_사업.csv,최종변경일시,법인정보.csv,1
관리회계_사업.csv,최종변경일시,사업구분.csv,1
관리회계_사업.csv,최종변경일시,사용자.csv,1
관리회계_사업.csv,최종변경일시,사원기본.csv,1
관리회계_사업.csv,최종변경일시,사원마스터.csv,1
관리회계_사업.csv,최종변경일시,상품분류.csv,1
관리회계_사업.csv,최종변경일시,상품코드.csv,1
관리회계_사업.csv,최종변경일시,선박.csv,1
관리회계_사업.csv,최종변경일시,선석.csv,1
관리회계_사업.csv,최종변경일시,수입관리_고객.csv,1
관리회계_사업.csv,최종변경일시,수입관리점소.csv,1
관리회계_사업.csv,최종변경일시,영업소.csv,1
관리회계_사업.csv,최종변경일시,원가인명정보.csv,1
관리회계_사업.csv,최종변경일시,작업코드.csv,1
관리회계_사업.csv,최종변경일시,조직_수입관리.csv,1
관리회계_사업.csv,최종변경일시,지점코드.csv,1
관리회계_사업.csv,최종변경일시,택배BI_조직.csv,1
관리회계_사업.csv,최종변경일시,택배_고객.csv,1
관리회계_사업.csv,최종변경일시,택배관리회계조직매핑.csv,1
관리회계_조직.csv,최종변경일시,관리회계_조직_test.csv,1
관리회계_조직.csv,최종변경일시,관리회계_조직그룹.csv,1
관리회계_조직.csv,최종변경일시,관리회계_조직그룹상세.csv,1
관리회계_조직.csv,최종변경일시,관리회계계정.csv,1
관리회계_조직.csv,최종변경일시,기업고객.csv,1
관리회계_조직.csv,최종변경일시,미배송사유코드.csv,1
관리회계_조직.csv,최종변경일시,법인정보.csv,1
관리회계_조직.csv,최종변경일시,사업구분.csv,1
관리회계_조직.csv,최종변경일시,사용자.csv,1
관리회계_조직.csv,최종변경일시,사원기본.csv,1
관리회계_조직.csv,최종변경일시,사원마스터.csv,1
관리회계_조직.csv,최종변경일시,상품분류.csv,1
관리회계_조직.csv,최종변경일시,상품코드.csv,1
관리회계_조직.csv,최종변경일시,선박.csv,1
관리회계_조직.csv,최종변경일시,선석.csv,1
관리회계_조직.csv,최종변경일시,수입관리_고객.csv,1
관리회계_조직.csv,최종변경일시,수입관리점소.csv,1
관리회계_조직.csv,최종변경일시,영업소.csv,1
관리회계_조직.csv,최종변경일시,원가인명정보.csv,1
관리회계_조직.csv,최종변경일시,작업코드.csv,1
관리회계_조직.csv,최종변경일시,조직_수입관리.csv,1
관리회계_조직.csv,최종변경일시,지점코드.csv,1
관리회계_조직.csv,최종변경일시,택배BI_조직.csv,1
관리회계_조직.csv,최종변경일시,택배_고객.csv,1
관리회계_조직.csv,최종변경일시,택배관리회계조직매핑.csv,1
관리회계_조직_test.csv,최종변경일시,관리회계_조직그룹.csv,1
관리회계_조직_test.csv,최종변경일시,관리회계_조직그룹상세.csv,1
관리회계_조직_test.csv,최종변경일시,관리회계계정.csv,1
관리회계_조직_test.csv,최종변경일시,기업고객.csv,1
관리회계_조직_test.csv,최종변경일시,미배송사유코드.csv,1
관리회계_조직_test.csv,최종변경일시,법인정보.csv,1
관리회계_조직_test.csv,최종변경일시,사업구분.csv,1
관리회계_조직_test.csv,최종변경일시,사용자.csv,1
관리회계_조직_test.csv,최종변경일시,사원기본.csv,1
관리회계_조직_test.csv,최종변경일시,사원마스터.csv,1
관리회계_조직_test.csv,최종변경일시,상품분류.csv,1
관리회계_조직_test.csv,최종변경일시,상품코드.csv,1
관리회계_조직_test.csv,최종변경일시,선박.csv,1
관리회계_조직_test.csv,최종변경일시,선석.csv,1
관리회계_조직_test.csv,최종변경일시,수입관리_고객.csv,1
관리회계_조직_test.csv,최종변경일시,수입관리점소.csv,1
관리회계_조직_test.csv,최종변경일시,영업소.csv,1
관리회계_조직_test.csv,최종변경일시,원가인명정보.csv,1
관리회계_조직_test.csv,최종변경일시,작업코드.csv,1
관리회계_조직_test.csv,최종변경일시,조직_수입관리.csv,1
관리회계_조직_test.csv,최종변경일시,지점코드.csv,1
관리회계_조직_test.csv,최종변경일시,택배BI_조직.csv,1
관리회계_조직_test.csv,최종변경일시,택배_고객.csv,1
관리회계_조직_test.csv,최종변경일시,택배관리회계조직매핑.csv,1
관리회계_조직그룹.csv,최종변경일시,관리회계_조직그룹상세.csv,1
관리회계_조직그룹.csv,최종변경일시,관리회계계정.csv,1
관리회계_조직그룹.csv,최종변경일시,기업고객.csv,1
관리회계_조직그룹.csv,최종변경일시,미배송사유코드.csv,1
관리회계_조직그룹.csv,최종변경일시,법인정보.csv,1
관리회계_조직그룹.csv,최종변경일시,사업구분.csv,1
관리회계_조직그룹.csv,최종변경일시,사용자.csv,1
관리회계_조직그룹.csv,최종변경일시,사원기본.csv,1
관리회계_조직그룹.csv,최종변경일시,사원마스터.csv,1
관리회계_조직그룹.csv,최종변경일시,상품분류.csv,1
관리회계_조직그룹.csv,최종변경일시,상품코드.csv,1
관리회계_조직그룹.csv,최종변경일시,선박.csv,1
관리회계_조직그룹.csv,최종변경일시,선석.csv,1
관리회계_조직그룹.csv,최종변경일시,수입관리_고객.csv,1
관리회계_조직그룹.csv,최종변경일시,수입관리점소.csv,1
관리회계_조직그룹.csv,최종변경일시,영업소.csv,1
관리회계_조직그룹.csv,최종변경일시,원가인명정보.csv,1
관리회계_조직그룹.csv,최종변경일시,작업코드.csv,1
관리회계_조직그룹.csv,최종변경일시,조직_수입관리.csv,1
관리회계_조직그룹.csv,최종변경일시,지점코드.csv,1
관리회계_조직그룹.csv,최종변경일시,택배BI_조직.csv,1
관리회계_조직그룹.csv,최종변경일시,택배_고객.csv,1
관리회계_조직그룹.csv,최종변경일시,택배관리회계조직매핑.csv,1
관리회계_조직그룹상세.csv,최종변경일시,관리회계계정.csv,1
관리회계_조직그룹상세.csv,최종변경일시,기업고객.csv,1
관리회계_조직그룹상세.csv,최종변경일시,미배송사유코드.csv,1
관리회계_조직그룹상세.csv,최종변경일시,법인정보.csv,1
관리회계_조직그룹상세.csv,최종변경일시,사업구분.csv,1
관리회계_조직그룹상세.csv,최종변경일시,사용자.csv,1
관리회계_조직그룹상세.csv,최종변경일시,사원기본.csv,1
관리회계_조직그룹상세.csv,최종변경일시,사원마스터.csv,1
관리회계_조직그룹상세.csv,최종변경일시,상품분류.csv,1
관리회계_조직그룹상세.csv,최종변경일시,상품코드.csv,1
관리회계_조직그룹상세.csv,최종변경일시,선박.csv,1
관리회계_조직그룹상세.csv,최종변경일시,선석.csv,1
관리회계_조직그룹상세.csv,최종변경일시,수입관리_고객.csv,1
관리회계_조직그룹상세.csv,최종변경일시,수입관리점소.csv,1
관리회계_조직그룹상세.csv,최종변경일시,영업소.csv,1
관리회계_조직그룹상세.csv,최종변경일시,원가인명정보.csv,1
관리회계_조직그룹상세.csv,최종변경일시,작업코드.csv,1
관리회계_조직그룹상세.csv,최종변경일시,조직_수입관리.csv,1
관리회계_조직그룹상세.csv,최종변경일시,지점코드.csv,1
관리회계_조직그룹상세.csv,최종변경일시,택배BI_조직.csv,1
관리회계_조직그룹상세.csv,최종변경일시,택배_고객.csv,1
관리회계_조직그룹상세.csv,최종변경일시,택배관리회계조직매핑.csv,1
관리회계계정.csv,최종변경일시,기업고객.csv,1
관리회계계정.csv,최종변경일시,미배송사유코드.csv,1
관리회계계정.csv,최종변경일시,법인정보.csv,1
관리회계계정.csv,최종변경일시,사업구분.csv,1
관리회계계정.csv,최종변경일시,사용자.csv,1
관리회계계정.csv,최종변경일시,사원기본.csv,1
관리회계계정.csv,최종변경일시,사원마스터.csv,1
관리회계계정.csv,최종변경일시,상품분류.csv,1
관리회계계정.csv,최종변경일시,상품코드.csv,1
관리회계계정.csv,최종변경일시,선박.csv,1
관리회계계정.csv,최종변경일시,선석.csv,1
관리회계계정.csv,최종변경일시,수입관리_고객.csv,1
관리회계계정.csv,최종변경일시,수입관리점소.csv,1
관리회계계정.csv,최종변경일시,영업소.csv,1
관리회계계정.csv,최종변경일시,원가인명정보.csv,1
관리회계계정.csv,최종변경일시,작업코드.csv,1
관리회계계정.csv,최종변경일시,조직_수입관리.csv,1
관리회계계정.csv,최종변경일시,지점코드.csv,1
관리회계계정.csv,최종변경일시,택배BI_조직.csv,1
관리회계계정.csv,최종변경일시,택배_고객.csv,1
관리회계계정.csv,최종변경일시,택배관리회계조직매핑.csv,1
기업고객.csv,최종변경일시,미배송사유코드.csv,1
기업고객.csv,최종변경일시,법인정보.csv,1
기업고객.csv,최종변경일시,사업구분.csv,1
기업고객.csv,최종변경일시,사용자.csv,1
기업고객.csv,최종변경일시,사원기본.csv,1
기업고객.csv,최종변경일시,사원마스터.csv,1
기업고객.csv,최종변경일시,상품분류.csv,1
기업고객.csv,최종변경일시,상품코드.csv,1
기업고객.csv,최종변경일시,선박.csv,1
기업고객.csv,최종변경일시,선석.csv,1
기업고객.csv,최종변경일시,수입관리_고객.csv,1
기업고객.csv,최종변경일시,수입관리점소.csv,1
기업고객.csv,최종변경일시,영업소.csv,1
기업고객.csv,최종변경일시,원가인명정보.csv,1
기업고객.csv,최종변경일시,작업코드.csv,1
기업고객.csv,최종변경일시,조직_수입관리.csv,1
기업고객.csv,최종변경일시,지점코드.csv,1
기업고객.csv,최종변경일시,택배BI_조직.csv,1
기업고객.csv,최종변경일시,택배_고객.csv,1
기업고객.csv,최종변경일시,택배관리회계조직매핑.csv,1
미배송사유코드.csv,최종변경일시,법인정보.csv,1
미배송사유코드.csv,최종변경일시,사업구분.csv,1
미배송사유코드.csv,최종변경일시,사용자.csv,1
미배송사유코드.csv,최종변경일시,사원기본.csv,1
미배송사유코드.csv,최종변경일시,사원마스터.csv,1
미배송사유코드.csv,최종변경일시,상품분류.csv,1
미배송사유코드.csv,최종변경일시,상품코드.csv,1
미배송사유코드.csv,최종변경일시,선박.csv,1
미배송사유코드.csv,최종변경일시,선석.csv,1
미배송사유코드.csv,최종변경일시,수입관리_고객.csv,1
미배송사유코드.csv,최종변경일시,수입관리점소.csv,1
미배송사유코드.csv,최종변경일시,영업소.csv,1
미배송사유코드.csv,최종변경일시,원가인명정보.csv,1
미배송사유코드.csv,최종변경일시,작업코드.csv,1
미배송사유코드.csv,최종변경일시,조직_수입관리.csv,1
미배송사유코드.csv,최종변경일시,지점코드.csv,1
미배송사유코드.csv,최종변경일시,택배BI_조직.csv,1
미배송사유코드.csv,최종변경일시,택배_고객.csv,1
미배송사유코드.csv,최종변경일시,택배관리회계조직매핑.csv,1
법인정보.csv,최종변경일시,사업구분.csv,1
법인정보.csv,최종변경일시,사용자.csv,1
법인정보.csv,최종변경일시,사원기본.csv,1
법인정보.csv,최종변경일시,사원마스터.csv,1
법인정보.csv,최종변경일시,상품분류.csv,1
법인정보.csv,최종변경일시,상품코드.csv,1
법인정보.csv,최종변경일시,선박.csv,1
법인정보.csv,최종변경일시,선석.csv,1
법인정보.csv,최종변경일시,수입관리_고객.csv,1
법인정보.csv,최종변경일시,수입관리점소.csv,1
법인정보.csv,최종변경일시,영업소.csv,1
법인정보.csv,최종변경일시,원가인명정보.csv,1
법인정보.csv,최종변경일시,작업코드.csv,1
법인정보.csv,최종변경일시,조직_수입관리.csv,1
법인정보.csv,최종변경일시,지점코드.csv,1
법인정보.csv,최종변경일시,택배BI_조직.csv,1
법인정보.csv,최종변경일시,택배_고객.csv,1
법인정보.csv,최종변경일시,택배관리회계조직매핑.csv,1
사업구분.csv,최종변경일시,사용자.csv,1
사업구분.csv,최종변경일시,사원기본.csv,1
사업구분.csv,최종변경일시,사원마스터.csv,1
사업구분.csv,최종변경일시,상품분류.csv,1
사업구분.csv,최종변경일시,상품코드.csv,1
사업구분.csv,최종변경일시,선박.csv,1
사업구분.csv,최종변경일시,선석.csv,1
사업구분.csv,최종변경일시,수입관리_고객.csv,1
사업구분.csv,최종변경일시,수입관리점소.csv,1
사업구분.csv,최종변경일시,영업소.csv,1
사업구분.csv,최종변경일시,원가인명정보.csv,1
사업구분.csv,최종변경일시,작업코드.csv,1
사업구분.csv,최종변경일시,조직_수입관리.csv,1
사업구분.csv,최종변경일시,지점코드.csv,1
사업구분.csv,최종변경일시,택배BI_조직.csv,1
사업구분.csv,최종변경일시,택배_고객.csv,1
사업구분.csv,최종변경일시,택배관리회계조직매핑.csv,1
사용자.csv,최종변경일시,사원기본.csv,1
사용자.csv,최종변경일시,사원마스터.csv,1
사용자.csv,최종변경일시,상품분류.csv,1
사용자.csv,최종변경일시,상품코드.csv,1
사용자.csv,최종변경일시,선박.csv,1
사용자.csv,최종변경일시,선석.csv,1
사용자.csv,최종변경일시,수입관리_고객.csv,1
사용자.csv,최종변경일시,수입관리점소.csv,1
사용자.csv,최종변경일시,영업소.csv,1
사용자.csv,최종변경일시,원가인명정보.csv,1
사용자.csv,최종변경일시,작업코드.csv,1
사용자.csv,최종변경일시,조직_수입관리.csv,1
사용자.csv,최종변경일시,지점코드.csv,1
사용자.csv,최종변경일시,택배BI_조직.csv,1
사용자.csv,최종변경일시,택배_고객.csv,1
사용자.csv,최종변경일시,택배관리회계조직매핑.csv,1
사원기본.csv,최종변경일시,사원마스터.csv,1
사원기본.csv,최종변경일시,상품분류.csv,1
사원기본.csv,최종변경일시,상품코드.csv,1
사원기본.csv,최종변경일시,선박.csv,1
사원기본.csv,최종변경일시,선석.csv,1
사원기본.csv,최종변경일시,수입관리_고객.csv,1
사원기본.csv,최종변경일시,수입관리점소.csv,1
사원기본.csv,최종변경일시,영업소.csv,1
사원기본.csv,최종변경일시,원가인명정보.csv,1
사원기본.csv,최종변경일시,작업코드.csv,1
사원기본.csv,최종변경일시,조직_수입관리.csv,1
사원기본.csv,최종변경일시,지점코드.csv,1
사원기본.csv,최종변경일시,택배BI_조직.csv,1
사원기본.csv,최종변경일시,택배_고객.csv,1
사원기본.csv,최종변경일시,택배관리회계조직매핑.csv,1
사원마스터.csv,최종변경일시,상품분류.csv,1
사원마스터.csv,최종변경일시,상품코드.csv,1
사원마스터.csv,최종변경일시,선박.csv,1
사원마스터.csv,최종변경일시,선석.csv,1
사원마스터.csv,최종변경일시,수입관리_고객.csv,1
사원마스터.csv,최종변경일시,수입관리점소.csv,1
사원마스터.csv,최종변경일시,영업소.csv,1
사원마스터.csv,최종변경일시,원가인명정보.csv,1
사원마스터.csv,최종변경일시,작업코드.csv,1
사원마스터.csv,최종변경일시,조직_수입관리.csv,1
사원마스터.csv,최종변경일시,지점코드.csv,1
사원마스터.csv,최종변경일시,택배BI_조직.csv,1
사원마스터.csv,최종변경일시,택배_고객.csv,1
사원마스터.csv,최종변경일시,택배관리회계조직매핑.csv,1
상품분류.csv,최종변경일시,상품코드.csv,1
상품분류.csv,최종변경일시,선박.csv,1
상품분류.csv,최종변경일시,선석.csv,1
상품분류.csv,최종변경일시,수입관리_고객.csv,1
상품분류.csv,최종변경일시,수입관리점소.csv,1
상품분류.csv,최종변경일시,영업소.csv,1
상품분류.csv,최종변경일시,원가인명정보.csv,1
상품분류.csv,최종변경일시,작업코드.csv,1
상품분류.csv,최종변경일시,조직_수입관리.csv,1
상품분류.csv,최종변경일시,지점코드.csv,1
상품분류.csv,최종변경일시,택배BI_조직.csv,1
상품분류.csv,최종변경일시,택배_고객.csv,1
상품분류.csv,최종변경일시,택배관리회계조직매핑.csv,1
상품코드.csv,최종변경일시,선박.csv,1
상품코드.csv,최종변경일시,선석.csv,1
상품코드.csv,최종변경일시,수입관리_고객.csv,1
상품코드.csv,최종변경일시,수입관리점소.csv,1
상품코드.csv,최종변경일시,영업소.csv,1
상품코드.csv,최종변경일시,원가인명정보.csv,1
상품코드.csv,최종변경일시,작업코드.csv,1
상품코드.csv,최종변경일시,조직_수입관리.csv,1
상품코드.csv,최종변경일시,지점코드.csv,1
상품코드.csv,최종변경일시,택배BI_조직.csv,1
상품코드.csv,최종변경일시,택배_고객.csv,1
상품코드.csv,최종변경일시,택배관리회계조직매핑.csv,1
선박.csv,최종변경일시,선석.csv,1
선박.csv,최종변경일시,수입관리_고객.csv,1
선박.csv,최종변경일시,수입관리점소.csv,1
선박.csv,최종변경일시,영업소.csv,1
선박.csv,최종변경일시,원가인명정보.csv,1
선박.csv,최종변경일시,작업코드.csv,1
선박.csv,최종변경일시,조직_수입관리.csv,1
선박.csv,최종변경일시,지점코드.csv,1
선박.csv,최종변경일시,택배BI_조직.csv,1
선박.csv,최종변경일시,택배_고객.csv,1
선박.csv,최종변경일시,택배관리회계조직매핑.csv,1
선석.csv,최종변경일시,수입관리_고객.csv,1
선석.csv,최종변경일시,수입관리점소.csv,1
선석.csv,최종변경일시,영업소.csv,1
선석.csv,최종변경일시,원가인명정보.csv,1
선석.csv,최종변경일시,작업코드.csv,1
선석.csv,최종변경일시,조직_수입관리.csv,1
선석.csv,최종변경일시,지점코드.csv,1
선석.csv,최종변경일시,택배BI_조직.csv,1
선석.csv,최종변경일시,택배_고객.csv,1
선석.csv,최종변경일시,택배관리회계조직매핑.csv,1
수입관리_고객.csv,최종변경일시,수입관리점소.csv,1
수입관리_고객.csv,최종변경일시,영업소.csv,1
수입관리_고객.csv,최종변경일시,원가인명정보.csv,1
수입관리_고객.csv,최종변경일시,작업코드.csv,1
수입관리_고객.csv,최종변경일시,조직_수입관리.csv,1
수입관리_고객.csv,최종변경일시,지점코드.csv,1
수입관리_고객.csv,최종변경일시,택배BI_조직.csv,1
수입관리_고객.csv,최종변경일시,택배_고객.csv,1
수입관리_고객.csv,최종변경일시,택배관리회계조직매핑.csv,1
수입관리점소.csv,최종변경일시,영업소.csv,1
수입관리점소.csv,최종변경일시,원가인명정보.csv,1
수입관리점소.csv,최종변경일시,작업코드.csv,1
수입관리점소.csv,최종변경일시,조직_수입관리.csv,1
수입관리점소.csv,최종변경일시,지점코드.csv,1
수입관리점소.csv,최종변경일시,택배BI_조직.csv,1
수입관리점소.csv,최종변경일시,택배_고객.csv,1
수입관리점소.csv,최종변경일시,택배관리회계조직매핑.csv,1
영업소.csv,최종변경일시,원가인명정보.csv,1
영업소.csv,최종변경일시,작업코드.csv,1
영업소.csv,최종변경일시,조직_수입관리.csv,1
영업소.csv,최종변경일시,지점코드.csv,1
영업소.csv,최종변경일시,택배BI_조직.csv,1
영업소.csv,최종변경일시,택배_고객.csv,1
영업소.csv,최종변경일시,택배관리회계조직매핑.csv,1
원가인명정보.csv,최종변경일시,작업코드.csv,1
원가인명정보.csv,최종변경일시,조직_수입관리.csv,1
원가인명정보.csv,최종변경일시,지점코드.csv,1
원가인명정보.csv,최종변경일시,택배BI_조직.csv,1
원가인명정보.csv,최종변경일시,택배_고객.csv,1
원가인명정보.csv,최종변경일시,택배관리회계조직매핑.csv,1
작업코드.csv,최종변경일시,조직_수입관리.csv,1
작업코드.csv,최종변경일시,지점코드.csv,1
작업코드.csv,최종변경일시,택배BI_조직.csv,1
작업코드.csv,최종변경일시,택배_고객.csv,1
작업코드.csv,최종변경일시,택배관리회계조직매핑.csv,1
조직_수입관리.csv,최종변경일시,지점코드.csv,1
조직_수입관리.csv,최종변경일시,택배BI_조직.csv,1
조직_수입관리.csv,최종변경일시,택배_고객.csv,1
조직_수입관리.csv,최종변경일시,택배관리회계조직매핑.csv,1
지점코드.csv,최종변경일시,택배BI_조직.csv,1
지점코드.csv,최종변경일시,택배_고객.csv,1
지점코드.csv,최종변경일시,택배관리회계조직매핑.csv,1
택배BI_조직.csv,최종변경일시,택배_고객.csv,1
택배BI_조직.csv,최종변경일시,택배관리회계조직매핑.csv,1
택배_고객.csv,최종변경일시,택배관리회계조직매핑.csv,1
CUSTOMER.csv,ETL일시,PRM계약.csv,1
CUSTOMER.csv,ETL일시,개인고객.csv,1
CUSTOMER.csv,ETL일시,계약마스터.csv,1
CUSTOMER.csv,ETL일시,계정과목코드.csv,1
CUSTOMER.csv,ETL일시,고객유형.csv,1
CUSTOMER.csv,ETL일시,관리회계_계정그룹.csv,1
CUSTOMER.csv,ETL일시,관리회계_계정그룹상세.csv,1
CUSTOMER.csv,ETL일시,관리회계_고객.csv,1
CUSTOMER.csv,ETL일시,관리회계_공통코드.csv,1
CUSTOMER.csv,ETL일시,관리회계_분류공통코드.csv,1
CUSTOMER.csv,ETL일시,관리회계_사업.csv,1
CUSTOMER.csv,ETL일시,관리회계_조직.csv,1
CUSTOMER.csv,ETL일시,관리회계_조직_test.csv,1
CUSTOMER.csv,ETL일시,관리회계_조직그룹.csv,1
CUSTOMER.csv,ETL일시,관리회계_조직그룹상세.csv,1
CUSTOMER.csv,ETL일시,관리회계계정.csv,1
CUSTOMER.csv,ETL일시,기업고객.csv,1
CUSTOMER.csv,ETL일시,미배송사유코드.csv,1
CUSTOMER.csv,ETL일시,법인정보.csv,1
CUSTOMER.csv,ETL일시,사업구분.csv,1
CUSTOMER.csv,ETL일시,사용자.csv,1
CUSTOMER.csv,ETL일시,사원기본.csv,1
CUSTOMER.csv,ETL일시,사원마스터.csv,1
CUSTOMER.csv,ETL일시,상품분류.csv,1
CUSTOMER.csv,ETL일시,상품코드.csv,1
CUSTOMER.csv,ETL일시,서브터미널.csv,1
CUSTOMER.csv,ETL일시,선박.csv,1
CUSTOMER.csv,ETL일시,선석.csv,1
CUSTOMER.csv,ETL일시,수입관리_고객.csv,1
CUSTOMER.csv,ETL일시,수입관리점소.csv,1
CUSTOMER.csv,ETL일시,영업소.csv,1
CUSTOMER.csv,ETL일시,원가인명정보.csv,1
CUSTOMER.csv,ETL일시,작업코드.csv,1
CUSTOMER.csv,ETL일시,조직_수입관리.csv,1
CUSTOMER.csv,ETL일시,조직터미널마스터.csv,1
CUSTOMER.csv,ETL일시,지점코드.csv,1
CUSTOMER.csv,ETL일시,택배BI_조직.csv,1
CUSTOMER.csv,ETL일시,택배_고객.csv,1
CUSTOMER.csv,ETL일시,택배관리회계조직매핑.csv,1
PRM계약.csv,ETL일시,개인고객.csv,1
PRM계약.csv,ETL일시,계약마스터.csv,1
PRM계약.csv,ETL일시,계정과목코드.csv,1
PRM계약.csv,ETL일시,고객유형.csv,1
PRM계약.csv,ETL일시,관리회계_계정그룹.csv,1
PRM계약.csv,ETL일시,관리회계_계정그룹상세.csv,1
PRM계약.csv,ETL일시,관리회계_고객.csv,1
PRM계약.csv,ETL일시,관리회계_공통코드.csv,1
PRM계약.csv,ETL일시,관리회계_분류공통코드.csv,1
PRM계약.csv,ETL일시,관리회계_사업.csv,1
PRM계약.csv,ETL일시,관리회계_조직.csv,1
PRM계약.csv,ETL일시,관리회계_조직_test.csv,1
PRM계약.csv,ETL일시,관리회계_조직그룹.csv,1
PRM계약.csv,ETL일시,관리회계_조직그룹상세.csv,1
PRM계약.csv,ETL일시,관리회계계정.csv,1
PRM계약.csv,ETL일시,기업고객.csv,1
PRM계약.csv,ETL일시,미배송사유코드.csv,1
PRM계약.csv,ETL일시,법인정보.csv,1
PRM계약.csv,ETL일시,사업구분.csv,1
PRM계약.csv,ETL일시,사용자.csv,1
PRM계약.csv,ETL일시,사원기본.csv,1
PRM계약.csv,ETL일시,사원마스터.csv,1
PRM계약.csv,ETL일시,상품분류.csv,1
PRM계약.csv,ETL일시,상품코드.csv,1
PRM계약.csv,ETL일시,서브터미널.csv,1
PRM계약.csv,ETL일시,선박.csv,1
PRM계약.csv,ETL일시,선석.csv,1
PRM계약.csv,ETL일시,수입관리_고객.csv,1
PRM계약.csv,ETL일시,수입관리점소.csv,1
PRM계약.csv,ETL일시,영업소.csv,1
PRM계약.csv,ETL일시,원가인명정보.csv,1
PRM계약.csv,ETL일시,작업코드.csv,1
PRM계약.csv,ETL일시,조직_수입관리.csv,1
PRM계약.csv,ETL일시,조직터미널마스터.csv,1
PRM계약.csv,ETL일시,지점코드.csv,1
PRM계약.csv,ETL일시,택배BI_조직.csv,1
PRM계약.csv,ETL일시,택배_고객.csv,1
PRM계약.csv,ETL일시,택배관리회계조직매핑.csv,1
개인고객.csv,ETL일시,계약마스터.csv,1
개인고객.csv,ETL일시,계정과목코드.csv,1
개인고객.csv,ETL일시,고객유형.csv,1
개인고객.csv,ETL일시,관리회계_계정그룹.csv,1
개인고객.csv,ETL일시,관리회계_계정그룹상세.csv,1
개인고객.csv,ETL일시,관리회계_고객.csv,1
개인고객.csv,ETL일시,관리회계_공통코드.csv,1
개인고객.csv,ETL일시,관리회계_분류공통코드.csv,1
개인고객.csv,ETL일시,관리회계_사업.csv,1
개인고객.csv,ETL일시,관리회계_조직.csv,1
개인고객.csv,ETL일시,관리회계_조직_test.csv,1
개인고객.csv,ETL일시,관리회계_조직그룹.csv,1
개인고객.csv,ETL일시,관리회계_조직그룹상세.csv,1
개인고객.csv,ETL일시,관리회계계정.csv,1
개인고객.csv,ETL일시,기업고객.csv,1
개인고객.csv,ETL일시,미배송사유코드.csv,1
개인고객.csv,ETL일시,법인정보.csv,1
개인고객.csv,ETL일시,사업구분.csv,1
개인고객.csv,ETL일시,사용자.csv,1
개인고객.csv,ETL일시,사원기본.csv,1
개인고객.csv,ETL일시,사원마스터.csv,1
개인고객.csv,ETL일시,상품분류.csv,1
개인고객.csv,ETL일시,상품코드.csv,1
개인고객.csv,ETL일시,서브터미널.csv,1
개인고객.csv,ETL일시,선박.csv,1
개인고객.csv,ETL일시,선석.csv,1
개인고객.csv,ETL일시,수입관리_고객.csv,1
개인고객.csv,ETL일시,수입관리점소.csv,1
개인고객.csv,ETL일시,영업소.csv,1
개인고객.csv,ETL일시,원가인명정보.csv,1
개인고객.csv,ETL일시,작업코드.csv,1
개인고객.csv,ETL일시,조직_수입관리.csv,1
개인고객.csv,ETL일시,조직터미널마스터.csv,1
개인고객.csv,ETL일시,지점코드.csv,1
개인고객.csv,ETL일시,택배BI_조직.csv,1
개인고객.csv,ETL일시,택배_고객.csv,1
개인고객.csv,ETL일시,택배관리회계조직매핑.csv,1
계약마스터.csv,ETL일시,계정과목코드.csv,1
계약마스터.csv,ETL일시,고객유형.csv,1
계약마스터.csv,ETL일시,관리회계_계정그룹.csv,1
계약마스터.csv,ETL일시,관리회계_계정그룹상세.csv,1
계약마스터.csv,ETL일시,관리회계_고객.csv,1
계약마스터.csv,ETL일시,관리회계_공통코드.csv,1
계약마스터.csv,ETL일시,관리회계_분류공통코드.csv,1
계약마스터.csv,ETL일시,관리회계_사업.csv,1
계약마스터.csv,ETL일시,관리회계_조직.csv,1
계약마스터.csv,ETL일시,관리회계_조직_test.csv,1
계약마스터.csv,ETL일시,관리회계_조직그룹.csv,1
계약마스터.csv,ETL일시,관리회계_조직그룹상세.csv,1
계약마스터.csv,ETL일시,관리회계계정.csv,1
계약마스터.csv,ETL일시,기업고객.csv,1
계약마스터.csv,ETL일시,미배송사유코드.csv,1
계약마스터.csv,ETL일시,법인정보.csv,1
계약마스터.csv,ETL일시,사업구분.csv,1
계약마스터.csv,ETL일시,사용자.csv,1
계약마스터.csv,ETL일시,사원기본.csv,1
계약마스터.csv,ETL일시,사원마스터.csv,1
계약마스터.csv,ETL일시,상품분류.csv,1
계약마스터.csv,ETL일시,상품코드.csv,1
계약마스터.csv,ETL일시,서브터미널.csv,1
계약마스터.csv,ETL일시,선박.csv,1
계약마스터.csv,ETL일시,선석.csv,1
계약마스터.csv,ETL일시,수입관리_고객.csv,1
계약마스터.csv,ETL일시,수입관리점소.csv,1
계약마스터.csv,ETL일시,영업소.csv,1
계약마스터.csv,ETL일시,원가인명정보.csv,1
계약마스터.csv,ETL일시,작업코드.csv,1
계약마스터.csv,ETL일시,조직_수입관리.csv,1
계약마스터.csv,ETL일시,조직터미널마스터.csv,1
계약마스터.csv,ETL일시,지점코드.csv,1
계약마스터.csv,ETL일시,택배BI_조직.csv,1
계약마스터.csv,ETL일시,택배_고객.csv,1
계약마스터.csv,ETL일시,택배관리회계조직매핑.csv,1
계정과목코드.csv,ETL일시,고객유형.csv,1
계정과목코드.csv,ETL일시,관리회계_계정그룹.csv,1
계정과목코드.csv,ETL일시,관리회계_계정그룹상세.csv,1
계정과목코드.csv,ETL일시,관리회계_고객.csv,1
계정과목코드.csv,ETL일시,관리회계_공통코드.csv,1
계정과목코드.csv,ETL일시,관리회계_분류공통코드.csv,1
계정과목코드.csv,ETL일시,관리회계_사업.csv,1
계정과목코드.csv,ETL일시,관리회계_조직.csv,1
계정과목코드.csv,ETL일시,관리회계_조직_test.csv,1
계정과목코드.csv,ETL일시,관리회계_조직그룹.csv,1
계정과목코드.csv,ETL일시,관리회계_조직그룹상세.csv,1
계정과목코드.csv,ETL일시,관리회계계정.csv,1
계정과목코드.csv,ETL일시,기업고객.csv,1
계정과목코드.csv,ETL일시,미배송사유코드.csv,1
계정과목코드.csv,ETL일시,법인정보.csv,1
계정과목코드.csv,ETL일시,사업구분.csv,1
계정과목코드.csv,ETL일시,사용자.csv,1
계정과목코드.csv,ETL일시,사원기본.csv,1
계정과목코드.csv,ETL일시,사원마스터.csv,1
계정과목코드.csv,ETL일시,상품분류.csv,1
계정과목코드.csv,ETL일시,상품코드.csv,1
계정과목코드.csv,ETL일시,서브터미널.csv,1
계정과목코드.csv,ETL일시,선박.csv,1
계정과목코드.csv,ETL일시,선석.csv,1
계정과목코드.csv,ETL일시,수입관리_고객.csv,1
계정과목코드.csv,ETL일시,수입관리점소.csv,1
계정과목코드.csv,ETL일시,영업소.csv,1
계정과목코드.csv,ETL일시,원가인명정보.csv,1
계정과목코드.csv,ETL일시,작업코드.csv,1
계정과목코드.csv,ETL일시,조직_수입관리.csv,1
계정과목코드.csv,ETL일시,조직터미널마스터.csv,1
계정과목코드.csv,ETL일시,지점코드.csv,1
계정과목코드.csv,ETL일시,택배BI_조직.csv,1
계정과목코드.csv,ETL일시,택배_고객.csv,1
계정과목코드.csv,ETL일시,택배관리회계조직매핑.csv,1
고객유형.csv,ETL일시,관리회계_계정그룹.csv,1
고객유형.csv,ETL일시,관리회계_계정그룹상세.csv,1
고객유형.csv,ETL일시,관리회계_고객.csv,1
고객유형.csv,ETL일시,관리회계_공통코드.csv,1
고객유형.csv,ETL일시,관리회계_분류공통코드.csv,1
고객유형.csv,ETL일시,관리회계_사업.csv,1
고객유형.csv,ETL일시,관리회계_조직.csv,1
고객유형.csv,ETL일시,관리회계_조직_test.csv,1
고객유형.csv,ETL일시,관리회계_조직그룹.csv,1
고객유형.csv,ETL일시,관리회계_조직그룹상세.csv,1
고객유형.csv,ETL일시,관리회계계정.csv,1
고객유형.csv,ETL일시,기업고객.csv,1
고객유형.csv,ETL일시,미배송사유코드.csv,1
고객유형.csv,ETL일시,법인정보.csv,1
고객유형.csv,ETL일시,사업구분.csv,1
고객유형.csv,ETL일시,사용자.csv,1
고객유형.csv,ETL일시,사원기본.csv,1
고객유형.csv,ETL일시,사원마스터.csv,1
고객유형.csv,ETL일시,상품분류.csv,1
고객유형.csv,ETL일시,상품코드.csv,1
고객유형.csv,ETL일시,서브터미널.csv,1
고객유형.csv,ETL일시,선박.csv,1
고객유형.csv,ETL일시,선석.csv,1
고객유형.csv,ETL일시,수입관리_고객.csv,1
고객유형.csv,ETL일시,수입관리점소.csv,1
고객유형.csv,ETL일시,영업소.csv,1
고객유형.csv,ETL일시,원가인명정보.csv,1
고객유형.csv,ETL일시,작업코드.csv,1
고객유형.csv,ETL일시,조직_수입관리.csv,1
고객유형.csv,ETL일시,조직터미널마스터.csv,1
고객유형.csv,ETL일시,지점코드.csv,1
고객유형.csv,ETL일시,택배BI_조직.csv,1
고객유형.csv,ETL일시,택배_고객.csv,1
고객유형.csv,ETL일시,택배관리회계조직매핑.csv,1
관리회계_계정그룹.csv,ETL일시,관리회계_계정그룹상세.csv,1
관리회계_계정그룹.csv,ETL일시,관리회계_고객.csv,1
관리회계_계정그룹.csv,ETL일시,관리회계_공통코드.csv,1
관리회계_계정그룹.csv,ETL일시,관리회계_분류공통코드.csv,1
관리회계_계정그룹.csv,ETL일시,관리회계_사업.csv,1
관리회계_계정그룹.csv,ETL일시,관리회계_조직.csv,1
관리회계_계정그룹.csv,ETL일시,관리회계_조직_test.csv,1
관리회계_계정그룹.csv,ETL일시,관리회계_조직그룹.csv,1
관리회계_계정그룹.csv,ETL일시,관리회계_조직그룹상세.csv,1
관리회계_계정그룹.csv,ETL일시,관리회계계정.csv,1
관리회계_계정그룹.csv,ETL일시,기업고객.csv,1
관리회계_계정그룹.csv,ETL일시,미배송사유코드.csv,1
관리회계_계정그룹.csv,ETL일시,법인정보.csv,1
관리회계_계정그룹.csv,ETL일시,사업구분.csv,1
관리회계_계정그룹.csv,ETL일시,사용자.csv,1
관리회계_계정그룹.csv,ETL일시,사원기본.csv,1
관리회계_계정그룹.csv,ETL일시,사원마스터.csv,1
관리회계_계정그룹.csv,ETL일시,상품분류.csv,1
관리회계_계정그룹.csv,ETL일시,상품코드.csv,1
관리회계_계정그룹.csv,ETL일시,서브터미널.csv,1
관리회계_계정그룹.csv,ETL일시,선박.csv,1
관리회계_계정그룹.csv,ETL일시,선석.csv,1
관리회계_계정그룹.csv,ETL일시,수입관리_고객.csv,1
관리회계_계정그룹.csv,ETL일시,수입관리점소.csv,1
관리회계_계정그룹.csv,ETL일시,영업소.csv,1
관리회계_계정그룹.csv,ETL일시,원가인명정보.csv,1
관리회계_계정그룹.csv,ETL일시,작업코드.csv,1
관리회계_계정그룹.csv,ETL일시,조직_수입관리.csv,1
관리회계_계정그룹.csv,ETL일시,조직터미널마스터.csv,1
관리회계_계정그룹.csv,ETL일시,지점코드.csv,1
관리회계_계정그룹.csv,ETL일시,택배BI_조직.csv,1
관리회계_계정그룹.csv,ETL일시,택배_고객.csv,1
관리회계_계정그룹.csv,ETL일시,택배관리회계조직매핑.csv,1
관리회계_계정그룹상세.csv,ETL일시,관리회계_고객.csv,1
관리회계_계정그룹상세.csv,ETL일시,관리회계_공통코드.csv,1
관리회계_계정그룹상세.csv,ETL일시,관리회계_분류공통코드.csv,1
관리회계_계정그룹상세.csv,ETL일시,관리회계_사업.csv,1
관리회계_계정그룹상세.csv,ETL일시,관리회계_조직.csv,1
관리회계_계정그룹상세.csv,ETL일시,관리회계_조직_test.csv,1
관리회계_계정그룹상세.csv,ETL일시,관리회계_조직그룹.csv,1
관리회계_계정그룹상세.csv,ETL일시,관리회계_조직그룹상세.csv,1
관리회계_계정그룹상세.csv,ETL일시,관리회계계정.csv,1
관리회계_계정그룹상세.csv,ETL일시,기업고객.csv,1
관리회계_계정그룹상세.csv,ETL일시,미배송사유코드.csv,1
관리회계_계정그룹상세.csv,ETL일시,법인정보.csv,1
관리회계_계정그룹상세.csv,ETL일시,사업구분.csv,1
관리회계_계정그룹상세.csv,ETL일시,사용자.csv,1
관리회계_계정그룹상세.csv,ETL일시,사원기본.csv,1
관리회계_계정그룹상세.csv,ETL일시,사원마스터.csv,1
관리회계_계정그룹상세.csv,ETL일시,상품분류.csv,1
관리회계_계정그룹상세.csv,ETL일시,상품코드.csv,1
관리회계_계정그룹상세.csv,ETL일시,서브터미널.csv,1
관리회계_계정그룹상세.csv,ETL일시,선박.csv,1
관리회계_계정그룹상세.csv,ETL일시,선석.csv,1
관리회계_계정그룹상세.csv,ETL일시,수입관리_고객.csv,1
관리회계_계정그룹상세.csv,ETL일시,수입관리점소.csv,1
관리회계_계정그룹상세.csv,ETL일시,영업소.csv,1
관리회계_계정그룹상세.csv,ETL일시,원가인명정보.csv,1
관리회계_계정그룹상세.csv,ETL일시,작업코드.csv,1
관리회계_계정그룹상세.csv,ETL일시,조직_수입관리.csv,1
관리회계_계정그룹상세.csv,ETL일시,조직터미널마스터.csv,1
관리회계_계정그룹상세.csv,ETL일시,지점코드.csv,1
관리회계_계정그룹상세.csv,ETL일시,택배BI_조직.csv,1
관리회계_계정그룹상세.csv,ETL일시,택배_고객.csv,1
관리회계_계정그룹상세.csv,ETL일시,택배관리회계조직매핑.csv,1
관리회계_고객.csv,ETL일시,관리회계_공통코드.csv,1
관리회계_고객.csv,ETL일시,관리회계_분류공통코드.csv,1
관리회계_고객.csv,ETL일시,관리회계_사업.csv,1
관리회계_고객.csv,ETL일시,관리회계_조직.csv,1
관리회계_고객.csv,ETL일시,관리회계_조직_test.csv,1
관리회계_고객.csv,ETL일시,관리회계_조직그룹.csv,1
관리회계_고객.csv,ETL일시,관리회계_조직그룹상세.csv,1
관리회계_고객.csv,ETL일시,관리회계계정.csv,1
관리회계_고객.csv,ETL일시,기업고객.csv,1
관리회계_고객.csv,ETL일시,미배송사유코드.csv,1
관리회계_고객.csv,ETL일시,법인정보.csv,1
관리회계_고객.csv,ETL일시,사업구분.csv,1
관리회계_고객.csv,ETL일시,사용자.csv,1
관리회계_고객.csv,ETL일시,사원기본.csv,1
관리회계_고객.csv,ETL일시,사원마스터.csv,1
관리회계_고객.csv,ETL일시,상품분류.csv,1
관리회계_고객.csv,ETL일시,상품코드.csv,1
관리회계_고객.csv,ETL일시,서브터미널.csv,1
관리회계_고객.csv,ETL일시,선박.csv,1
관리회계_고객.csv,ETL일시,선석.csv,1
관리회계_고객.csv,ETL일시,수입관리_고객.csv,1
관리회계_고객.csv,ETL일시,수입관리점소.csv,1
관리회계_고객.csv,ETL일시,영업소.csv,1
관리회계_고객.csv,ETL일시,원가인명정보.csv,1
관리회계_고객.csv,ETL일시,작업코드.csv,1
관리회계_고객.csv,ETL일시,조직_수입관리.csv,1
관리회계_고객.csv,ETL일시,조직터미널마스터.csv,1
관리회계_고객.csv,ETL일시,지점코드.csv,1
관리회계_고객.csv,ETL일시,택배BI_조직.csv,1
관리회계_고객.csv,ETL일시,택배_고객.csv,1
관리회계_고객.csv,ETL일시,택배관리회계조직매핑.csv,1
관리회계_공통코드.csv,ETL일시,관리회계_분류공통코드.csv,1
관리회계_공통코드.csv,ETL일시,관리회계_사업.csv,1
관리회계_공통코드.csv,ETL일시,관리회계_조직.csv,1
관리회계_공통코드.csv,ETL일시,관리회계_조직_test.csv,1
관리회계_공통코드.csv,ETL일시,관리회계_조직그룹.csv,1
관리회계_공통코드.csv,ETL일시,관리회계_조직그룹상세.csv,1
관리회계_공통코드.csv,ETL일시,관리회계계정.csv,1
관리회계_공통코드.csv,ETL일시,기업고객.csv,1
관리회계_공통코드.csv,ETL일시,미배송사유코드.csv,1
관리회계_공통코드.csv,ETL일시,법인정보.csv,1
관리회계_공통코드.csv,ETL일시,사업구분.csv,1
관리회계_공통코드.csv,ETL일시,사용자.csv,1
관리회계_공통코드.csv,ETL일시,사원기본.csv,1
관리회계_공통코드.csv,ETL일시,사원마스터.csv,1
관리회계_공통코드.csv,ETL일시,상품분류.csv,1
관리회계_공통코드.csv,ETL일시,상품코드.csv,1
관리회계_공통코드.csv,ETL일시,서브터미널.csv,1
관리회계_공통코드.csv,ETL일시,선박.csv,1
관리회계_공통코드.csv,ETL일시,선석.csv,1
관리회계_공통코드.csv,ETL일시,수입관리_고객.csv,1
관리회계_공통코드.csv,ETL일시,수입관리점소.csv,1
관리회계_공통코드.csv,ETL일시,영업소.csv,1
관리회계_공통코드.csv,ETL일시,원가인명정보.csv,1
관리회계_공통코드.csv,ETL일시,작업코드.csv,1
관리회계_공통코드.csv,ETL일시,조직_수입관리.csv,1
관리회계_공통코드.csv,ETL일시,조직터미널마스터.csv,1
관리회계_공통코드.csv,ETL일시,지점코드.csv,1
관리회계_공통코드.csv,ETL일시,택배BI_조직.csv,1
관리회계_공통코드.csv,ETL일시,택배_고객.csv,1
관리회계_공통코드.csv,ETL일시,택배관리회계조직매핑.csv,1
관리회계_분류공통코드.csv,ETL일시,관리회계_사업.csv,1
관리회계_분류공통코드.csv,ETL일시,관리회계_조직.csv,1
관리회계_분류공통코드.csv,ETL일시,관리회계_조직_test.csv,1
관리회계_분류공통코드.csv,ETL일시,관리회계_조직그룹.csv,1
관리회계_분류공통코드.csv,ETL일시,관리회계_조직그룹상세.csv,1
관리회계_분류공통코드.csv,ETL일시,관리회계계정.csv,1
관리회계_분류공통코드.csv,ETL일시,기업고객.csv,1
관리회계_분류공통코드.csv,ETL일시,미배송사유코드.csv,1
관리회계_분류공통코드.csv,ETL일시,법인정보.csv,1
관리회계_분류공통코드.csv,ETL일시,사업구분.csv,1
관리회계_분류공통코드.csv,ETL일시,사용자.csv,1
관리회계_분류공통코드.csv,ETL일시,사원기본.csv,1
관리회계_분류공통코드.csv,ETL일시,사원마스터.csv,1
관리회계_분류공통코드.csv,ETL일시,상품분류.csv,1
관리회계_분류공통코드.csv,ETL일시,상품코드.csv,1
관리회계_분류공통코드.csv,ETL일시,서브터미널.csv,1
관리회계_분류공통코드.csv,ETL일시,선박.csv,1
관리회계_분류공통코드.csv,ETL일시,선석.csv,1
관리회계_분류공통코드.csv,ETL일시,수입관리_고객.csv,1
관리회계_분류공통코드.csv,ETL일시,수입관리점소.csv,1
관리회계_분류공통코드.csv,ETL일시,영업소.csv,1
관리회계_분류공통코드.csv,ETL일시,원가인명정보.csv,1
관리회계_분류공통코드.csv,ETL일시,작업코드.csv,1
관리회계_분류공통코드.csv,ETL일시,조직_수입관리.csv,1
관리회계_분류공통코드.csv,ETL일시,조직터미널마스터.csv,1
관리회계_분류공통코드.csv,ETL일시,지점코드.csv,1
관리회계_분류공통코드.csv,ETL일시,택배BI_조직.csv,1
관리회계_분류공통코드.csv,ETL일시,택배_고객.csv,1
관리회계_분류공통코드.csv,ETL일시,택배관리회계조직매핑.csv,1
관리회계_사업.csv,ETL일시,관리회계_조직.csv,1
관리회계_사업.csv,ETL일시,관리회계_조직_test.csv,1
관리회계_사업.csv,ETL일시,관리회계_조직그룹.csv,1
관리회계_사업.csv,ETL일시,관리회계_조직그룹상세.csv,1
관리회계_사업.csv,ETL일시,관리회계계정.csv,1
관리회계_사업.csv,ETL일시,기업고객.csv,1
관리회계_사업.csv,ETL일시,미배송사유코드.csv,1
관리회계_사업.csv,ETL일시,법인정보.csv,1
관리회계_사업.csv,ETL일시,사업구분.csv,1
관리회계_사업.csv,ETL일시,사용자.csv,1
관리회계_사업.csv,ETL일시,사원기본.csv,1
관리회계_사업.csv,ETL일시,사원마스터.csv,1
관리회계_사업.csv,ETL일시,상품분류.csv,1
관리회계_사업.csv,ETL일시,상품코드.csv,1
관리회계_사업.csv,ETL일시,서브터미널.csv,1
관리회계_사업.csv,ETL일시,선박.csv,1
관리회계_사업.csv,ETL일시,선석.csv,1
관리회계_사업.csv,ETL일시,수입관리_고객.csv,1
관리회계_사업.csv,ETL일시,수입관리점소.csv,1
관리회계_사업.csv,ETL일시,영업소.csv,1
관리회계_사업.csv,ETL일시,원가인명정보.csv,1
관리회계_사업.csv,ETL일시,작업코드.csv,1
관리회계_사업.csv,ETL일시,조직_수입관리.csv,1
관리회계_사업.csv,ETL일시,조직터미널마스터.csv,1
관리회계_사업.csv,ETL일시,지점코드.csv,1
관리회계_사업.csv,ETL일시,택배BI_조직.csv,1
관리회계_사업.csv,ETL일시,택배_고객.csv,1
관리회계_사업.csv,ETL일시,택배관리회계조직매핑.csv,1
관리회계_조직.csv,ETL일시,관리회계_조직_test.csv,1
관리회계_조직.csv,ETL일시,관리회계_조직그룹.csv,1
관리회계_조직.csv,ETL일시,관리회계_조직그룹상세.csv,1
관리회계_조직.csv,ETL일시,관리회계계정.csv,1
관리회계_조직.csv,ETL일시,기업고객.csv,1
관리회계_조직.csv,ETL일시,미배송사유코드.csv,1
관리회계_조직.csv,ETL일시,법인정보.csv,1
관리회계_조직.csv,ETL일시,사업구분.csv,1
관리회계_조직.csv,ETL일시,사용자.csv,1
관리회계_조직.csv,ETL일시,사원기본.csv,1
관리회계_조직.csv,ETL일시,사원마스터.csv,1
관리회계_조직.csv,ETL일시,상품분류.csv,1
관리회계_조직.csv,ETL일시,상품코드.csv,1
관리회계_조직.csv,ETL일시,서브터미널.csv,1
관리회계_조직.csv,ETL일시,선박.csv,1
관리회계_조직.csv,ETL일시,선석.csv,1
관리회계_조직.csv,ETL일시,수입관리_고객.csv,1
관리회계_조직.csv,ETL일시,수입관리점소.csv,1
관리회계_조직.csv,ETL일시,영업소.csv,1
관리회계_조직.csv,ETL일시,원가인명정보.csv,1
관리회계_조직.csv,ETL일시,작업코드.csv,1
관리회계_조직.csv,ETL일시,조직_수입관리.csv,1
관리회계_조직.csv,ETL일시,조직터미널마스터.csv,1
관리회계_조직.csv,ETL일시,지점코드.csv,1
관리회계_조직.csv,ETL일시,택배BI_조직.csv,1
관리회계_조직.csv,ETL일시,택배_고객.csv,1
관리회계_조직.csv,ETL일시,택배관리회계조직매핑.csv,1
관리회계_조직_test.csv,ETL일시,관리회계_조직그룹.csv,1
관리회계_조직_test.csv,ETL일시,관리회계_조직그룹상세.csv,1
관리회계_조직_test.csv,ETL일시,관리회계계정.csv,1
관리회계_조직_test.csv,ETL일시,기업고객.csv,1
관리회계_조직_test.csv,ETL일시,미배송사유코드.csv,1
관리회계_조직_test.csv,ETL일시,법인정보.csv,1
관리회계_조직_test.csv,ETL일시,사업구분.csv,1
관리회계_조직_test.csv,ETL일시,사용자.csv,1
관리회계_조직_test.csv,ETL일시,사원기본.csv,1
관리회계_조직_test.csv,ETL일시,사원마스터.csv,1
관리회계_조직_test.csv,ETL일시,상품분류.csv,1
관리회계_조직_test.csv,ETL일시,상품코드.csv,1
관리회계_조직_test.csv,ETL일시,서브터미널.csv,1
관리회계_조직_test.csv,ETL일시,선박.csv,1
관리회계_조직_test.csv,ETL일시,선석.csv,1
관리회계_조직_test.csv,ETL일시,수입관리_고객.csv,1
관리회계_조직_test.csv,ETL일시,수입관리점소.csv,1
관리회계_조직_test.csv,ETL일시,영업소.csv,1
관리회계_조직_test.csv,ETL일시,원가인명정보.csv,1
관리회계_조직_test.csv,ETL일시,작업코드.csv,1
관리회계_조직_test.csv,ETL일시,조직_수입관리.csv,1
관리회계_조직_test.csv,ETL일시,조직터미널마스터.csv,1
관리회계_조직_test.csv,ETL일시,지점코드.csv,1
관리회계_조직_test.csv,ETL일시,택배BI_조직.csv,1
관리회계_조직_test.csv,ETL일시,택배_고객.csv,1
관리회계_조직_test.csv,ETL일시,택배관리회계조직매핑.csv,1
관리회계_조직그룹.csv,ETL일시,관리회계_조직그룹상세.csv,1
관리회계_조직그룹.csv,ETL일시,관리회계계정.csv,1
관리회계_조직그룹.csv,ETL일시,기업고객.csv,1
관리회계_조직그룹.csv,ETL일시,미배송사유코드.csv,1
관리회계_조직그룹.csv,ETL일시,법인정보.csv,1
관리회계_조직그룹.csv,ETL일시,사업구분.csv,1
관리회계_조직그룹.csv,ETL일시,사용자.csv,1
관리회계_조직그룹.csv,ETL일시,사원기본.csv,1
관리회계_조직그룹.csv,ETL일시,사원마스터.csv,1
관리회계_조직그룹.csv,ETL일시,상품분류.csv,1
관리회계_조직그룹.csv,ETL일시,상품코드.csv,1
관리회계_조직그룹.csv,ETL일시,서브터미널.csv,1
관리회계_조직그룹.csv,ETL일시,선박.csv,1
관리회계_조직그룹.csv,ETL일시,선석.csv,1
관리회계_조직그룹.csv,ETL일시,수입관리_고객.csv,1
관리회계_조직그룹.csv,ETL일시,수입관리점소.csv,1
관리회계_조직그룹.csv,ETL일시,영업소.csv,1
관리회계_조직그룹.csv,ETL일시,원가인명정보.csv,1
관리회계_조직그룹.csv,ETL일시,작업코드.csv,1
관리회계_조직그룹.csv,ETL일시,조직_수입관리.csv,1
관리회계_조직그룹.csv,ETL일시,조직터미널마스터.csv,1
관리회계_조직그룹.csv,ETL일시,지점코드.csv,1
관리회계_조직그룹.csv,ETL일시,택배BI_조직.csv,1
관리회계_조직그룹.csv,ETL일시,택배_고객.csv,1
관리회계_조직그룹.csv,ETL일시,택배관리회계조직매핑.csv,1
관리회계_조직그룹상세.csv,ETL일시,관리회계계정.csv,1
관리회계_조직그룹상세.csv,ETL일시,기업고객.csv,1
관리회계_조직그룹상세.csv,ETL일시,미배송사유코드.csv,1
관리회계_조직그룹상세.csv,ETL일시,법인정보.csv,1
관리회계_조직그룹상세.csv,ETL일시,사업구분.csv,1
관리회계_조직그룹상세.csv,ETL일시,사용자.csv,1
관리회계_조직그룹상세.csv,ETL일시,사원기본.csv,1
관리회계_조직그룹상세.csv,ETL일시,사원마스터.csv,1
관리회계_조직그룹상세.csv,ETL일시,상품분류.csv,1
관리회계_조직그룹상세.csv,ETL일시,상품코드.csv,1
관리회계_조직그룹상세.csv,ETL일시,서브터미널.csv,1
관리회계_조직그룹상세.csv,ETL일시,선박.csv,1
관리회계_조직그룹상세.csv,ETL일시,선석.csv,1
관리회계_조직그룹상세.csv,ETL일시,수입관리_고객.csv,1
관리회계_조직그룹상세.csv,ETL일시,수입관리점소.csv,1
관리회계_조직그룹상세.csv,ETL일시,영업소.csv,1
관리회계_조직그룹상세.csv,ETL일시,원가인명정보.csv,1
관리회계_조직그룹상세.csv,ETL일시,작업코드.csv,1
관리회계_조직그룹상세.csv,ETL일시,조직_수입관리.csv,1
관리회계_조직그룹상세.csv,ETL일시,조직터미널마스터.csv,1
관리회계_조직그룹상세.csv,ETL일시,지점코드.csv,1
관리회계_조직그룹상세.csv,ETL일시,택배BI_조직.csv,1
관리회계_조직그룹상세.csv,ETL일시,택배_고객.csv,1
관리회계_조직그룹상세.csv,ETL일시,택배관리회계조직매핑.csv,1
관리회계계정.csv,ETL일시,기업고객.csv,1
관리회계계정.csv,ETL일시,미배송사유코드.csv,1
관리회계계정.csv,ETL일시,법인정보.csv,1
관리회계계정.csv,ETL일시,사업구분.csv,1
관리회계계정.csv,ETL일시,사용자.csv,1
관리회계계정.csv,ETL일시,사원기본.csv,1
관리회계계정.csv,ETL일시,사원마스터.csv,1
관리회계계정.csv,ETL일시,상품분류.csv,1
관리회계계정.csv,ETL일시,상품코드.csv,1
관리회계계정.csv,ETL일시,서브터미널.csv,1
관리회계계정.csv,ETL일시,선박.csv,1
관리회계계정.csv,ETL일시,선석.csv,1
관리회계계정.csv,ETL일시,수입관리_고객.csv,1
관리회계계정.csv,ETL일시,수입관리점소.csv,1
관리회계계정.csv,ETL일시,영업소.csv,1
관리회계계정.csv,ETL일시,원가인명정보.csv,1
관리회계계정.csv,ETL일시,작업코드.csv,1
관리회계계정.csv,ETL일시,조직_수입관리.csv,1
관리회계계정.csv,ETL일시,조직터미널마스터.csv,1
관리회계계정.csv,ETL일시,지점코드.csv,1
관리회계계정.csv,ETL일시,택배BI_조직.csv,1
관리회계계정.csv,ETL일시,택배_고객.csv,1
관리회계계정.csv,ETL일시,택배관리회계조직매핑.csv,1
기업고객.csv,ETL일시,미배송사유코드.csv,1
기업고객.csv,ETL일시,법인정보.csv,1
기업고객.csv,ETL일시,사업구분.csv,1
기업고객.csv,ETL일시,사용자.csv,1
기업고객.csv,ETL일시,사원기본.csv,1
기업고객.csv,ETL일시,사원마스터.csv,1
기업고객.csv,ETL일시,상품분류.csv,1
기업고객.csv,ETL일시,상품코드.csv,1
기업고객.csv,ETL일시,서브터미널.csv,1
기업고객.csv,ETL일시,선박.csv,1
기업고객.csv,ETL일시,선석.csv,1
기업고객.csv,ETL일시,수입관리_고객.csv,1
기업고객.csv,ETL일시,수입관리점소.csv,1
기업고객.csv,ETL일시,영업소.csv,1
기업고객.csv,ETL일시,원가인명정보.csv,1
기업고객.csv,ETL일시,작업코드.csv,1
기업고객.csv,ETL일시,조직_수입관리.csv,1
기업고객.csv,ETL일시,조직터미널마스터.csv,1
기업고객.csv,ETL일시,지점코드.csv,1
기업고객.csv,ETL일시,택배BI_조직.csv,1
기업고객.csv,ETL일시,택배_고객.csv,1
기업고객.csv,ETL일시,택배관리회계조직매핑.csv,1
미배송사유코드.csv,ETL일시,법인정보.csv,1
미배송사유코드.csv,ETL일시,사업구분.csv,1
미배송사유코드.csv,ETL일시,사용자.csv,1
미배송사유코드.csv,ETL일시,사원기본.csv,1
미배송사유코드.csv,ETL일시,사원마스터.csv,1
미배송사유코드.csv,ETL일시,상품분류.csv,1
미배송사유코드.csv,ETL일시,상품코드.csv,1
미배송사유코드.csv,ETL일시,서브터미널.csv,1
미배송사유코드.csv,ETL일시,선박.csv,1
미배송사유코드.csv,ETL일시,선석.csv,1
미배송사유코드.csv,ETL일시,수입관리_고객.csv,1
미배송사유코드.csv,ETL일시,수입관리점소.csv,1
미배송사유코드.csv,ETL일시,영업소.csv,1
미배송사유코드.csv,ETL일시,원가인명정보.csv,1
미배송사유코드.csv,ETL일시,작업코드.csv,1
미배송사유코드.csv,ETL일시,조직_수입관리.csv,1
미배송사유코드.csv,ETL일시,조직터미널마스터.csv,1
미배송사유코드.csv,ETL일시,지점코드.csv,1
미배송사유코드.csv,ETL일시,택배BI_조직.csv,1
미배송사유코드.csv,ETL일시,택배_고객.csv,1
미배송사유코드.csv,ETL일시,택배관리회계조직매핑.csv,1
법인정보.csv,ETL일시,사업구분.csv,1
법인정보.csv,ETL일시,사용자.csv,1
법인정보.csv,ETL일시,사원기본.csv,1
법인정보.csv,ETL일시,사원마스터.csv,1
법인정보.csv,ETL일시,상품분류.csv,1
법인정보.csv,ETL일시,상품코드.csv,1
법인정보.csv,ETL일시,서브터미널.csv,1
법인정보.csv,ETL일시,선박.csv,1
법인정보.csv,ETL일시,선석.csv,1
법인정보.csv,ETL일시,수입관리_고객.csv,1
법인정보.csv,ETL일시,수입관리점소.csv,1
법인정보.csv,ETL일시,영업소.csv,1
법인정보.csv,ETL일시,원가인명정보.csv,1
법인정보.csv,ETL일시,작업코드.csv,1
법인정보.csv,ETL일시,조직_수입관리.csv,1
법인정보.csv,ETL일시,조직터미널마스터.csv,1
법인정보.csv,ETL일시,지점코드.csv,1
법인정보.csv,ETL일시,택배BI_조직.csv,1
법인정보.csv,ETL일시,택배_고객.csv,1
법인정보.csv,ETL일시,택배관리회계조직매핑.csv,1
사업구분.csv,ETL일시,사용자.csv,1
사업구분.csv,ETL일시,사원기본.csv,1
사업구분.csv,ETL일시,사원마스터.csv,1
사업구분.csv,ETL일시,상품분류.csv,1
사업구분.csv,ETL일시,상품코드.csv,1
사업구분.csv,ETL일시,서브터미널.csv,1
사업구분.csv,ETL일시,선박.csv,1
사업구분.csv,ETL일시,선석.csv,1
사업구분.csv,ETL일시,수입관리_고객.csv,1
사업구분.csv,ETL일시,수입관리점소.csv,1
사업구분.csv,ETL일시,영업소.csv,1
사업구분.csv,ETL일시,원가인명정보.csv,1
사업구분.csv,ETL일시,작업코드.csv,1
사업구분.csv,ETL일시,조직_수입관리.csv,1
사업구분.csv,ETL일시,조직터미널마스터.csv,1
사업구분.csv,ETL일시,지점코드.csv,1
사업구분.csv,ETL일시,택배BI_조직.csv,1
사업구분.csv,ETL일시,택배_고객.csv,1
사업구분.csv,ETL일시,택배관리회계조직매핑.csv,1
사용자.csv,ETL일시,사원기본.csv,1
사용자.csv,ETL일시,사원마스터.csv,1
사용자.csv,ETL일시,상품분류.csv,1
사용자.csv,ETL일시,상품코드.csv,1
사용자.csv,ETL일시,서브터미널.csv,1
사용자.csv,ETL일시,선박.csv,1
사용자.csv,ETL일시,선석.csv,1
사용자.csv,ETL일시,수입관리_고객.csv,1
사용자.csv,ETL일시,수입관리점소.csv,1
사용자.csv,ETL일시,영업소.csv,1
사용자.csv,ETL일시,원가인명정보.csv,1
사용자.csv,ETL일시,작업코드.csv,1
사용자.csv,ETL일시,조직_수입관리.csv,1
사용자.csv,ETL일시,조직터미널마스터.csv,1
사용자.csv,ETL일시,지점코드.csv,1
사용자.csv,ETL일시,택배BI_조직.csv,1
사용자.csv,ETL일시,택배_고객.csv,1
사용자.csv,ETL일시,택배관리회계조직매핑.csv,1
사원기본.csv,ETL일시,사원마스터.csv,1
사원기본.csv,ETL일시,상품분류.csv,1
사원기본.csv,ETL일시,상품코드.csv,1
사원기본.csv,ETL일시,서브터미널.csv,1
사원기본.csv,ETL일시,선박.csv,1
사원기본.csv,ETL일시,선석.csv,1
사원기본.csv,ETL일시,수입관리_고객.csv,1
사원기본.csv,ETL일시,수입관리점소.csv,1
사원기본.csv,ETL일시,영업소.csv,1
사원기본.csv,ETL일시,원가인명정보.csv,1
사원기본.csv,ETL일시,작업코드.csv,1
사원기본.csv,ETL일시,조직_수입관리.csv,1
사원기본.csv,ETL일시,조직터미널마스터.csv,1
사원기본.csv,ETL일시,지점코드.csv,1
사원기본.csv,ETL일시,택배BI_조직.csv,1
사원기본.csv,ETL일시,택배_고객.csv,1
사원기본.csv,ETL일시,택배관리회계조직매핑.csv,1
사원마스터.csv,ETL일시,상품분류.csv,1
사원마스터.csv,ETL일시,상품코드.csv,1
사원마스터.csv,ETL일시,서브터미널.csv,1
사원마스터.csv,ETL일시,선박.csv,1
사원마스터.csv,ETL일시,선석.csv,1
사원마스터.csv,ETL일시,수입관리_고객.csv,1
사원마스터.csv,ETL일시,수입관리점소.csv,1
사원마스터.csv,ETL일시,영업소.csv,1
사원마스터.csv,ETL일시,원가인명정보.csv,1
사원마스터.csv,ETL일시,작업코드.csv,1
사원마스터.csv,ETL일시,조직_수입관리.csv,1
사원마스터.csv,ETL일시,조직터미널마스터.csv,1
사원마스터.csv,ETL일시,지점코드.csv,1
사원마스터.csv,ETL일시,택배BI_조직.csv,1
사원마스터.csv,ETL일시,택배_고객.csv,1
사원마스터.csv,ETL일시,택배관리회계조직매핑.csv,1
상품분류.csv,ETL일시,상품코드.csv,1
상품분류.csv,ETL일시,서브터미널.csv,1
상품분류.csv,ETL일시,선박.csv,1
상품분류.csv,ETL일시,선석.csv,1
상품분류.csv,ETL일시,수입관리_고객.csv,1
상품분류.csv,ETL일시,수입관리점소.csv,1
상품분류.csv,ETL일시,영업소.csv,1
상품분류.csv,ETL일시,원가인명정보.csv,1
상품분류.csv,ETL일시,작업코드.csv,1
상품분류.csv,ETL일시,조직_수입관리.csv,1
상품분류.csv,ETL일시,조직터미널마스터.csv,1
상품분류.csv,ETL일시,지점코드.csv,1
상품분류.csv,ETL일시,택배BI_조직.csv,1
상품분류.csv,ETL일시,택배_고객.csv,1
상품분류.csv,ETL일시,택배관리회계조직매핑.csv,1
상품코드.csv,ETL일시,서브터미널.csv,1
상품코드.csv,ETL일시,선박.csv,1
상품코드.csv,ETL일시,선석.csv,1
상품코드.csv,ETL일시,수입관리_고객.csv,1
상품코드.csv,ETL일시,수입관리점소.csv,1
상품코드.csv,ETL일시,영업소.csv,1
상품코드.csv,ETL일시,원가인명정보.csv,1
상품코드.csv,ETL일시,작업코드.csv,1
상품코드.csv,ETL일시,조직_수입관리.csv,1
상품코드.csv,ETL일시,조직터미널마스터.csv,1
상품코드.csv,ETL일시,지점코드.csv,1
상품코드.csv,ETL일시,택배BI_조직.csv,1
상품코드.csv,ETL일시,택배_고객.csv,1
상품코드.csv,ETL일시,택배관리회계조직매핑.csv,1
서브터미널.csv,ETL일시,선박.csv,1
서브터미널.csv,ETL일시,선석.csv,1
서브터미널.csv,ETL일시,수입관리_고객.csv,1
서브터미널.csv,ETL일시,수입관리점소.csv,1
서브터미널.csv,ETL일시,영업소.csv,1
서브터미널.csv,ETL일시,원가인명정보.csv,1
서브터미널.csv,ETL일시,작업코드.csv,1
서브터미널.csv,ETL일시,조직_수입관리.csv,1
서브터미널.csv,ETL일시,조직터미널마스터.csv,1
서브터미널.csv,ETL일시,지점코드.csv,1
서브터미널.csv,ETL일시,택배BI_조직.csv,1
서브터미널.csv,ETL일시,택배_고객.csv,1
서브터미널.csv,ETL일시,택배관리회계조직매핑.csv,1
선박.csv,ETL일시,선석.csv,1
선박.csv,ETL일시,수입관리_고객.csv,1
선박.csv,ETL일시,수입관리점소.csv,1
선박.csv,ETL일시,영업소.csv,1
선박.csv,ETL일시,원가인명정보.csv,1
선박.csv,ETL일시,작업코드.csv,1
선박.csv,ETL일시,조직_수입관리.csv,1
선박.csv,ETL일시,조직터미널마스터.csv,1
선박.csv,ETL일시,지점코드.csv,1
선박.csv,ETL일시,택배BI_조직.csv,1
선박.csv,ETL일시,택배_고객.csv,1
선박.csv,ETL일시,택배관리회계조직매핑.csv,1
선석.csv,ETL일시,수입관리_고객.csv,1
선석.csv,ETL일시,수입관리점소.csv,1
선석.csv,ETL일시,영업소.csv,1
선석.csv,ETL일시,원가인명정보.csv,1
선석.csv,ETL일시,작업코드.csv,1
선석.csv,ETL일시,조직_수입관리.csv,1
선석.csv,ETL일시,조직터미널마스터.csv,1
선석.csv,ETL일시,지점코드.csv,1
선석.csv,ETL일시,택배BI_조직.csv,1
선석.csv,ETL일시,택배_고객.csv,1
선석.csv,ETL일시,택배관리회계조직매핑.csv,1
수입관리_고객.csv,ETL일시,수입관리점소.csv,1
수입관리_고객.csv,ETL일시,영업소.csv,1
수입관리_고객.csv,ETL일시,원가인명정보.csv,1
수입관리_고객.csv,ETL일시,작업코드.csv,1
수입관리_고객.csv,ETL일시,조직_수입관리.csv,1
수입관리_고객.csv,ETL일시,조직터미널마스터.csv,1
수입관리_고객.csv,ETL일시,지점코드.csv,1
수입관리_고객.csv,ETL일시,택배BI_조직.csv,1
수입관리_고객.csv,ETL일시,택배_고객.csv,1
수입관리_고객.csv,ETL일시,택배관리회계조직매핑.csv,1
수입관리점소.csv,ETL일시,영업소.csv,1
수입관리점소.csv,ETL일시,원가인명정보.csv,1
수입관리점소.csv,ETL일시,작업코드.csv,1
수입관리점소.csv,ETL일시,조직_수입관리.csv,1
수입관리점소.csv,ETL일시,조직터미널마스터.csv,1
수입관리점소.csv,ETL일시,지점코드.csv,1
수입관리점소.csv,ETL일시,택배BI_조직.csv,1
수입관리점소.csv,ETL일시,택배_고객.csv,1
수입관리점소.csv,ETL일시,택배관리회계조직매핑.csv,1
영업소.csv,ETL일시,원가인명정보.csv,1
영업소.csv,ETL일시,작업코드.csv,1
영업소.csv,ETL일시,조직_수입관리.csv,1
영업소.csv,ETL일시,조직터미널마스터.csv,1
영업소.csv,ETL일시,지점코드.csv,1
영업소.csv,ETL일시,택배BI_조직.csv,1
영업소.csv,ETL일시,택배_고객.csv,1
영업소.csv,ETL일시,택배관리회계조직매핑.csv,1
원가인명정보.csv,ETL일시,작업코드.csv,1
원가인명정보.csv,ETL일시,조직_수입관리.csv,1
원가인명정보.csv,ETL일시,조직터미널마스터.csv,1
원가인명정보.csv,ETL일시,지점코드.csv,1
원가인명정보.csv,ETL일시,택배BI_조직.csv,1
원가인명정보.csv,ETL일시,택배_고객.csv,1
원가인명정보.csv,ETL일시,택배관리회계조직매핑.csv,1
작업코드.csv,ETL일시,조직_수입관리.csv,1
작업코드.csv,ETL일시,조직터미널마스터.csv,1
작업코드.csv,ETL일시,지점코드.csv,1
작업코드.csv,ETL일시,택배BI_조직.csv,1
작업코드.csv,ETL일시,택배_고객.csv,1
작업코드.csv,ETL일시,택배관리회계조직매핑.csv,1
조직_수입관리.csv,ETL일시,조직터미널마스터.csv,1
조직_수입관리.csv,ETL일시,지점코드.csv,1
조직_수입관리.csv,ETL일시,택배BI_조직.csv,1
조직_수입관리.csv,ETL일시,택배_고객.csv,1
조직_수입관리.csv,ETL일시,택배관리회계조직매핑.csv,1
조직터미널마스터.csv,ETL일시,지점코드.csv,1
조직터미널마스터.csv,ETL일시,택배BI_조직.csv,1
조직터미널마스터.csv,ETL일시,택배_고객.csv,1
조직터미널마스터.csv,ETL일시,택배관리회계조직매핑.csv,1
지점코드.csv,ETL일시,택배BI_조직.csv,1
지점코드.csv,ETL일시,택배_고객.csv,1
지점코드.csv,ETL일시,택배관리회계조직매핑.csv,1
택배BI_조직.csv,ETL일시,택배_고객.csv,1
택배BI_조직.csv,ETL일시,택배관리회계조직매핑.csv,1
택배_고객.csv,ETL일시,택배관리회계조직매핑.csv,1
OneClick고객.csv,고객구분코드,고객마스터.csv,1
OneClick고객.csv,고객구분코드,관리회계_고객.csv,1
고객마스터.csv,고객구분코드,관리회계_고객.csv,1
OneClick고객.csv,사업자등록번호,ORGNIZATION.csv,1
OneClick고객.csv,사업자등록번호,개인고객.csv,1
OneClick고객.csv,사업자등록번호,고객마스터.csv,1
OneClick고객.csv,사업자등록번호,관리회계_고객.csv,1
OneClick고객.csv,사업자등록번호,배송점.csv,1
OneClick고객.csv,사업자등록번호,사업자등록번호정보.csv,1
OneClick고객.csv,사업자등록번호,서브터미널.csv,1
OneClick고객.csv,사업자등록번호,영업소.csv,1
OneClick고객.csv,사업자등록번호,택배_조직도.csv,1
ORGNIZATION.csv,사업자등록번호,개인고객.csv,1
ORGNIZATION.csv,사업자등록번호,고객마스터.csv,1
ORGNIZATION.csv,사업자등록번호,관리회계_고객.csv,1
ORGNIZATION.csv,사업자등록번호,배송점.csv,1
ORGNIZATION.csv,사업자등록번호,사업자등록번호정보.csv,1
ORGNIZATION.csv,사업자등록번호,서브터미널.csv,1
ORGNIZATION.csv,사업자등록번호,영업소.csv,1
ORGNIZATION.csv,사업자등록번호,택배_조직도.csv,1
개인고객.csv,사업자등록번호,고객마스터.csv,1
개인고객.csv,사업자등록번호,관리회계_고객.csv,1
개인고객.csv,사업자등록번호,배송점.csv,1
개인고객.csv,사업자등록번호,사업자등록번호정보.csv,1
개인고객.csv,사업자등록번호,서브터미널.csv,1
개인고객.csv,사업자등록번호,영업소.csv,1
개인고객.csv,사업자등록번호,택배_조직도.csv,1
고객마스터.csv,사업자등록번호,관리회계_고객.csv,1
고객마스터.csv,사업자등록번호,배송점.csv,1
고객마스터.csv,사업자등록번호,사업자등록번호정보.csv,1
고객마스터.csv,사업자등록번호,서브터미널.csv,1
고객마스터.csv,사업자등록번호,영업소.csv,1
고객마스터.csv,사업자등록번호,택배_조직도.csv,1
관리회계_고객.csv,사업자등록번호,배송점.csv,1
관리회계_고객.csv,사업자등록번호,사업자등록번호정보.csv,1
관리회계_고객.csv,사업자등록번호,서브터미널.csv,1
관리회계_고객.csv,사업자등록번호,영업소.csv,1
관리회계_고객.csv,사업자등록번호,택배_조직도.csv,1
배송점.csv,사업자등록번호,사업자등록번호정보.csv,1
배송점.csv,사업자등록번호,서브터미널.csv,1
배송점.csv,사업자등록번호,영업소.csv,1
배송점.csv,사업자등록번호,택배_조직도.csv,1
사업자등록번호정보.csv,사업자등록번호,서브터미널.csv,1
사업자등록번호정보.csv,사업자등록번호,영업소.csv,1
사업자등록번호정보.csv,사업자등록번호,택배_조직도.csv,1
서브터미널.csv,사업자등록번호,영업소.csv,1
서브터미널.csv,사업자등록번호,택배_조직도.csv,1
영업소.csv,사업자등록번호,택배_조직도.csv,1
OneClick고객.csv,법인등록번호,고객마스터.csv,1
OneClick고객.csv,업태,PRM계약.csv,1
OneClick고객.csv,업태,고객마스터.csv,1
OneClick고객.csv,업태,영업소.csv,1
PRM계약.csv,업태,고객마스터.csv,1
PRM계약.csv,업태,영업소.csv,1
고객마스터.csv,업태,영업소.csv,1
OneClick고객.csv,업종명,고객마스터.csv,1
OneClick고객.csv,SFDC고객ID,고객마스터.csv,1
OneClick고객.csv,SFDC고객ID,수입관리_고객.csv,1
고객마스터.csv,SFDC고객ID,수입관리_고객.csv,1
OneClick고객.csv,최종업데이트사원번호,조직터미널마스터.csv,1
OneClick고객.csv,최종업데이트사원번호,택배_조직도.csv,1
조직터미널마스터.csv,최종업데이트사원번호,택배_조직도.csv,1
ORGNIZATION.csv,조직코드,사원마스터.csv,1
ORGNIZATION.csv,조직코드,선석.csv,1
ORGNIZATION.csv,조직코드,택배_조직도.csv,1
사원마스터.csv,조직코드,선석.csv,1
사원마스터.csv,조직코드,택배_조직도.csv,1
선석.csv,조직코드,택배_조직도.csv,1
ORGNIZATION.csv,상위조직코드,배송점.csv,1
ORGNIZATION.csv,상위조직코드,택배_조직도.csv,1
배송점.csv,상위조직코드,택배_조직도.csv,1
ORGNIZATION.csv,조직명,택배_조직도.csv,1
ORGNIZATION.csv,조직구분코드,배송점.csv,1
ORGNIZATION.csv,조직구분코드,택배_조직도.csv,1
배송점.csv,조직구분코드,택배_조직도.csv,1
ORGNIZATION.csv,조직관리유형코드,배송점.csv,1
ORGNIZATION.csv,조직관리유형코드,택배_조직도.csv,1
배송점.csv,조직관리유형코드,택배_조직도.csv,1
ORGNIZATION.csv,조직권역구분코드,배송점.csv,1
ORGNIZATION.csv,조직권역구분코드,택배_조직도.csv,1
배송점.csv,조직권역구분코드,택배_조직도.csv,1
ORGNIZATION.csv,조직계약시작일자,배송점.csv,1
ORGNIZATION.csv,조직계약시작일자,택배_조직도.csv,1
배송점.csv,조직계약시작일자,택배_조직도.csv,1
ORGNIZATION.csv,조직계약종료일자,배송점.csv,1
ORGNIZATION.csv,조직계약종료일자,택배_조직도.csv,1
배송점.csv,조직계약종료일자,택배_조직도.csv,1
ORGNIZATION.csv,조직폐쇄일자,배송점.csv,1
ORGNIZATION.csv,조직폐쇄일자,택배_조직도.csv,1
배송점.csv,조직폐쇄일자,택배_조직도.csv,1
ORGNIZATION.csv,영문조직명,배송점.csv,1
ORGNIZATION.csv,영문조직명,택배_조직도.csv,1
배송점.csv,영문조직명,택배_조직도.csv,1
ORGNIZATION.csv,팩스번호,배송점.csv,1
ORGNIZATION.csv,팩스번호,택배_조직도.csv,1
배송점.csv,팩스번호,택배_조직도.csv,1
ORGNIZATION.csv,기본주소,배송점.csv,1
ORGNIZATION.csv,기본주소,서브터미널.csv,1
ORGNIZATION.csv,기본주소,택배_조직도.csv,1
배송점.csv,기본주소,서브터미널.csv,1
배송점.csv,기본주소,택배_조직도.csv,1
서브터미널.csv,기본주소,택배_조직도.csv,1
ORGNIZATION.csv,상세주소,고객마스터.csv,1
ORGNIZATION.csv,상세주소,배송점.csv,1
ORGNIZATION.csv,상세주소,택배_조직도.csv,1
고객마스터.csv,상세주소,배송점.csv,1
고객마스터.csv,상세주소,택배_조직도.csv,1
배송점.csv,상세주소,택배_조직도.csv,1
ORGNIZATION.csv,수입조직코드,택배_조직도.csv,1
ORGNIZATION.csv,수입신규조직코드,택배_조직도.csv,1
ORGNIZATION.csv,좌표구분코드,택배_조직도.csv,1
ORGNIZATION.csv,X좌표,서브터미널.csv,1
ORGNIZATION.csv,X좌표,택배_조직도.csv,1
서브터미널.csv,X좌표,택배_조직도.csv,1
ORGNIZATION.csv,Y좌표,서브터미널.csv,1
ORGNIZATION.csv,Y좌표,택배_조직도.csv,1
서브터미널.csv,Y좌표,택배_조직도.csv,1
ORGNIZATION.csv,최수정일시,배송점.csv,1
ORGNIZATION.csv,최종수정자,배송점.csv,1
PRM계약.csv,사업자번호,간선사업자.csv,1
PRM계약.csv,사업자번호,계약마스터.csv,1
PRM계약.csv,사업자번호,수입관리점소.csv,1
간선사업자.csv,사업자번호,계약마스터.csv,1
간선사업자.csv,사업자번호,수입관리점소.csv,1
계약마스터.csv,사업자번호,수입관리점소.csv,1
PRM계약.csv,계약구분,계약마스터.csv,1
PRM계약.csv,계약구분,영업소.csv,1
계약마스터.csv,계약구분,영업소.csv,1
PRM계약.csv,업종,영업소.csv,1
PRM계약.csv,업종,업종.csv,1
영업소.csv,업종,업종.csv,1
PRM계약.csv,계약개시일,계약마스터.csv,1
PRM계약.csv,계약종료일,계약마스터.csv,1
test.csv,ID,test1.csv,1
test.csv,Name,test1.csv,1
test.csv,Country,Country.csv,1
test.csv,전화번호,사용자.csv,1
test.csv,전화번호,수입관리점소.csv,1
사용자.csv,전화번호,수입관리점소.csv,1
test.csv,업체명,간선사업자.csv,1
test.csv,차량번호,사원기본.csv,1
test.csv,차량번호,사원마스터.csv,1
사원기본.csv,차량번호,사원마스터.csv,1
test1.csv,CompanyCode,test1_sum.csv,1
test1.csv,CompanyCode,test1_sum2.csv,1
test1.csv,CompanyCode,test2.csv,1
test1_sum.csv,CompanyCode,test1_sum2.csv,1
test1_sum.csv,CompanyCode,test2.csv,1
test1_sum2.csv,CompanyCode,test2.csv,1
test1.csv,Dept,test1_sum.csv,1
test1.csv,Dept,test2.csv,1
test1_sum.csv,Dept,test2.csv,1
test1.csv,City,test1_sum2.csv,1
test1.csv,City,test3.csv,1
test1_sum2.csv,City,test3.csv,1
간선사업자.csv,last_update_dtm,결제조건.csv,1
간선사업자.csv,last_update_dtm,계정코드관리.csv,1
간선사업자.csv,last_update_dtm,관리회계BI_계정.csv,1
간선사업자.csv,last_update_dtm,관리회계BI_사업.csv,1
간선사업자.csv,last_update_dtm,관리회계BI_조직.csv,1
간선사업자.csv,last_update_dtm,기업설립형태.csv,1
간선사업자.csv,last_update_dtm,불량등급.csv,1
간선사업자.csv,last_update_dtm,사업자등록번호정보.csv,1
간선사업자.csv,last_update_dtm,사업코드관리.csv,1
간선사업자.csv,last_update_dtm,신용공여기간.csv,1
간선사업자.csv,last_update_dtm,신용등급.csv,1
간선사업자.csv,last_update_dtm,조직코드관리.csv,1
간선사업자.csv,last_update_dtm,택배_조직도.csv,1
결제조건.csv,last_update_dtm,계정코드관리.csv,1
결제조건.csv,last_update_dtm,관리회계BI_계정.csv,1
결제조건.csv,last_update_dtm,관리회계BI_사업.csv,1
결제조건.csv,last_update_dtm,관리회계BI_조직.csv,1
결제조건.csv,last_update_dtm,기업설립형태.csv,1
결제조건.csv,last_update_dtm,불량등급.csv,1
결제조건.csv,last_update_dtm,사업자등록번호정보.csv,1
결제조건.csv,last_update_dtm,사업코드관리.csv,1
결제조건.csv,last_update_dtm,신용공여기간.csv,1
결제조건.csv,last_update_dtm,신용등급.csv,1
결제조건.csv,last_update_dtm,조직코드관리.csv,1
결제조건.csv,last_update_dtm,택배_조직도.csv,1
계정코드관리.csv,last_update_dtm,관리회계BI_계정.csv,1
계정코드관리.csv,last_update_dtm,관리회계BI_사업.csv,1
계정코드관리.csv,last_update_dtm,관리회계BI_조직.csv,1
계정코드관리.csv,last_update_dtm,기업설립형태.csv,1
계정코드관리.csv,last_update_dtm,불량등급.csv,1
계정코드관리.csv,last_update_dtm,사업자등록번호정보.csv,1
계정코드관리.csv,last_update_dtm,사업코드관리.csv,1
계정코드관리.csv,last_update_dtm,신용공여기간.csv,1
계정코드관리.csv,last_update_dtm,신용등급.csv,1
계정코드관리.csv,last_update_dtm,조직코드관리.csv,1
계정코드관리.csv,last_update_dtm,택배_조직도.csv,1
관리회계BI_계정.csv,last_update_dtm,관리회계BI_사업.csv,1
관리회계BI_계정.csv,last_update_dtm,관리회계BI_조직.csv,1
관리회계BI_계정.csv,last_update_dtm,기업설립형태.csv,1
관리회계BI_계정.csv,last_update_dtm,불량등급.csv,1
관리회계BI_계정.csv,last_update_dtm,사업자등록번호정보.csv,1
관리회계BI_계정.csv,last_update_dtm,사업코드관리.csv,1
관리회계BI_계정.csv,last_update_dtm,신용공여기간.csv,1
관리회계BI_계정.csv,last_update_dtm,신용등급.csv,1
관리회계BI_계정.csv,last_update_dtm,조직코드관리.csv,1
관리회계BI_계정.csv,last_update_dtm,택배_조직도.csv,1
관리회계BI_사업.csv,last_update_dtm,관리회계BI_조직.csv,1
관리회계BI_사업.csv,last_update_dtm,기업설립형태.csv,1
관리회계BI_사업.csv,last_update_dtm,불량등급.csv,1
관리회계BI_사업.csv,last_update_dtm,사업자등록번호정보.csv,1
관리회계BI_사업.csv,last_update_dtm,사업코드관리.csv,1
관리회계BI_사업.csv,last_update_dtm,신용공여기간.csv,1
관리회계BI_사업.csv,last_update_dtm,신용등급.csv,1
관리회계BI_사업.csv,last_update_dtm,조직코드관리.csv,1
관리회계BI_사업.csv,last_update_dtm,택배_조직도.csv,1
관리회계BI_조직.csv,last_update_dtm,기업설립형태.csv,1
관리회계BI_조직.csv,last_update_dtm,불량등급.csv,1
관리회계BI_조직.csv,last_update_dtm,사업자등록번호정보.csv,1
관리회계BI_조직.csv,last_update_dtm,사업코드관리.csv,1
관리회계BI_조직.csv,last_update_dtm,신용공여기간.csv,1
관리회계BI_조직.csv,last_update_dtm,신용등급.csv,1
관리회계BI_조직.csv,last_update_dtm,조직코드관리.csv,1
관리회계BI_조직.csv,last_update_dtm,택배_조직도.csv,1
기업설립형태.csv,last_update_dtm,불량등급.csv,1
기업설립형태.csv,last_update_dtm,사업자등록번호정보.csv,1
기업설립형태.csv,last_update_dtm,사업코드관리.csv,1
기업설립형태.csv,last_update_dtm,신용공여기간.csv,1
기업설립형태.csv,last_update_dtm,신용등급.csv,1
기업설립형태.csv,last_update_dtm,조직코드관리.csv,1
기업설립형태.csv,last_update_dtm,택배_조직도.csv,1
불량등급.csv,last_update_dtm,사업자등록번호정보.csv,1
불량등급.csv,last_update_dtm,사업코드관리.csv,1
불량등급.csv,last_update_dtm,신용공여기간.csv,1
불량등급.csv,last_update_dtm,신용등급.csv,1
불량등급.csv,last_update_dtm,조직코드관리.csv,1
불량등급.csv,last_update_dtm,택배_조직도.csv,1
사업자등록번호정보.csv,last_update_dtm,사업코드관리.csv,1
사업자등록번호정보.csv,last_update_dtm,신용공여기간.csv,1
사업자등록번호정보.csv,last_update_dtm,신용등급.csv,1
사업자등록번호정보.csv,last_update_dtm,조직코드관리.csv,1
사업자등록번호정보.csv,last_update_dtm,택배_조직도.csv,1
사업코드관리.csv,last_update_dtm,신용공여기간.csv,1
사업코드관리.csv,last_update_dtm,신용등급.csv,1
사업코드관리.csv,last_update_dtm,조직코드관리.csv,1
사업코드관리.csv,last_update_dtm,택배_조직도.csv,1
신용공여기간.csv,last_update_dtm,신용등급.csv,1
신용공여기간.csv,last_update_dtm,조직코드관리.csv,1
신용공여기간.csv,last_update_dtm,택배_조직도.csv,1
신용등급.csv,last_update_dtm,조직코드관리.csv,1
신용등급.csv,last_update_dtm,택배_조직도.csv,1
조직코드관리.csv,last_update_dtm,택배_조직도.csv,1
간선사업자.csv,etl_dtm,결제조건.csv,1
간선사업자.csv,etl_dtm,계정코드관리.csv,1
간선사업자.csv,etl_dtm,관리회계BI_계정.csv,1
간선사업자.csv,etl_dtm,관리회계BI_사업.csv,1
간선사업자.csv,etl_dtm,관리회계BI_조직.csv,1
간선사업자.csv,etl_dtm,기업설립형태.csv,1
간선사업자.csv,etl_dtm,불량등급.csv,1
간선사업자.csv,etl_dtm,사업자등록번호정보.csv,1
간선사업자.csv,etl_dtm,사업코드관리.csv,1
간선사업자.csv,etl_dtm,신용공여기간.csv,1
간선사업자.csv,etl_dtm,신용등급.csv,1
간선사업자.csv,etl_dtm,조직코드관리.csv,1
간선사업자.csv,etl_dtm,택배_조직도.csv,1
결제조건.csv,etl_dtm,계정코드관리.csv,1
결제조건.csv,etl_dtm,관리회계BI_계정.csv,1
결제조건.csv,etl_dtm,관리회계BI_사업.csv,1
결제조건.csv,etl_dtm,관리회계BI_조직.csv,1
결제조건.csv,etl_dtm,기업설립형태.csv,1
결제조건.csv,etl_dtm,불량등급.csv,1
결제조건.csv,etl_dtm,사업자등록번호정보.csv,1
결제조건.csv,etl_dtm,사업코드관리.csv,1
결제조건.csv,etl_dtm,신용공여기간.csv,1
결제조건.csv,etl_dtm,신용등급.csv,1
결제조건.csv,etl_dtm,조직코드관리.csv,1
결제조건.csv,etl_dtm,택배_조직도.csv,1
계정코드관리.csv,etl_dtm,관리회계BI_계정.csv,1
계정코드관리.csv,etl_dtm,관리회계BI_사업.csv,1
계정코드관리.csv,etl_dtm,관리회계BI_조직.csv,1
계정코드관리.csv,etl_dtm,기업설립형태.csv,1
계정코드관리.csv,etl_dtm,불량등급.csv,1
계정코드관리.csv,etl_dtm,사업자등록번호정보.csv,1
계정코드관리.csv,etl_dtm,사업코드관리.csv,1
계정코드관리.csv,etl_dtm,신용공여기간.csv,1
계정코드관리.csv,etl_dtm,신용등급.csv,1
계정코드관리.csv,etl_dtm,조직코드관리.csv,1
계정코드관리.csv,etl_dtm,택배_조직도.csv,1
관리회계BI_계정.csv,etl_dtm,관리회계BI_사업.csv,1
관리회계BI_계정.csv,etl_dtm,관리회계BI_조직.csv,1
관리회계BI_계정.csv,etl_dtm,기업설립형태.csv,1
관리회계BI_계정.csv,etl_dtm,불량등급.csv,1
관리회계BI_계정.csv,etl_dtm,사업자등록번호정보.csv,1
관리회계BI_계정.csv,etl_dtm,사업코드관리.csv,1
관리회계BI_계정.csv,etl_dtm,신용공여기간.csv,1
관리회계BI_계정.csv,etl_dtm,신용등급.csv,1
관리회계BI_계정.csv,etl_dtm,조직코드관리.csv,1
관리회계BI_계정.csv,etl_dtm,택배_조직도.csv,1
관리회계BI_사업.csv,etl_dtm,관리회계BI_조직.csv,1
관리회계BI_사업.csv,etl_dtm,기업설립형태.csv,1
관리회계BI_사업.csv,etl_dtm,불량등급.csv,1
관리회계BI_사업.csv,etl_dtm,사업자등록번호정보.csv,1
관리회계BI_사업.csv,etl_dtm,사업코드관리.csv,1
관리회계BI_사업.csv,etl_dtm,신용공여기간.csv,1
관리회계BI_사업.csv,etl_dtm,신용등급.csv,1
관리회계BI_사업.csv,etl_dtm,조직코드관리.csv,1
관리회계BI_사업.csv,etl_dtm,택배_조직도.csv,1
관리회계BI_조직.csv,etl_dtm,기업설립형태.csv,1
관리회계BI_조직.csv,etl_dtm,불량등급.csv,1
관리회계BI_조직.csv,etl_dtm,사업자등록번호정보.csv,1
관리회계BI_조직.csv,etl_dtm,사업코드관리.csv,1
관리회계BI_조직.csv,etl_dtm,신용공여기간.csv,1
관리회계BI_조직.csv,etl_dtm,신용등급.csv,1
관리회계BI_조직.csv,etl_dtm,조직코드관리.csv,1
관리회계BI_조직.csv,etl_dtm,택배_조직도.csv,1
기업설립형태.csv,etl_dtm,불량등급.csv,1
기업설립형태.csv,etl_dtm,사업자등록번호정보.csv,1
기업설립형태.csv,etl_dtm,사업코드관리.csv,1
기업설립형태.csv,etl_dtm,신용공여기간.csv,1
기업설립형태.csv,etl_dtm,신용등급.csv,1
기업설립형태.csv,etl_dtm,조직코드관리.csv,1
기업설립형태.csv,etl_dtm,택배_조직도.csv,1
불량등급.csv,etl_dtm,사업자등록번호정보.csv,1
불량등급.csv,etl_dtm,사업코드관리.csv,1
불량등급.csv,etl_dtm,신용공여기간.csv,1
불량등급.csv,etl_dtm,신용등급.csv,1
불량등급.csv,etl_dtm,조직코드관리.csv,1
불량등급.csv,etl_dtm,택배_조직도.csv,1
사업자등록번호정보.csv,etl_dtm,사업코드관리.csv,1
사업자등록번호정보.csv,etl_dtm,신용공여기간.csv,1
사업자등록번호정보.csv,etl_dtm,신용등급.csv,1
사업자등록번호정보.csv,etl_dtm,조직코드관리.csv,1
사업자등록번호정보.csv,etl_dtm,택배_조직도.csv,1
사업코드관리.csv,etl_dtm,신용공여기간.csv,1
사업코드관리.csv,etl_dtm,신용등급.csv,1
사업코드관리.csv,etl_dtm,조직코드관리.csv,1
사업코드관리.csv,etl_dtm,택배_조직도.csv,1
신용공여기간.csv,etl_dtm,신용등급.csv,1
신용공여기간.csv,etl_dtm,조직코드관리.csv,1
신용공여기간.csv,etl_dtm,택배_조직도.csv,1
신용등급.csv,etl_dtm,조직코드관리.csv,1
신용등급.csv,etl_dtm,택배_조직도.csv,1
조직코드관리.csv,etl_dtm,택배_조직도.csv,1
결제조건.csv,결제조건코드,수입관리_고객.csv,1
결제조건.csv,dt_reg,기업설립형태.csv,1
결제조건.csv,dt_reg,불량등급.csv,1
결제조건.csv,dt_reg,신용공여기간.csv,1
결제조건.csv,dt_reg,신용등급.csv,1
기업설립형태.csv,dt_reg,불량등급.csv,1
기업설립형태.csv,dt_reg,신용공여기간.csv,1
기업설립형태.csv,dt_reg,신용등급.csv,1
불량등급.csv,dt_reg,신용공여기간.csv,1
불량등급.csv,dt_reg,신용등급.csv,1
신용공여기간.csv,dt_reg,신용등급.csv,1
결제조건.csv,dt_adjt,기업설립형태.csv,1
결제조건.csv,dt_adjt,불량등급.csv,1
결제조건.csv,dt_adjt,신용공여기간.csv,1
결제조건.csv,dt_adjt,신용등급.csv,1
기업설립형태.csv,dt_adjt,불량등급.csv,1
기업설립형태.csv,dt_adjt,신용공여기간.csv,1
기업설립형태.csv,dt_adjt,신용등급.csv,1
불량등급.csv,dt_adjt,신용공여기간.csv,1
불량등급.csv,dt_adjt,신용등급.csv,1
신용공여기간.csv,dt_adjt,신용등급.csv,1
결제조건.csv,폐기일자,기업설립형태.csv,1
결제조건.csv,폐기일자,불량등급.csv,1
결제조건.csv,폐기일자,사업구분.csv,1
결제조건.csv,폐기일자,사용자.csv,1
결제조건.csv,폐기일자,신용공여기간.csv,1
결제조건.csv,폐기일자,신용등급.csv,1
기업설립형태.csv,폐기일자,불량등급.csv,1
기업설립형태.csv,폐기일자,사업구분.csv,1
기업설립형태.csv,폐기일자,사용자.csv,1
기업설립형태.csv,폐기일자,신용공여기간.csv,1
기업설립형태.csv,폐기일자,신용등급.csv,1
불량등급.csv,폐기일자,사업구분.csv,1
불량등급.csv,폐기일자,사용자.csv,1
불량등급.csv,폐기일자,신용공여기간.csv,1
불량등급.csv,폐기일자,신용등급.csv,1
사업구분.csv,폐기일자,사용자.csv,1
사업구분.csv,폐기일자,신용공여기간.csv,1
사업구분.csv,폐기일자,신용등급.csv,1
사용자.csv,폐기일자,신용공여기간.csv,1
사용자.csv,폐기일자,신용등급.csv,1
신용공여기간.csv,폐기일자,신용등급.csv,1
결제조건.csv,yn_abd,기업설립형태.csv,1
결제조건.csv,yn_abd,불량등급.csv,1
결제조건.csv,yn_abd,신용공여기간.csv,1
결제조건.csv,yn_abd,신용등급.csv,1
기업설립형태.csv,yn_abd,불량등급.csv,1
기업설립형태.csv,yn_abd,신용공여기간.csv,1
기업설립형태.csv,yn_abd,신용등급.csv,1
불량등급.csv,yn_abd,신용공여기간.csv,1
불량등급.csv,yn_abd,신용등급.csv,1
신용공여기간.csv,yn_abd,신용등급.csv,1
결제조건.csv,처리자사번,기업설립형태.csv,1
결제조건.csv,처리자사번,불량등급.csv,1
결제조건.csv,처리자사번,사업구분.csv,1
결제조건.csv,처리자사번,사용자.csv,1
결제조건.csv,처리자사번,수입관리점소.csv,1
결제조건.csv,처리자사번,신용공여기간.csv,1
결제조건.csv,처리자사번,신용등급.csv,1
기업설립형태.csv,처리자사번,불량등급.csv,1
기업설립형태.csv,처리자사번,사업구분.csv,1
기업설립형태.csv,처리자사번,사용자.csv,1
기업설립형태.csv,처리자사번,수입관리점소.csv,1
기업설립형태.csv,처리자사번,신용공여기간.csv,1
기업설립형태.csv,처리자사번,신용등급.csv,1
불량등급.csv,처리자사번,사업구분.csv,1
불량등급.csv,처리자사번,사용자.csv,1
불량등급.csv,처리자사번,수입관리점소.csv,1
불량등급.csv,처리자사번,신용공여기간.csv,1
불량등급.csv,처리자사번,신용등급.csv,1
사업구분.csv,처리자사번,사용자.csv,1
사업구분.csv,처리자사번,수입관리점소.csv,1
사업구분.csv,처리자사번,신용공여기간.csv,1
사업구분.csv,처리자사번,신용등급.csv,1
사용자.csv,처리자사번,수입관리점소.csv,1
사용자.csv,처리자사번,신용공여기간.csv,1
사용자.csv,처리자사번,신용등급.csv,1
수입관리점소.csv,처리자사번,신용공여기간.csv,1
수입관리점소.csv,처리자사번,신용등급.csv,1
신용공여기간.csv,처리자사번,신용등급.csv,1
계약마스터.csv,소사업코드,관리회계BI_사업.csv,1
계약마스터.csv,소사업코드,사업코드관리.csv,1
관리회계BI_사업.csv,소사업코드,사업코드관리.csv,1
계약마스터.csv,소사업명,관리회계BI_사업.csv,1
계약마스터.csv,소사업명,사업코드관리.csv,1
관리회계BI_사업.csv,소사업명,사업코드관리.csv,1
계약마스터.csv,팀명,사용자.csv,1
계약마스터.csv,최초생성자ID,계정과목코드.csv,1
계약마스터.csv,최초생성자ID,계정코드관리.csv,1
계약마스터.csv,최초생성자ID,관리회계BI_계정.csv,1
계약마스터.csv,최초생성자ID,관리회계BI_사업.csv,1
계약마스터.csv,최초생성자ID,관리회계BI_조직.csv,1
계약마스터.csv,최초생성자ID,관리회계_계정그룹.csv,1
계약마스터.csv,최초생성자ID,관리회계_계정그룹상세.csv,1
계약마스터.csv,최초생성자ID,관리회계_고객.csv,1
계약마스터.csv,최초생성자ID,관리회계_공통코드.csv,1
계약마스터.csv,최초생성자ID,관리회계_분류공통코드.csv,1
계약마스터.csv,최초생성자ID,관리회계_사업.csv,1
계약마스터.csv,최초생성자ID,관리회계_조직.csv,1
계약마스터.csv,최초생성자ID,관리회계_조직_test.csv,1
계약마스터.csv,최초생성자ID,관리회계_조직그룹.csv,1
계약마스터.csv,최초생성자ID,관리회계_조직그룹상세.csv,1
계약마스터.csv,최초생성자ID,관리회계계정.csv,1
계약마스터.csv,최초생성자ID,법인정보.csv,1
계약마스터.csv,최초생성자ID,사업코드관리.csv,1
계약마스터.csv,최초생성자ID,원가인명정보.csv,1
계약마스터.csv,최초생성자ID,조직코드관리.csv,1
계정과목코드.csv,최초생성자ID,계정코드관리.csv,1
계정과목코드.csv,최초생성자ID,관리회계BI_계정.csv,1
계정과목코드.csv,최초생성자ID,관리회계BI_사업.csv,1
계정과목코드.csv,최초생성자ID,관리회계BI_조직.csv,1
계정과목코드.csv,최초생성자ID,관리회계_계정그룹.csv,1
계정과목코드.csv,최초생성자ID,관리회계_계정그룹상세.csv,1
계정과목코드.csv,최초생성자ID,관리회계_고객.csv,1
계정과목코드.csv,최초생성자ID,관리회계_공통코드.csv,1
계정과목코드.csv,최초생성자ID,관리회계_분류공통코드.csv,1
계정과목코드.csv,최초생성자ID,관리회계_사업.csv,1
계정과목코드.csv,최초생성자ID,관리회계_조직.csv,1
계정과목코드.csv,최초생성자ID,관리회계_조직_test.csv,1
계정과목코드.csv,최초생성자ID,관리회계_조직그룹.csv,1
계정과목코드.csv,최초생성자ID,관리회계_조직그룹상세.csv,1
계정과목코드.csv,최초생성자ID,관리회계계정.csv,1
계정과목코드.csv,최초생성자ID,법인정보.csv,1
계정과목코드.csv,최초생성자ID,사업코드관리.csv,1
계정과목코드.csv,최초생성자ID,원가인명정보.csv,1
계정과목코드.csv,최초생성자ID,조직코드관리.csv,1
계정코드관리.csv,최초생성자ID,관리회계BI_계정.csv,1
계정코드관리.csv,최초생성자ID,관리회계BI_사업.csv,1
계정코드관리.csv,최초생성자ID,관리회계BI_조직.csv,1
계정코드관리.csv,최초생성자ID,관리회계_계정그룹.csv,1
계정코드관리.csv,최초생성자ID,관리회계_계정그룹상세.csv,1
계정코드관리.csv,최초생성자ID,관리회계_고객.csv,1
계정코드관리.csv,최초생성자ID,관리회계_공통코드.csv,1
계정코드관리.csv,최초생성자ID,관리회계_분류공통코드.csv,1
계정코드관리.csv,최초생성자ID,관리회계_사업.csv,1
계정코드관리.csv,최초생성자ID,관리회계_조직.csv,1
계정코드관리.csv,최초생성자ID,관리회계_조직_test.csv,1
계정코드관리.csv,최초생성자ID,관리회계_조직그룹.csv,1
계정코드관리.csv,최초생성자ID,관리회계_조직그룹상세.csv,1
계정코드관리.csv,최초생성자ID,관리회계계정.csv,1
계정코드관리.csv,최초생성자ID,법인정보.csv,1
계정코드관리.csv,최초생성자ID,사업코드관리.csv,1
계정코드관리.csv,최초생성자ID,원가인명정보.csv,1
계정코드관리.csv,최초생성자ID,조직코드관리.csv,1
관리회계BI_계정.csv,최초생성자ID,관리회계BI_사업.csv,1
관리회계BI_계정.csv,최초생성자ID,관리회계BI_조직.csv,1
관리회계BI_계정.csv,최초생성자ID,관리회계_계정그룹.csv,1
관리회계BI_계정.csv,최초생성자ID,관리회계_계정그룹상세.csv,1
관리회계BI_계정.csv,최초생성자ID,관리회계_고객.csv,1
관리회계BI_계정.csv,최초생성자ID,관리회계_공통코드.csv,1
관리회계BI_계정.csv,최초생성자ID,관리회계_분류공통코드.csv,1
관리회계BI_계정.csv,최초생성자ID,관리회계_사업.csv,1
관리회계BI_계정.csv,최초생성자ID,관리회계_조직.csv,1
관리회계BI_계정.csv,최초생성자ID,관리회계_조직_test.csv,1
관리회계BI_계정.csv,최초생성자ID,관리회계_조직그룹.csv,1
관리회계BI_계정.csv,최초생성자ID,관리회계_조직그룹상세.csv,1
관리회계BI_계정.csv,최초생성자ID,관리회계계정.csv,1
관리회계BI_계정.csv,최초생성자ID,법인정보.csv,1
관리회계BI_계정.csv,최초생성자ID,사업코드관리.csv,1
관리회계BI_계정.csv,최초생성자ID,원가인명정보.csv,1
관리회계BI_계정.csv,최초생성자ID,조직코드관리.csv,1
관리회계BI_사업.csv,최초생성자ID,관리회계BI_조직.csv,1
관리회계BI_사업.csv,최초생성자ID,관리회계_계정그룹.csv,1
관리회계BI_사업.csv,최초생성자ID,관리회계_계정그룹상세.csv,1
관리회계BI_사업.csv,최초생성자ID,관리회계_고객.csv,1
관리회계BI_사업.csv,최초생성자ID,관리회계_공통코드.csv,1
관리회계BI_사업.csv,최초생성자ID,관리회계_분류공통코드.csv,1
관리회계BI_사업.csv,최초생성자ID,관리회계_사업.csv,1
관리회계BI_사업.csv,최초생성자ID,관리회계_조직.csv,1
관리회계BI_사업.csv,최초생성자ID,관리회계_조직_test.csv,1
관리회계BI_사업.csv,최초생성자ID,관리회계_조직그룹.csv,1
관리회계BI_사업.csv,최초생성자ID,관리회계_조직그룹상세.csv,1
관리회계BI_사업.csv,최초생성자ID,관리회계계정.csv,1
관리회계BI_사업.csv,최초생성자ID,법인정보.csv,1
관리회계BI_사업.csv,최초생성자ID,사업코드관리.csv,1
관리회계BI_사업.csv,최초생성자ID,원가인명정보.csv,1
관리회계BI_사업.csv,최초생성자ID,조직코드관리.csv,1
관리회계BI_조직.csv,최초생성자ID,관리회계_계정그룹.csv,1
관리회계BI_조직.csv,최초생성자ID,관리회계_계정그룹상세.csv,1
관리회계BI_조직.csv,최초생성자ID,관리회계_고객.csv,1
관리회계BI_조직.csv,최초생성자ID,관리회계_공통코드.csv,1
관리회계BI_조직.csv,최초생성자ID,관리회계_분류공통코드.csv,1
관리회계BI_조직.csv,최초생성자ID,관리회계_사업.csv,1
관리회계BI_조직.csv,최초생성자ID,관리회계_조직.csv,1
관리회계BI_조직.csv,최초생성자ID,관리회계_조직_test.csv,1
관리회계BI_조직.csv,최초생성자ID,관리회계_조직그룹.csv,1
관리회계BI_조직.csv,최초생성자ID,관리회계_조직그룹상세.csv,1
관리회계BI_조직.csv,최초생성자ID,관리회계계정.csv,1
관리회계BI_조직.csv,최초생성자ID,법인정보.csv,1
관리회계BI_조직.csv,최초생성자ID,사업코드관리.csv,1
관리회계BI_조직.csv,최초생성자ID,원가인명정보.csv,1
관리회계BI_조직.csv,최초생성자ID,조직코드관리.csv,1
관리회계_계정그룹.csv,최초생성자ID,관리회계_계정그룹상세.csv,1
관리회계_계정그룹.csv,최초생성자ID,관리회계_고객.csv,1
관리회계_계정그룹.csv,최초생성자ID,관리회계_공통코드.csv,1
관리회계_계정그룹.csv,최초생성자ID,관리회계_분류공통코드.csv,1
관리회계_계정그룹.csv,최초생성자ID,관리회계_사업.csv,1
관리회계_계정그룹.csv,최초생성자ID,관리회계_조직.csv,1
관리회계_계정그룹.csv,최초생성자ID,관리회계_조직_test.csv,1
관리회계_계정그룹.csv,최초생성자ID,관리회계_조직그룹.csv,1
관리회계_계정그룹.csv,최초생성자ID,관리회계_조직그룹상세.csv,1
관리회계_계정그룹.csv,최초생성자ID,관리회계계정.csv,1
관리회계_계정그룹.csv,최초생성자ID,법인정보.csv,1
관리회계_계정그룹.csv,최초생성자ID,사업코드관리.csv,1
관리회계_계정그룹.csv,최초생성자ID,원가인명정보.csv,1
관리회계_계정그룹.csv,최초생성자ID,조직코드관리.csv,1
관리회계_계정그룹상세.csv,최초생성자ID,관리회계_고객.csv,1
관리회계_계정그룹상세.csv,최초생성자ID,관리회계_공통코드.csv,1
관리회계_계정그룹상세.csv,최초생성자ID,관리회계_분류공통코드.csv,1
관리회계_계정그룹상세.csv,최초생성자ID,관리회계_사업.csv,1
관리회계_계정그룹상세.csv,최초생성자ID,관리회계_조직.csv,1
관리회계_계정그룹상세.csv,최초생성자ID,관리회계_조직_test.csv,1
관리회계_계정그룹상세.csv,최초생성자ID,관리회계_조직그룹.csv,1
관리회계_계정그룹상세.csv,최초생성자ID,관리회계_조직그룹상세.csv,1
관리회계_계정그룹상세.csv,최초생성자ID,관리회계계정.csv,1
관리회계_계정그룹상세.csv,최초생성자ID,법인정보.csv,1
관리회계_계정그룹상세.csv,최초생성자ID,사업코드관리.csv,1
관리회계_계정그룹상세.csv,최초생성자ID,원가인명정보.csv,1
관리회계_계정그룹상세.csv,최초생성자ID,조직코드관리.csv,1
관리회계_고객.csv,최초생성자ID,관리회계_공통코드.csv,1
관리회계_고객.csv,최초생성자ID,관리회계_분류공통코드.csv,1
관리회계_고객.csv,최초생성자ID,관리회계_사업.csv,1
관리회계_고객.csv,최초생성자ID,관리회계_조직.csv,1
관리회계_고객.csv,최초생성자ID,관리회계_조직_test.csv,1
관리회계_고객.csv,최초생성자ID,관리회계_조직그룹.csv,1
관리회계_고객.csv,최초생성자ID,관리회계_조직그룹상세.csv,1
관리회계_고객.csv,최초생성자ID,관리회계계정.csv,1
관리회계_고객.csv,최초생성자ID,법인정보.csv,1
관리회계_고객.csv,최초생성자ID,사업코드관리.csv,1
관리회계_고객.csv,최초생성자ID,원가인명정보.csv,1
관리회계_고객.csv,최초생성자ID,조직코드관리.csv,1
관리회계_공통코드.csv,최초생성자ID,관리회계_분류공통코드.csv,1
관리회계_공통코드.csv,최초생성자ID,관리회계_사업.csv,1
관리회계_공통코드.csv,최초생성자ID,관리회계_조직.csv,1
관리회계_공통코드.csv,최초생성자ID,관리회계_조직_test.csv,1
관리회계_공통코드.csv,최초생성자ID,관리회계_조직그룹.csv,1
관리회계_공통코드.csv,최초생성자ID,관리회계_조직그룹상세.csv,1
관리회계_공통코드.csv,최초생성자ID,관리회계계정.csv,1
관리회계_공통코드.csv,최초생성자ID,법인정보.csv,1
관리회계_공통코드.csv,최초생성자ID,사업코드관리.csv,1
관리회계_공통코드.csv,최초생성자ID,원가인명정보.csv,1
관리회계_공통코드.csv,최초생성자ID,조직코드관리.csv,1
관리회계_분류공통코드.csv,최초생성자ID,관리회계_사업.csv,1
관리회계_분류공통코드.csv,최초생성자ID,관리회계_조직.csv,1
관리회계_분류공통코드.csv,최초생성자ID,관리회계_조직_test.csv,1
관리회계_분류공통코드.csv,최초생성자ID,관리회계_조직그룹.csv,1
관리회계_분류공통코드.csv,최초생성자ID,관리회계_조직그룹상세.csv,1
관리회계_분류공통코드.csv,최초생성자ID,관리회계계정.csv,1
관리회계_분류공통코드.csv,최초생성자ID,법인정보.csv,1
관리회계_분류공통코드.csv,최초생성자ID,사업코드관리.csv,1
관리회계_분류공통코드.csv,최초생성자ID,원가인명정보.csv,1
관리회계_분류공통코드.csv,최초생성자ID,조직코드관리.csv,1
관리회계_사업.csv,최초생성자ID,관리회계_조직.csv,1
관리회계_사업.csv,최초생성자ID,관리회계_조직_test.csv,1
관리회계_사업.csv,최초생성자ID,관리회계_조직그룹.csv,1
관리회계_사업.csv,최초생성자ID,관리회계_조직그룹상세.csv,1
관리회계_사업.csv,최초생성자ID,관리회계계정.csv,1
관리회계_사업.csv,최초생성자ID,법인정보.csv,1
관리회계_사업.csv,최초생성자ID,사업코드관리.csv,1
관리회계_사업.csv,최초생성자ID,원가인명정보.csv,1
관리회계_사업.csv,최초생성자ID,조직코드관리.csv,1
관리회계_조직.csv,최초생성자ID,관리회계_조직_test.csv,1
관리회계_조직.csv,최초생성자ID,관리회계_조직그룹.csv,1
관리회계_조직.csv,최초생성자ID,관리회계_조직그룹상세.csv,1
관리회계_조직.csv,최초생성자ID,관리회계계정.csv,1
관리회계_조직.csv,최초생성자ID,법인정보.csv,1
관리회계_조직.csv,최초생성자ID,사업코드관리.csv,1
관리회계_조직.csv,최초생성자ID,원가인명정보.csv,1
관리회계_조직.csv,최초생성자ID,조직코드관리.csv,1
관리회계_조직_test.csv,최초생성자ID,관리회계_조직그룹.csv,1
관리회계_조직_test.csv,최초생성자ID,관리회계_조직그룹상세.csv,1
관리회계_조직_test.csv,최초생성자ID,관리회계계정.csv,1
관리회계_조직_test.csv,최초생성자ID,법인정보.csv,1
관리회계_조직_test.csv,최초생성자ID,사업코드관리.csv,1
관리회계_조직_test.csv,최초생성자ID,원가인명정보.csv,1
관리회계_조직_test.csv,최초생성자ID,조직코드관리.csv,1
관리회계_조직그룹.csv,최초생성자ID,관리회계_조직그룹상세.csv,1
관리회계_조직그룹.csv,최초생성자ID,관리회계계정.csv,1
관리회계_조직그룹.csv,최초생성자ID,법인정보.csv,1
관리회계_조직그룹.csv,최초생성자ID,사업코드관리.csv,1
관리회계_조직그룹.csv,최초생성자ID,원가인명정보.csv,1
관리회계_조직그룹.csv,최초생성자ID,조직코드관리.csv,1
관리회계_조직그룹상세.csv,최초생성자ID,관리회계계정.csv,1
관리회계_조직그룹상세.csv,최초생성자ID,법인정보.csv,1
관리회계_조직그룹상세.csv,최초생성자ID,사업코드관리.csv,1
관리회계_조직그룹상세.csv,최초생성자ID,원가인명정보.csv,1
관리회계_조직그룹상세.csv,최초생성자ID,조직코드관리.csv,1
관리회계계정.csv,최초생성자ID,법인정보.csv,1
관리회계계정.csv,최초생성자ID,사업코드관리.csv,1
관리회계계정.csv,최초생성자ID,원가인명정보.csv,1
관리회계계정.csv,최초생성자ID,조직코드관리.csv,1
법인정보.csv,최초생성자ID,사업코드관리.csv,1
법인정보.csv,최초생성자ID,원가인명정보.csv,1
법인정보.csv,최초생성자ID,조직코드관리.csv,1
사업코드관리.csv,최초생성자ID,원가인명정보.csv,1
사업코드관리.csv,최초생성자ID,조직코드관리.csv,1
원가인명정보.csv,최초생성자ID,조직코드관리.csv,1
계약마스터.csv,최초생성일시,계정과목코드.csv,1
계약마스터.csv,최초생성일시,계정코드관리.csv,1
계약마스터.csv,최초생성일시,관리회계BI_계정.csv,1
계약마스터.csv,최초생성일시,관리회계BI_사업.csv,1
계약마스터.csv,최초생성일시,관리회계BI_조직.csv,1
계약마스터.csv,최초생성일시,관리회계_계정그룹.csv,1
계약마스터.csv,최초생성일시,관리회계_계정그룹상세.csv,1
계약마스터.csv,최초생성일시,관리회계_고객.csv,1
계약마스터.csv,최초생성일시,관리회계_공통코드.csv,1
계약마스터.csv,최초생성일시,관리회계_분류공통코드.csv,1
계약마스터.csv,최초생성일시,관리회계_사업.csv,1
계약마스터.csv,최초생성일시,관리회계_조직.csv,1
계약마스터.csv,최초생성일시,관리회계_조직_test.csv,1
계약마스터.csv,최초생성일시,관리회계_조직그룹.csv,1
계약마스터.csv,최초생성일시,관리회계_조직그룹상세.csv,1
계약마스터.csv,최초생성일시,관리회계계정.csv,1
계약마스터.csv,최초생성일시,법인정보.csv,1
계약마스터.csv,최초생성일시,사업코드관리.csv,1
계약마스터.csv,최초생성일시,원가인명정보.csv,1
계약마스터.csv,최초생성일시,조직코드관리.csv,1
계정과목코드.csv,최초생성일시,계정코드관리.csv,1
계정과목코드.csv,최초생성일시,관리회계BI_계정.csv,1
계정과목코드.csv,최초생성일시,관리회계BI_사업.csv,1
계정과목코드.csv,최초생성일시,관리회계BI_조직.csv,1
계정과목코드.csv,최초생성일시,관리회계_계정그룹.csv,1
계정과목코드.csv,최초생성일시,관리회계_계정그룹상세.csv,1
계정과목코드.csv,최초생성일시,관리회계_고객.csv,1
계정과목코드.csv,최초생성일시,관리회계_공통코드.csv,1
계정과목코드.csv,최초생성일시,관리회계_분류공통코드.csv,1
계정과목코드.csv,최초생성일시,관리회계_사업.csv,1
계정과목코드.csv,최초생성일시,관리회계_조직.csv,1
계정과목코드.csv,최초생성일시,관리회계_조직_test.csv,1
계정과목코드.csv,최초생성일시,관리회계_조직그룹.csv,1
계정과목코드.csv,최초생성일시,관리회계_조직그룹상세.csv,1
계정과목코드.csv,최초생성일시,관리회계계정.csv,1
계정과목코드.csv,최초생성일시,법인정보.csv,1
계정과목코드.csv,최초생성일시,사업코드관리.csv,1
계정과목코드.csv,최초생성일시,원가인명정보.csv,1
계정과목코드.csv,최초생성일시,조직코드관리.csv,1
계정코드관리.csv,최초생성일시,관리회계BI_계정.csv,1
계정코드관리.csv,최초생성일시,관리회계BI_사업.csv,1
계정코드관리.csv,최초생성일시,관리회계BI_조직.csv,1
계정코드관리.csv,최초생성일시,관리회계_계정그룹.csv,1
계정코드관리.csv,최초생성일시,관리회계_계정그룹상세.csv,1
계정코드관리.csv,최초생성일시,관리회계_고객.csv,1
계정코드관리.csv,최초생성일시,관리회계_공통코드.csv,1
계정코드관리.csv,최초생성일시,관리회계_분류공통코드.csv,1
계정코드관리.csv,최초생성일시,관리회계_사업.csv,1
계정코드관리.csv,최초생성일시,관리회계_조직.csv,1
계정코드관리.csv,최초생성일시,관리회계_조직_test.csv,1
계정코드관리.csv,최초생성일시,관리회계_조직그룹.csv,1
계정코드관리.csv,최초생성일시,관리회계_조직그룹상세.csv,1
계정코드관리.csv,최초생성일시,관리회계계정.csv,1
계정코드관리.csv,최초생성일시,법인정보.csv,1
계정코드관리.csv,최초생성일시,사업코드관리.csv,1
계정코드관리.csv,최초생성일시,원가인명정보.csv,1
계정코드관리.csv,최초생성일시,조직코드관리.csv,1
관리회계BI_계정.csv,최초생성일시,관리회계BI_사업.csv,1
관리회계BI_계정.csv,최초생성일시,관리회계BI_조직.csv,1
관리회계BI_계정.csv,최초생성일시,관리회계_계정그룹.csv,1
관리회계BI_계정.csv,최초생성일시,관리회계_계정그룹상세.csv,1
관리회계BI_계정.csv,최초생성일시,관리회계_고객.csv,1
관리회계BI_계정.csv,최초생성일시,관리회계_공통코드.csv,1
관리회계BI_계정.csv,최초생성일시,관리회계_분류공통코드.csv,1
관리회계BI_계정.csv,최초생성일시,관리회계_사업.csv,1
관리회계BI_계정.csv,최초생성일시,관리회계_조직.csv,1
관리회계BI_계정.csv,최초생성일시,관리회계_조직_test.csv,1
관리회계BI_계정.csv,최초생성일시,관리회계_조직그룹.csv,1
관리회계BI_계정.csv,최초생성일시,관리회계_조직그룹상세.csv,1
관리회계BI_계정.csv,최초생성일시,관리회계계정.csv,1
관리회계BI_계정.csv,최초생성일시,법인정보.csv,1
관리회계BI_계정.csv,최초생성일시,사업코드관리.csv,1
관리회계BI_계정.csv,최초생성일시,원가인명정보.csv,1
관리회계BI_계정.csv,최초생성일시,조직코드관리.csv,1
관리회계BI_사업.csv,최초생성일시,관리회계BI_조직.csv,1
관리회계BI_사업.csv,최초생성일시,관리회계_계정그룹.csv,1
관리회계BI_사업.csv,최초생성일시,관리회계_계정그룹상세.csv,1
관리회계BI_사업.csv,최초생성일시,관리회계_고객.csv,1
관리회계BI_사업.csv,최초생성일시,관리회계_공통코드.csv,1
관리회계BI_사업.csv,최초생성일시,관리회계_분류공통코드.csv,1
관리회계BI_사업.csv,최초생성일시,관리회계_사업.csv,1
관리회계BI_사업.csv,최초생성일시,관리회계_조직.csv,1
관리회계BI_사업.csv,최초생성일시,관리회계_조직_test.csv,1
관리회계BI_사업.csv,최초생성일시,관리회계_조직그룹.csv,1
관리회계BI_사업.csv,최초생성일시,관리회계_조직그룹상세.csv,1
관리회계BI_사업.csv,최초생성일시,관리회계계정.csv,1
관리회계BI_사업.csv,최초생성일시,법인정보.csv,1
관리회계BI_사업.csv,최초생성일시,사업코드관리.csv,1
관리회계BI_사업.csv,최초생성일시,원가인명정보.csv,1
관리회계BI_사업.csv,최초생성일시,조직코드관리.csv,1
관리회계BI_조직.csv,최초생성일시,관리회계_계정그룹.csv,1
관리회계BI_조직.csv,최초생성일시,관리회계_계정그룹상세.csv,1
관리회계BI_조직.csv,최초생성일시,관리회계_고객.csv,1
관리회계BI_조직.csv,최초생성일시,관리회계_공통코드.csv,1
관리회계BI_조직.csv,최초생성일시,관리회계_분류공통코드.csv,1
관리회계BI_조직.csv,최초생성일시,관리회계_사업.csv,1
관리회계BI_조직.csv,최초생성일시,관리회계_조직.csv,1
관리회계BI_조직.csv,최초생성일시,관리회계_조직_test.csv,1
관리회계BI_조직.csv,최초생성일시,관리회계_조직그룹.csv,1
관리회계BI_조직.csv,최초생성일시,관리회계_조직그룹상세.csv,1
관리회계BI_조직.csv,최초생성일시,관리회계계정.csv,1
관리회계BI_조직.csv,최초생성일시,법인정보.csv,1
관리회계BI_조직.csv,최초생성일시,사업코드관리.csv,1
관리회계BI_조직.csv,최초생성일시,원가인명정보.csv,1
관리회계BI_조직.csv,최초생성일시,조직코드관리.csv,1
관리회계_계정그룹.csv,최초생성일시,관리회계_계정그룹상세.csv,1
관리회계_계정그룹.csv,최초생성일시,관리회계_고객.csv,1
관리회계_계정그룹.csv,최초생성일시,관리회계_공통코드.csv,1
관리회계_계정그룹.csv,최초생성일시,관리회계_분류공통코드.csv,1
관리회계_계정그룹.csv,최초생성일시,관리회계_사업.csv,1
관리회계_계정그룹.csv,최초생성일시,관리회계_조직.csv,1
관리회계_계정그룹.csv,최초생성일시,관리회계_조직_test.csv,1
관리회계_계정그룹.csv,최초생성일시,관리회계_조직그룹.csv,1
관리회계_계정그룹.csv,최초생성일시,관리회계_조직그룹상세.csv,1
관리회계_계정그룹.csv,최초생성일시,관리회계계정.csv,1
관리회계_계정그룹.csv,최초생성일시,법인정보.csv,1
관리회계_계정그룹.csv,최초생성일시,사업코드관리.csv,1
관리회계_계정그룹.csv,최초생성일시,원가인명정보.csv,1
관리회계_계정그룹.csv,최초생성일시,조직코드관리.csv,1
관리회계_계정그룹상세.csv,최초생성일시,관리회계_고객.csv,1
관리회계_계정그룹상세.csv,최초생성일시,관리회계_공통코드.csv,1
관리회계_계정그룹상세.csv,최초생성일시,관리회계_분류공통코드.csv,1
관리회계_계정그룹상세.csv,최초생성일시,관리회계_사업.csv,1
관리회계_계정그룹상세.csv,최초생성일시,관리회계_조직.csv,1
관리회계_계정그룹상세.csv,최초생성일시,관리회계_조직_test.csv,1
관리회계_계정그룹상세.csv,최초생성일시,관리회계_조직그룹.csv,1
관리회계_계정그룹상세.csv,최초생성일시,관리회계_조직그룹상세.csv,1
관리회계_계정그룹상세.csv,최초생성일시,관리회계계정.csv,1
관리회계_계정그룹상세.csv,최초생성일시,법인정보.csv,1
관리회계_계정그룹상세.csv,최초생성일시,사업코드관리.csv,1
관리회계_계정그룹상세.csv,최초생성일시,원가인명정보.csv,1
관리회계_계정그룹상세.csv,최초생성일시,조직코드관리.csv,1
관리회계_고객.csv,최초생성일시,관리회계_공통코드.csv,1
관리회계_고객.csv,최초생성일시,관리회계_분류공통코드.csv,1
관리회계_고객.csv,최초생성일시,관리회계_사업.csv,1
관리회계_고객.csv,최초생성일시,관리회계_조직.csv,1
관리회계_고객.csv,최초생성일시,관리회계_조직_test.csv,1
관리회계_고객.csv,최초생성일시,관리회계_조직그룹.csv,1
관리회계_고객.csv,최초생성일시,관리회계_조직그룹상세.csv,1
관리회계_고객.csv,최초생성일시,관리회계계정.csv,1
관리회계_고객.csv,최초생성일시,법인정보.csv,1
관리회계_고객.csv,최초생성일시,사업코드관리.csv,1
관리회계_고객.csv,최초생성일시,원가인명정보.csv,1
관리회계_고객.csv,최초생성일시,조직코드관리.csv,1
관리회계_공통코드.csv,최초생성일시,관리회계_분류공통코드.csv,1
관리회계_공통코드.csv,최초생성일시,관리회계_사업.csv,1
관리회계_공통코드.csv,최초생성일시,관리회계_조직.csv,1
관리회계_공통코드.csv,최초생성일시,관리회계_조직_test.csv,1
관리회계_공통코드.csv,최초생성일시,관리회계_조직그룹.csv,1
관리회계_공통코드.csv,최초생성일시,관리회계_조직그룹상세.csv,1
관리회계_공통코드.csv,최초생성일시,관리회계계정.csv,1
관리회계_공통코드.csv,최초생성일시,법인정보.csv,1
관리회계_공통코드.csv,최초생성일시,사업코드관리.csv,1
관리회계_공통코드.csv,최초생성일시,원가인명정보.csv,1
관리회계_공통코드.csv,최초생성일시,조직코드관리.csv,1
관리회계_분류공통코드.csv,최초생성일시,관리회계_사업.csv,1
관리회계_분류공통코드.csv,최초생성일시,관리회계_조직.csv,1
관리회계_분류공통코드.csv,최초생성일시,관리회계_조직_test.csv,1
관리회계_분류공통코드.csv,최초생성일시,관리회계_조직그룹.csv,1
관리회계_분류공통코드.csv,최초생성일시,관리회계_조직그룹상세.csv,1
관리회계_분류공통코드.csv,최초생성일시,관리회계계정.csv,1
관리회계_분류공통코드.csv,최초생성일시,법인정보.csv,1
관리회계_분류공통코드.csv,최초생성일시,사업코드관리.csv,1
관리회계_분류공통코드.csv,최초생성일시,원가인명정보.csv,1
관리회계_분류공통코드.csv,최초생성일시,조직코드관리.csv,1
관리회계_사업.csv,최초생성일시,관리회계_조직.csv,1
관리회계_사업.csv,최초생성일시,관리회계_조직_test.csv,1
관리회계_사업.csv,최초생성일시,관리회계_조직그룹.csv,1
관리회계_사업.csv,최초생성일시,관리회계_조직그룹상세.csv,1
관리회계_사업.csv,최초생성일시,관리회계계정.csv,1
관리회계_사업.csv,최초생성일시,법인정보.csv,1
관리회계_사업.csv,최초생성일시,사업코드관리.csv,1
관리회계_사업.csv,최초생성일시,원가인명정보.csv,1
관리회계_사업.csv,최초생성일시,조직코드관리.csv,1
관리회계_조직.csv,최초생성일시,관리회계_조직_test.csv,1
관리회계_조직.csv,최초생성일시,관리회계_조직그룹.csv,1
관리회계_조직.csv,최초생성일시,관리회계_조직그룹상세.csv,1
관리회계_조직.csv,최초생성일시,관리회계계정.csv,1
관리회계_조직.csv,최초생성일시,법인정보.csv,1
관리회계_조직.csv,최초생성일시,사업코드관리.csv,1
관리회계_조직.csv,최초생성일시,원가인명정보.csv,1
관리회계_조직.csv,최초생성일시,조직코드관리.csv,1
관리회계_조직_test.csv,최초생성일시,관리회계_조직그룹.csv,1
관리회계_조직_test.csv,최초생성일시,관리회계_조직그룹상세.csv,1
관리회계_조직_test.csv,최초생성일시,관리회계계정.csv,1
관리회계_조직_test.csv,최초생성일시,법인정보.csv,1
관리회계_조직_test.csv,최초생성일시,사업코드관리.csv,1
관리회계_조직_test.csv,최초생성일시,원가인명정보.csv,1
관리회계_조직_test.csv,최초생성일시,조직코드관리.csv,1
관리회계_조직그룹.csv,최초생성일시,관리회계_조직그룹상세.csv,1
관리회계_조직그룹.csv,최초생성일시,관리회계계정.csv,1
관리회계_조직그룹.csv,최초생성일시,법인정보.csv,1
관리회계_조직그룹.csv,최초생성일시,사업코드관리.csv,1
관리회계_조직그룹.csv,최초생성일시,원가인명정보.csv,1
관리회계_조직그룹.csv,최초생성일시,조직코드관리.csv,1
관리회계_조직그룹상세.csv,최초생성일시,관리회계계정.csv,1
관리회계_조직그룹상세.csv,최초생성일시,법인정보.csv,1
관리회계_조직그룹상세.csv,최초생성일시,사업코드관리.csv,1
관리회계_조직그룹상세.csv,최초생성일시,원가인명정보.csv,1
관리회계_조직그룹상세.csv,최초생성일시,조직코드관리.csv,1
관리회계계정.csv,최초생성일시,법인정보.csv,1
관리회계계정.csv,최초생성일시,사업코드관리.csv,1
관리회계계정.csv,최초생성일시,원가인명정보.csv,1
관리회계계정.csv,최초생성일시,조직코드관리.csv,1
법인정보.csv,최초생성일시,사업코드관리.csv,1
법인정보.csv,최초생성일시,원가인명정보.csv,1
법인정보.csv,최초생성일시,조직코드관리.csv,1
사업코드관리.csv,최초생성일시,원가인명정보.csv,1
사업코드관리.csv,최초생성일시,조직코드관리.csv,1
원가인명정보.csv,최초생성일시,조직코드관리.csv,1
계정과목코드.csv,계정과목코드,계정코드관리.csv,1
계정과목코드.csv,계정과목코드,관리회계BI_계정.csv,1
계정코드관리.csv,계정과목코드,관리회계BI_계정.csv,1
계정과목코드.csv,계정과목명,계정코드관리.csv,1
계정과목코드.csv,계정과목명,관리회계BI_계정.csv,1
계정코드관리.csv,계정과목명,관리회계BI_계정.csv,1
계정과목코드.csv,상위계정과목코드,계정코드관리.csv,1
계정과목코드.csv,상위계정과목코드,관리회계BI_계정.csv,1
계정코드관리.csv,상위계정과목코드,관리회계BI_계정.csv,1
계정과목코드.csv,최종갱신자ID,관리회계BI_계정.csv,1
계정과목코드.csv,최종갱신자ID,관리회계BI_사업.csv,1
계정과목코드.csv,최종갱신자ID,관리회계BI_조직.csv,1
계정과목코드.csv,최종갱신자ID,관리회계_계정그룹.csv,1
계정과목코드.csv,최종갱신자ID,관리회계_계정그룹상세.csv,1
계정과목코드.csv,최종갱신자ID,관리회계_고객.csv,1
계정과목코드.csv,최종갱신자ID,관리회계_공통코드.csv,1
계정과목코드.csv,최종갱신자ID,관리회계_분류공통코드.csv,1
계정과목코드.csv,최종갱신자ID,관리회계_사업.csv,1
계정과목코드.csv,최종갱신자ID,관리회계_조직.csv,1
계정과목코드.csv,최종갱신자ID,관리회계_조직_test.csv,1
계정과목코드.csv,최종갱신자ID,관리회계_조직그룹.csv,1
계정과목코드.csv,최종갱신자ID,관리회계_조직그룹상세.csv,1
계정과목코드.csv,최종갱신자ID,관리회계계정.csv,1
계정과목코드.csv,최종갱신자ID,법인정보.csv,1
계정과목코드.csv,최종갱신자ID,원가인명정보.csv,1
관리회계BI_계정.csv,최종갱신자ID,관리회계BI_사업.csv,1
관리회계BI_계정.csv,최종갱신자ID,관리회계BI_조직.csv,1
관리회계BI_계정.csv,최종갱신자ID,관리회계_계정그룹.csv,1
관리회계BI_계정.csv,최종갱신자ID,관리회계_계정그룹상세.csv,1
관리회계BI_계정.csv,최종갱신자ID,관리회계_고객.csv,1
관리회계BI_계정.csv,최종갱신자ID,관리회계_공통코드.csv,1
관리회계BI_계정.csv,최종갱신자ID,관리회계_분류공통코드.csv,1
관리회계BI_계정.csv,최종갱신자ID,관리회계_사업.csv,1
관리회계BI_계정.csv,최종갱신자ID,관리회계_조직.csv,1
관리회계BI_계정.csv,최종갱신자ID,관리회계_조직_test.csv,1
관리회계BI_계정.csv,최종갱신자ID,관리회계_조직그룹.csv,1
관리회계BI_계정.csv,최종갱신자ID,관리회계_조직그룹상세.csv,1
관리회계BI_계정.csv,최종갱신자ID,관리회계계정.csv,1
관리회계BI_계정.csv,최종갱신자ID,법인정보.csv,1
관리회계BI_계정.csv,최종갱신자ID,원가인명정보.csv,1
관리회계BI_사업.csv,최종갱신자ID,관리회계BI_조직.csv,1
관리회계BI_사업.csv,최종갱신자ID,관리회계_계정그룹.csv,1
관리회계BI_사업.csv,최종갱신자ID,관리회계_계정그룹상세.csv,1
관리회계BI_사업.csv,최종갱신자ID,관리회계_고객.csv,1
관리회계BI_사업.csv,최종갱신자ID,관리회계_공통코드.csv,1
관리회계BI_사업.csv,최종갱신자ID,관리회계_분류공통코드.csv,1
관리회계BI_사업.csv,최종갱신자ID,관리회계_사업.csv,1
관리회계BI_사업.csv,최종갱신자ID,관리회계_조직.csv,1
관리회계BI_사업.csv,최종갱신자ID,관리회계_조직_test.csv,1
관리회계BI_사업.csv,최종갱신자ID,관리회계_조직그룹.csv,1
관리회계BI_사업.csv,최종갱신자ID,관리회계_조직그룹상세.csv,1
관리회계BI_사업.csv,최종갱신자ID,관리회계계정.csv,1
관리회계BI_사업.csv,최종갱신자ID,법인정보.csv,1
관리회계BI_사업.csv,최종갱신자ID,원가인명정보.csv,1
관리회계BI_조직.csv,최종갱신자ID,관리회계_계정그룹.csv,1
관리회계BI_조직.csv,최종갱신자ID,관리회계_계정그룹상세.csv,1
관리회계BI_조직.csv,최종갱신자ID,관리회계_고객.csv,1
관리회계BI_조직.csv,최종갱신자ID,관리회계_공통코드.csv,1
관리회계BI_조직.csv,최종갱신자ID,관리회계_분류공통코드.csv,1
관리회계BI_조직.csv,최종갱신자ID,관리회계_사업.csv,1
관리회계BI_조직.csv,최종갱신자ID,관리회계_조직.csv,1
관리회계BI_조직.csv,최종갱신자ID,관리회계_조직_test.csv,1
관리회계BI_조직.csv,최종갱신자ID,관리회계_조직그룹.csv,1
관리회계BI_조직.csv,최종갱신자ID,관리회계_조직그룹상세.csv,1
관리회계BI_조직.csv,최종갱신자ID,관리회계계정.csv,1
관리회계BI_조직.csv,최종갱신자ID,법인정보.csv,1
관리회계BI_조직.csv,최종갱신자ID,원가인명정보.csv,1
관리회계_계정그룹.csv,최종갱신자ID,관리회계_계정그룹상세.csv,1
관리회계_계정그룹.csv,최종갱신자ID,관리회계_고객.csv,1
관리회계_계정그룹.csv,최종갱신자ID,관리회계_공통코드.csv,1
관리회계_계정그룹.csv,최종갱신자ID,관리회계_분류공통코드.csv,1
관리회계_계정그룹.csv,최종갱신자ID,관리회계_사업.csv,1
관리회계_계정그룹.csv,최종갱신자ID,관리회계_조직.csv,1
관리회계_계정그룹.csv,최종갱신자ID,관리회계_조직_test.csv,1
관리회계_계정그룹.csv,최종갱신자ID,관리회계_조직그룹.csv,1
관리회계_계정그룹.csv,최종갱신자ID,관리회계_조직그룹상세.csv,1
관리회계_계정그룹.csv,최종갱신자ID,관리회계계정.csv,1
관리회계_계정그룹.csv,최종갱신자ID,법인정보.csv,1
관리회계_계정그룹.csv,최종갱신자ID,원가인명정보.csv,1
관리회계_계정그룹상세.csv,최종갱신자ID,관리회계_고객.csv,1
관리회계_계정그룹상세.csv,최종갱신자ID,관리회계_공통코드.csv,1
관리회계_계정그룹상세.csv,최종갱신자ID,관리회계_분류공통코드.csv,1
관리회계_계정그룹상세.csv,최종갱신자ID,관리회계_사업.csv,1
관리회계_계정그룹상세.csv,최종갱신자ID,관리회계_조직.csv,1
관리회계_계정그룹상세.csv,최종갱신자ID,관리회계_조직_test.csv,1
관리회계_계정그룹상세.csv,최종갱신자ID,관리회계_조직그룹.csv,1
관리회계_계정그룹상세.csv,최종갱신자ID,관리회계_조직그룹상세.csv,1
관리회계_계정그룹상세.csv,최종갱신자ID,관리회계계정.csv,1
관리회계_계정그룹상세.csv,최종갱신자ID,법인정보.csv,1
관리회계_계정그룹상세.csv,최종갱신자ID,원가인명정보.csv,1
관리회계_고객.csv,최종갱신자ID,관리회계_공통코드.csv,1
관리회계_고객.csv,최종갱신자ID,관리회계_분류공통코드.csv,1
관리회계_고객.csv,최종갱신자ID,관리회계_사업.csv,1
관리회계_고객.csv,최종갱신자ID,관리회계_조직.csv,1
관리회계_고객.csv,최종갱신자ID,관리회계_조직_test.csv,1
관리회계_고객.csv,최종갱신자ID,관리회계_조직그룹.csv,1
관리회계_고객.csv,최종갱신자ID,관리회계_조직그룹상세.csv,1
관리회계_고객.csv,최종갱신자ID,관리회계계정.csv,1
관리회계_고객.csv,최종갱신자ID,법인정보.csv,1
관리회계_고객.csv,최종갱신자ID,원가인명정보.csv,1
관리회계_공통코드.csv,최종갱신자ID,관리회계_분류공통코드.csv,1
관리회계_공통코드.csv,최종갱신자ID,관리회계_사업.csv,1
관리회계_공통코드.csv,최종갱신자ID,관리회계_조직.csv,1
관리회계_공통코드.csv,최종갱신자ID,관리회계_조직_test.csv,1
관리회계_공통코드.csv,최종갱신자ID,관리회계_조직그룹.csv,1
관리회계_공통코드.csv,최종갱신자ID,관리회계_조직그룹상세.csv,1
관리회계_공통코드.csv,최종갱신자ID,관리회계계정.csv,1
관리회계_공통코드.csv,최종갱신자ID,법인정보.csv,1
관리회계_공통코드.csv,최종갱신자ID,원가인명정보.csv,1
관리회계_분류공통코드.csv,최종갱신자ID,관리회계_사업.csv,1
관리회계_분류공통코드.csv,최종갱신자ID,관리회계_조직.csv,1
관리회계_분류공통코드.csv,최종갱신자ID,관리회계_조직_test.csv,1
관리회계_분류공통코드.csv,최종갱신자ID,관리회계_조직그룹.csv,1
관리회계_분류공통코드.csv,최종갱신자ID,관리회계_조직그룹상세.csv,1
관리회계_분류공통코드.csv,최종갱신자ID,관리회계계정.csv,1
관리회계_분류공통코드.csv,최종갱신자ID,법인정보.csv,1
관리회계_분류공통코드.csv,최종갱신자ID,원가인명정보.csv,1
관리회계_사업.csv,최종갱신자ID,관리회계_조직.csv,1
관리회계_사업.csv,최종갱신자ID,관리회계_조직_test.csv,1
관리회계_사업.csv,최종갱신자ID,관리회계_조직그룹.csv,1
관리회계_사업.csv,최종갱신자ID,관리회계_조직그룹상세.csv,1
관리회계_사업.csv,최종갱신자ID,관리회계계정.csv,1
관리회계_사업.csv,최종갱신자ID,법인정보.csv,1
관리회계_사업.csv,최종갱신자ID,원가인명정보.csv,1
관리회계_조직.csv,최종갱신자ID,관리회계_조직_test.csv,1
관리회계_조직.csv,최종갱신자ID,관리회계_조직그룹.csv,1
관리회계_조직.csv,최종갱신자ID,관리회계_조직그룹상세.csv,1
관리회계_조직.csv,최종갱신자ID,관리회계계정.csv,1
관리회계_조직.csv,최종갱신자ID,법인정보.csv,1
관리회계_조직.csv,최종갱신자ID,원가인명정보.csv,1
관리회계_조직_test.csv,최종갱신자ID,관리회계_조직그룹.csv,1
관리회계_조직_test.csv,최종갱신자ID,관리회계_조직그룹상세.csv,1
관리회계_조직_test.csv,최종갱신자ID,관리회계계정.csv,1
관리회계_조직_test.csv,최종갱신자ID,법인정보.csv,1
관리회계_조직_test.csv,최종갱신자ID,원가인명정보.csv,1
관리회계_조직그룹.csv,최종갱신자ID,관리회계_조직그룹상세.csv,1
관리회계_조직그룹.csv,최종갱신자ID,관리회계계정.csv,1
관리회계_조직그룹.csv,최종갱신자ID,법인정보.csv,1
관리회계_조직그룹.csv,최종갱신자ID,원가인명정보.csv,1
관리회계_조직그룹상세.csv,최종갱신자ID,관리회계계정.csv,1
관리회계_조직그룹상세.csv,최종갱신자ID,법인정보.csv,1
관리회계_조직그룹상세.csv,최종갱신자ID,원가인명정보.csv,1
관리회계계정.csv,최종갱신자ID,법인정보.csv,1
관리회계계정.csv,최종갱신자ID,원가인명정보.csv,1
법인정보.csv,최종갱신자ID,원가인명정보.csv,1
계정코드관리.csv,수익비용구분코드,관리회계BI_계정.csv,1
계정코드관리.csv,수익비용구분명,관리회계BI_계정.csv,1
계정코드관리.csv,상위계정과목명,관리회계BI_계정.csv,1
계정코드관리.csv,하위계정과목코드,관리회계BI_계정.csv,1
계정코드관리.csv,하위계정과목명,관리회계BI_계정.csv,1
계정코드관리.csv,정렬순서,관리회계_계정그룹.csv,1
계정코드관리.csv,정렬순서,관리회계_계정그룹상세.csv,1
계정코드관리.csv,정렬순서,관리회계_공통코드.csv,1
계정코드관리.csv,정렬순서,관리회계_사업.csv,1
계정코드관리.csv,정렬순서,관리회계_조직.csv,1
계정코드관리.csv,정렬순서,관리회계_조직_test.csv,1
계정코드관리.csv,정렬순서,관리회계_조직그룹.csv,1
계정코드관리.csv,정렬순서,관리회계_조직그룹상세.csv,1
계정코드관리.csv,정렬순서,관리회계계정.csv,1
계정코드관리.csv,정렬순서,사업코드관리.csv,1
계정코드관리.csv,정렬순서,조직코드관리.csv,1
계정코드관리.csv,정렬순서,택배_조직도.csv,1
관리회계_계정그룹.csv,정렬순서,관리회계_계정그룹상세.csv,1
관리회계_계정그룹.csv,정렬순서,관리회계_공통코드.csv,1
관리회계_계정그룹.csv,정렬순서,관리회계_사업.csv,1
관리회계_계정그룹.csv,정렬순서,관리회계_조직.csv,1
관리회계_계정그룹.csv,정렬순서,관리회계_조직_test.csv,1
관리회계_계정그룹.csv,정렬순서,관리회계_조직그룹.csv,1
관리회계_계정그룹.csv,정렬순서,관리회계_조직그룹상세.csv,1
관리회계_계정그룹.csv,정렬순서,관리회계계정.csv,1
관리회계_계정그룹.csv,정렬순서,사업코드관리.csv,1
관리회계_계정그룹.csv,정렬순서,조직코드관리.csv,1
관리회계_계정그룹.csv,정렬순서,택배_조직도.csv,1
관리회계_계정그룹상세.csv,정렬순서,관리회계_공통코드.csv,1
관리회계_계정그룹상세.csv,정렬순서,관리회계_사업.csv,1
관리회계_계정그룹상세.csv,정렬순서,관리회계_조직.csv,1
관리회계_계정그룹상세.csv,정렬순서,관리회계_조직_test.csv,1
관리회계_계정그룹상세.csv,정렬순서,관리회계_조직그룹.csv,1
관리회계_계정그룹상세.csv,정렬순서,관리회계_조직그룹상세.csv,1
관리회계_계정그룹상세.csv,정렬순서,관리회계계정.csv,1
관리회계_계정그룹상세.csv,정렬순서,사업코드관리.csv,1
관리회계_계정그룹상세.csv,정렬순서,조직코드관리.csv,1
관리회계_계정그룹상세.csv,정렬순서,택배_조직도.csv,1
관리회계_공통코드.csv,정렬순서,관리회계_사업.csv,1
관리회계_공통코드.csv,정렬순서,관리회계_조직.csv,1
관리회계_공통코드.csv,정렬순서,관리회계_조직_test.csv,1
관리회계_공통코드.csv,정렬순서,관리회계_조직그룹.csv,1
관리회계_공통코드.csv,정렬순서,관리회계_조직그룹상세.csv,1
관리회계_공통코드.csv,정렬순서,관리회계계정.csv,1
관리회계_공통코드.csv,정렬순서,사업코드관리.csv,1
관리회계_공통코드.csv,정렬순서,조직코드관리.csv,1
관리회계_공통코드.csv,정렬순서,택배_조직도.csv,1
관리회계_사업.csv,정렬순서,관리회계_조직.csv,1
관리회계_사업.csv,정렬순서,관리회계_조직_test.csv,1
관리회계_사업.csv,정렬순서,관리회계_조직그룹.csv,1
관리회계_사업.csv,정렬순서,관리회계_조직그룹상세.csv,1
관리회계_사업.csv,정렬순서,관리회계계정.csv,1
관리회계_사업.csv,정렬순서,사업코드관리.csv,1
관리회계_사업.csv,정렬순서,조직코드관리.csv,1
관리회계_사업.csv,정렬순서,택배_조직도.csv,1
관리회계_조직.csv,정렬순서,관리회계_조직_test.csv,1
관리회계_조직.csv,정렬순서,관리회계_조직그룹.csv,1
관리회계_조직.csv,정렬순서,관리회계_조직그룹상세.csv,1
관리회계_조직.csv,정렬순서,관리회계계정.csv,1
관리회계_조직.csv,정렬순서,사업코드관리.csv,1
관리회계_조직.csv,정렬순서,조직코드관리.csv,1
관리회계_조직.csv,정렬순서,택배_조직도.csv,1
관리회계_조직_test.csv,정렬순서,관리회계_조직그룹.csv,1
관리회계_조직_test.csv,정렬순서,관리회계_조직그룹상세.csv,1
관리회계_조직_test.csv,정렬순서,관리회계계정.csv,1
관리회계_조직_test.csv,정렬순서,사업코드관리.csv,1
관리회계_조직_test.csv,정렬순서,조직코드관리.csv,1
관리회계_조직_test.csv,정렬순서,택배_조직도.csv,1
관리회계_조직그룹.csv,정렬순서,관리회계_조직그룹상세.csv,1
관리회계_조직그룹.csv,정렬순서,관리회계계정.csv,1
관리회계_조직그룹.csv,정렬순서,사업코드관리.csv,1
관리회계_조직그룹.csv,정렬순서,조직코드관리.csv,1
관리회계_조직그룹.csv,정렬순서,택배_조직도.csv,1
관리회계_조직그룹상세.csv,정렬순서,관리회계계정.csv,1
관리회계_조직그룹상세.csv,정렬순서,사업코드관리.csv,1
관리회계_조직그룹상세.csv,정렬순서,조직코드관리.csv,1
관리회계_조직그룹상세.csv,정렬순서,택배_조직도.csv,1
관리회계계정.csv,정렬순서,사업코드관리.csv,1
관리회계계정.csv,정렬순서,조직코드관리.csv,1
관리회계계정.csv,정렬순서,택배_조직도.csv,1
사업코드관리.csv,정렬순서,조직코드관리.csv,1
사업코드관리.csv,정렬순서,택배_조직도.csv,1
조직코드관리.csv,정렬순서,택배_조직도.csv,1
고객마스터.csv,등록일시,고객유형.csv,1
고객마스터.csv,등록일시,조직터미널마스터.csv,1
고객마스터.csv,등록일시,택배_조직도.csv,1
고객유형.csv,등록일시,조직터미널마스터.csv,1
고객유형.csv,등록일시,택배_조직도.csv,1
조직터미널마스터.csv,등록일시,택배_조직도.csv,1
고객마스터.csv,최종사원업데이트일시,조직터미널마스터.csv,1
고객유형.csv,사용여부,관리회계_계정그룹.csv,1
고객유형.csv,사용여부,관리회계_계정그룹상세.csv,1
고객유형.csv,사용여부,관리회계_공통코드.csv,1
고객유형.csv,사용여부,관리회계_분류공통코드.csv,1
고객유형.csv,사용여부,관리회계_조직그룹.csv,1
고객유형.csv,사용여부,관리회계_조직그룹상세.csv,1
고객유형.csv,사용여부,선박.csv,1
고객유형.csv,사용여부,선석.csv,1
고객유형.csv,사용여부,택배_조직도.csv,1
관리회계_계정그룹.csv,사용여부,관리회계_계정그룹상세.csv,1
관리회계_계정그룹.csv,사용여부,관리회계_공통코드.csv,1
관리회계_계정그룹.csv,사용여부,관리회계_분류공통코드.csv,1
관리회계_계정그룹.csv,사용여부,관리회계_조직그룹.csv,1
관리회계_계정그룹.csv,사용여부,관리회계_조직그룹상세.csv,1
관리회계_계정그룹.csv,사용여부,선박.csv,1
관리회계_계정그룹.csv,사용여부,선석.csv,1
관리회계_계정그룹.csv,사용여부,택배_조직도.csv,1
관리회계_계정그룹상세.csv,사용여부,관리회계_공통코드.csv,1
관리회계_계정그룹상세.csv,사용여부,관리회계_분류공통코드.csv,1
관리회계_계정그룹상세.csv,사용여부,관리회계_조직그룹.csv,1
관리회계_계정그룹상세.csv,사용여부,관리회계_조직그룹상세.csv,1
관리회계_계정그룹상세.csv,사용여부,선박.csv,1
관리회계_계정그룹상세.csv,사용여부,선석.csv,1
관리회계_계정그룹상세.csv,사용여부,택배_조직도.csv,1
관리회계_공통코드.csv,사용여부,관리회계_분류공통코드.csv,1
관리회계_공통코드.csv,사용여부,관리회계_조직그룹.csv,1
관리회계_공통코드.csv,사용여부,관리회계_조직그룹상세.csv,1
관리회계_공통코드.csv,사용여부,선박.csv,1
관리회계_공통코드.csv,사용여부,선석.csv,1
관리회계_공통코드.csv,사용여부,택배_조직도.csv,1
관리회계_분류공통코드.csv,사용여부,관리회계_조직그룹.csv,1
관리회계_분류공통코드.csv,사용여부,관리회계_조직그룹상세.csv,1
관리회계_분류공통코드.csv,사용여부,선박.csv,1
관리회계_분류공통코드.csv,사용여부,선석.csv,1
관리회계_분류공통코드.csv,사용여부,택배_조직도.csv,1
관리회계_조직그룹.csv,사용여부,관리회계_조직그룹상세.csv,1
관리회계_조직그룹.csv,사용여부,선박.csv,1
관리회계_조직그룹.csv,사용여부,선석.csv,1
관리회계_조직그룹.csv,사용여부,택배_조직도.csv,1
관리회계_조직그룹상세.csv,사용여부,선박.csv,1
관리회계_조직그룹상세.csv,사용여부,선석.csv,1
관리회계_조직그룹상세.csv,사용여부,택배_조직도.csv,1
선박.csv,사용여부,선석.csv,1
선박.csv,사용여부,택배_조직도.csv,1
선석.csv,사용여부,택배_조직도.csv,1
고객유형.csv,등록사용자ID,택배_조직도.csv,1
관리회계BI_사업.csv,사업유형코드,관리회계_사업.csv,1
관리회계BI_사업.csv,사업유형코드,사업코드관리.csv,1
관리회계_사업.csv,사업유형코드,사업코드관리.csv,1
관리회계BI_사업.csv,전사업코드,사업코드관리.csv,1
관리회계BI_사업.csv,전사업명,사업코드관리.csv,1
관리회계BI_사업.csv,대사업코드,사업코드관리.csv,1
관리회계BI_사업.csv,대사업명,사업코드관리.csv,1
관리회계BI_사업.csv,중사업코드,사업코드관리.csv,1
관리회계BI_사업.csv,중사업명,사업코드관리.csv,1
관리회계BI_사업.csv,사업코드,관리회계_사업.csv,1
관리회계BI_사업.csv,사업코드,사업코드관리.csv,1
관리회계_사업.csv,사업코드,사업코드관리.csv,1
관리회계BI_사업.csv,사업명,관리회계_사업.csv,1
관리회계BI_사업.csv,사업명,사업코드관리.csv,1
관리회계_사업.csv,사업명,사업코드관리.csv,1
관리회계BI_조직.csv,회사코드,조직코드관리.csv,1
관리회계BI_조직.csv,회사명,조직코드관리.csv,1
관리회계BI_조직.csv,본부코드,관리회계QLIK_조직.csv,1
관리회계BI_조직.csv,본부코드,조직코드관리.csv,1
관리회계QLIK_조직.csv,본부코드,조직코드관리.csv,1
관리회계BI_조직.csv,본부명,관리회계QLIK_조직.csv,1
관리회계BI_조직.csv,본부명,조직코드관리.csv,1
관리회계QLIK_조직.csv,본부명,조직코드관리.csv,1
관리회계BI_조직.csv,지부코드,관리회계QLIK_조직.csv,1
관리회계BI_조직.csv,지부코드,조직코드관리.csv,1
관리회계BI_조직.csv,지부코드,택배BI_조직.csv,1
관리회계QLIK_조직.csv,지부코드,조직코드관리.csv,1
관리회계QLIK_조직.csv,지부코드,택배BI_조직.csv,1
조직코드관리.csv,지부코드,택배BI_조직.csv,1
관리회계BI_조직.csv,지부명,관리회계QLIK_조직.csv,1
관리회계BI_조직.csv,지부명,조직코드관리.csv,1
관리회계BI_조직.csv,지부명,택배BI_조직.csv,1
관리회계QLIK_조직.csv,지부명,조직코드관리.csv,1
관리회계QLIK_조직.csv,지부명,택배BI_조직.csv,1
조직코드관리.csv,지부명,택배BI_조직.csv,1
관리회계BI_조직.csv,지점코드,관리회계QLIK_조직.csv,1
관리회계BI_조직.csv,지점코드,조직코드관리.csv,1
관리회계BI_조직.csv,지점코드,택배BI_조직.csv,1
관리회계QLIK_조직.csv,지점코드,조직코드관리.csv,1
관리회계QLIK_조직.csv,지점코드,택배BI_조직.csv,1
조직코드관리.csv,지점코드,택배BI_조직.csv,1
관리회계BI_조직.csv,지점명,관리회계QLIK_조직.csv,1
관리회계BI_조직.csv,지점명,조직코드관리.csv,1
관리회계BI_조직.csv,지점명,택배BI_조직.csv,1
관리회계QLIK_조직.csv,지점명,조직코드관리.csv,1
관리회계QLIK_조직.csv,지점명,택배BI_조직.csv,1
조직코드관리.csv,지점명,택배BI_조직.csv,1
관리회계BI_조직.csv,팀센터코드,조직코드관리.csv,1
관리회계BI_조직.csv,팀센터명,조직코드관리.csv,1
관리회계BI_조직.csv,귀속부서조직코드,관리회계QLIK_조직.csv,1
관리회계BI_조직.csv,귀속부서조직코드,관리회계_조직_test.csv,1
관리회계BI_조직.csv,귀속부서조직코드,관리회계_조직그룹상세.csv,1
관리회계BI_조직.csv,귀속부서조직코드,원가인명정보.csv,1
관리회계QLIK_조직.csv,귀속부서조직코드,관리회계_조직_test.csv,1
관리회계QLIK_조직.csv,귀속부서조직코드,관리회계_조직그룹상세.csv,1
관리회계QLIK_조직.csv,귀속부서조직코드,원가인명정보.csv,1
관리회계_조직_test.csv,귀속부서조직코드,관리회계_조직그룹상세.csv,1
관리회계_조직_test.csv,귀속부서조직코드,원가인명정보.csv,1
관리회계_조직그룹상세.csv,귀속부서조직코드,원가인명정보.csv,1
관리회계BI_조직.csv,귀속부서조직명,관리회계QLIK_조직.csv,1
관리회계BI_조직.csv,귀속부서조직명,관리회계_조직_test.csv,1
관리회계QLIK_조직.csv,귀속부서조직명,관리회계_조직_test.csv,1
관리회계QLIK_조직.csv,조직LEVEL코드,관리회계_조직.csv,1
관리회계QLIK_조직.csv,조직LEVEL코드,관리회계_조직_test.csv,1
관리회계_조직.csv,조직LEVEL코드,관리회계_조직_test.csv,1
관리회계_계정그룹.csv,배부계정GROUP코드,관리회계_계정그룹상세.csv,1
관리회계_계정그룹상세.csv,계정코드,사업구분.csv,1
관리회계_공통코드.csv,관리회계분류공통코드,관리회계_분류공통코드.csv,1
관리회계_사업.csv,유효시작일자V,관리회계_조직.csv,1
관리회계_사업.csv,유효시작일자V,관리회계_조직_test.csv,1
관리회계_조직.csv,유효시작일자V,관리회계_조직_test.csv,1
관리회계_사업.csv,유효종료일자V,관리회계_조직.csv,1
관리회계_사업.csv,유효종료일자V,관리회계_조직_test.csv,1
관리회계_조직.csv,유효종료일자V,관리회계_조직_test.csv,1
관리회계_조직.csv,조직유형코드,관리회계_조직_test.csv,1
관리회계_조직그룹.csv,귀속부서조직GROUP코드,관리회계_조직그룹상세.csv,1
기업설립형태.csv,기업설립형태코드,수입관리_고객.csv,1
불량등급.csv,불량등급코드,수입관리_고객.csv,1
사업구분.csv,등록일자,사용자.csv,1
사업구분.csv,등록일자,수입관리_고객.csv,1
사업구분.csv,등록일자,수입관리점소.csv,1
사용자.csv,등록일자,수입관리_고객.csv,1
사용자.csv,등록일자,수입관리점소.csv,1
수입관리_고객.csv,등록일자,수입관리점소.csv,1
사업구분.csv,수정일자,사용자.csv,1
사업구분.csv,수정일자,수입관리점소.csv,1
사용자.csv,수정일자,수입관리점소.csv,1
사업구분.csv,폐기여부,사용자.csv,1
사업자등록번호정보.csv,생성일시,조직터미널마스터.csv,1
사용자.csv,사원번호,사원기본.csv,1
사용자.csv,사원번호,사원마스터.csv,1
사원기본.csv,사원번호,사원마스터.csv,1
사용자.csv,한글성명,한글성명.csv,1
사용자.csv,직책,직책.csv,1
사용자.csv,사직일자,사원기본.csv,1
사용자.csv,사직일자,사원마스터.csv,1
사원기본.csv,사직일자,사원마스터.csv,1
사용자.csv,설명,상품분류.csv,1
사용자.csv,설명,상품코드.csv,1
상품분류.csv,설명,상품코드.csv,1
사원기본.csv,정규비정규,사원마스터.csv,1
사원기본.csv,직종코드,사원마스터.csv,1
사원기본.csv,국내집배구역,사원마스터.csv,1
사원기본.csv,소속회사,사원마스터.csv,1
사원기본.csv,마감시간,사원마스터.csv,1
사원기본.csv,마감시각여부,사원마스터.csv,1
사원기본.csv,인사시스템사번,사원마스터.csv,1
사원기본.csv,운전면허종류,사원마스터.csv,1
사원기본.csv,화물운송종사자자격취득일,사원마스터.csv,1
상품분류.csv,상품코드,상품코드.csv,1
상품분류.csv,상품명,상품코드.csv,1
상품분류.csv,판매중지일,상품코드.csv,1
상품분류.csv,화물종류,상품코드.csv,1
상품분류.csv,접수시주의사항,상품코드.csv,1
상품분류.csv,수정자 사번,상품코드.csv,1
상품분류.csv,서비스지역 및 요율,상품코드.csv,1
서브터미널.csv,터미널구분코드,조직터미널마스터.csv,1
서브터미널.csv,최종업데이트일시,조직터미널마스터.csv,1
선박.csv,선박코드,선박코드.csv,1
선박.csv,선사코드,선사코드.csv,1
선박.csv,비고,선석.csv,1
선박.csv,처리일시,선석.csv,1
수입관리_고객.csv,신용등급코드,신용등급.csv,1
수입관리_고객.csv,신용공여기간코드,신용공여기간.csv,1
조직_수입관리.csv,OIO_ORG_COD,지점코드.csv,1
조직_수입관리.csv,OIO_ORG_NAM,지점코드.csv,1
조직_수입관리.csv,OIO_INC_ORG,지점코드.csv,1
조직_수입관리.csv,OIO_ORG_NCD,지점코드.csv,1
조직_수입관리.csv,OIO_PIN_COD,지점코드.csv,1
조직터미널마스터.csv,등록사원번호,택배_조직도.csv,1
