회사코드,회사명,본부코드,본부명,지부코드,지부명,지점코드,지점명,팀센터코드,팀센터명,정렬순서,최초생성자ID,최초생성일시,last_update_dtm,etl_dtm
T,회사,SELDE,택배사업본부,SEWSE,수도권서부지부,GNOKE,강서택배지점,GNOKE,강서택배지점,2730,,2023-12-12 21:49:29.358000,2023-12-26 01:11:21.468000,2023-12-26 01:11:21.468000
T,회사,SELDP,디지털플랫폼사업본부,SELDPZ,디지털플랫폼사업본부,SELDPZ,디지털플랫폼사업본부,SELDPM,중개솔루션팀,4140,,2023-12-12 21:49:29.492000,2023-12-26 01:11:21.468000,2023-12-26 01:11:21.468000
T,회사,SELDP,디지털플랫폼사업본부,SELDPZ,디지털플랫폼사업본부,SELDPZ,디지털플랫폼사업본부,SELMQC,(구)CSV팀,4170,,2023-12-12 21:49:29.494000,2023-12-26 01:11:21.468000,2023-12-26 01:11:21.468000
T,회사,SELDG,글로벌사업본부,SELGF,포워딩사업부,SELGFP,프로젝트사업팀,SELGFP,프로젝트사업팀,3590,,2023-12-12 21:49:29.440000,2023-12-26 01:11:21.468000,2023-12-26 01:11:21.468000
T,회사,SELDG,글로벌사업본부,SELGO,해외사업부,VNMGL,베트남법인,VNMGL,베트남법인,3860,,2023-12-12 21:49:29.466000,2023-12-26 01:11:21.468000,2023-12-26 01:11:21.468000
T,회사,SELDL,물류사업본부,SELLP,물류기획부,SELLPP,물류기획팀,SELLPP,물류기획팀,920,,2023-12-12 21:49:29.200000,2023-12-26 01:11:21.468000,2023-12-26 01:11:21.468000
T,회사,SELDE,택배사업본부,SELES,택배영업부,SELESA,(구)이커머스영업팀,SELESAC,(구)C2C그룹,2270,,2023-12-12 21:49:29.317000,2023-12-26 01:11:21.468000,2023-12-26 01:11:21.468000
T,회사,SELDE,택배사업본부,SELEK,전략영업부,SELEK,전략영업부,SELEK,전략영업부,2280,,2023-12-12 21:49:29.318000,2023-12-26 01:11:21.468000,2023-12-26 01:11:21.468000
T,회사,SELDE,택배사업본부,SELEI,서비스혁신부,SELEI,서비스혁신부,SELEI,서비스혁신부,2490,,2023-12-12 21:49:29.336000,2023-12-26 01:11:21.468000,2023-12-26 01:11:21.468000
T,회사,SELDE,택배사업본부,SELEX,elogi-X 사업부,SELEX,elogi-X 사업부,SELEX,elogi-X 사업부,2600,,2023-12-12 21:49:29.346000,2023-12-26 01:11:21.468000,2023-12-26 01:11:21.468000
T,회사,SELDL,물류사업본부,PTKSL,중부지점,PTKSLT,중부지점 물류운송팀,PTKSLT,중부지점 물류운송팀,1570,,2023-12-12 21:49:29.257000,2023-12-26 01:11:21.468000,2023-12-26 01:11:21.468000
T,회사,HJH009,본사직할,SELMQ,마케팅실,SELMQCX,CX그룹,SELMQCX,CX그룹,530,,2023-12-12 21:49:29.166000,2023-12-26 01:11:21.468000,2023-12-26 01:11:21.468000
T,회사,SELDL,물류사업본부,PUSSL,부산지점,PUSSLT,부산지점 물류운송팀,PUSSLT,부산지점 물류운송팀,1760,,2023-12-12 21:49:29.273000,2023-12-26 01:11:21.468000,2023-12-26 01:11:21.468000
T,회사,SELDL,물류사업본부,CJUSD,제주지점,CJUKL,제주물류센터,CJUKL,제주물류센터,1850,,2023-12-12 21:49:29.281000,2023-12-26 01:11:21.468000,2023-12-26 01:11:21.468000
T,회사,SELDE,택배사업본부,SELEI,서비스혁신부,SELEIS,고객지원팀,SELEISC,고객서비스센터,2550,,2023-12-12 21:49:29.341000,2023-12-26 01:11:21.468000,2023-12-26 01:11:21.468000
T,회사,SELDG,글로벌사업본부,SELGO,해외사업부,FRASL,프랑크푸르트지점,FRASL,프랑크푸르트지점,3970,,2023-12-12 21:49:29.476000,2023-12-26 01:11:21.468000,2023-12-26 01:11:21.468000
T,회사,SELDE,택배사업본부,SEWSE,수도권서부지부,SEWSE,수도권서부지부,SEWSE,수도권서부지부,2720,,2023-12-12 21:49:29.357000,2023-12-26 01:11:21.468000,2023-12-26 01:11:21.468000
T,회사,SELDE,택배사업본부,PUSSE,부경지부,PUEKE,동부산택배지점,PUEKE,동부산택배지점,3090,,2023-12-12 21:49:29.393000,2023-12-26 01:11:21.468000,2023-12-26 01:11:21.468000
T,회사,SELDG,글로벌사업본부,SELDG,글로벌사업본부,SELDG,글로벌사업본부,SELDG,글로벌사업본부,3250,,2023-12-12 21:49:29.408000,2023-12-26 01:11:21.468000,2023-12-26 01:11:21.468000
T,회사,SELDE,택배사업본부,PUSSE,부경지부,HINKE,진주택배지점,HINKE,진주택배지점,3070,,2023-12-12 21:49:29.391000,2023-12-26 01:11:21.468000,2023-12-26 01:11:21.468000
T,회사,HJH009,본사직할,SELOY,안전보안실,SELOYI,산업안전조사팀,SELOYI,산업안전조사팀,490,,2023-12-12 21:49:29.162000,2023-12-26 01:11:21.468000,2023-12-26 01:11:21.468000
T,회사,SELDE,택배사업본부,SELEI,서비스혁신부,SELEIC,상생협력팀,SELEIC,상생협력팀,2530,,2023-12-12 21:49:29.339000,2023-12-26 01:11:21.468000,2023-12-26 01:11:21.468000
T,회사,SELDS,지원본부,SELIP,인사전략실,SELIPT,인력개발팀,SELIPT,인력개발팀,660,,2023-12-12 21:49:29.177000,2023-12-26 01:11:21.468000,2023-12-26 01:11:21.468000
T,회사,SELDE,택배사업본부,PUSSE,부경지부,PUSSE,부경지부,PUSSE,부경지부,3020,,2023-12-12 21:49:29.387000,2023-12-26 01:11:21.468000,2023-12-26 01:11:21.468000
T,회사,HJH009,본사직할,SELAB,재무관리실,SELABA,회계팀,SELABA,회계팀,350,,2023-12-12 21:49:29.151000,2023-12-26 01:11:21.468000,2023-12-26 01:11:21.468000
T,회사,SELDE,택배사업본부,SEWSE,수도권서부지부,MAPKE,마포택배지점,MAPKE,마포택배지점,2760,,2023-12-12 21:49:29.360000,2023-12-26 01:11:21.468000,2023-12-26 01:11:21.468000
T,회사,SELDS,지원본부,SELAG,총무지원실,SELAGA,자산관리팀,SELAGA,자산관리팀,760,,2023-12-12 21:49:29.186000,2023-12-26 01:11:21.468000,2023-12-26 01:11:21.468000
T,회사,SELDL,물류사업본부,SELLP,물류기획부,SELLPY,물류안전팀,SELLPY,물류안전팀,950,,2023-12-12 21:49:29.202000,2023-12-26 01:11:21.468000,2023-12-26 01:11:21.468000
T,회사,SELDG,글로벌사업본부,SELGF,포워딩사업부,SELGFO,포워딩운영팀,SELGFO,포워딩운영팀,3500,,2023-12-12 21:49:29.432000,2023-12-26 01:11:21.468000,2023-12-26 01:11:21.468000
T,회사,SELDG,글로벌사업본부,SELGO,해외사업부,PRGGL,체코법인,PRGGL,체코법인,3960,,2023-12-12 21:49:29.476000,2023-12-26 01:11:21.468000,2023-12-26 01:11:21.468000
T,회사,SELDG,글로벌사업본부,SELGE,이커머스사업부,SELGEO,글로벌이커머스운영팀,SELGEO,글로벌이커머스운영팀,3350,,2023-12-12 21:49:29.418000,2023-12-26 01:11:21.468000,2023-12-26 01:11:21.468000
T,회사,SELDE,택배사업본부,SEESE,수도권동부지부,SEESE,수도권동부지부,SEESE,수도권동부지부,2640,,2023-12-12 21:49:29.349000,2023-12-26 01:11:21.468000,2023-12-26 01:11:21.468000
T,회사,HJH009,본사직할,SELIB,사업총괄부,SELIBB,사업총괄팀,SELIBB,사업총괄팀,580,,2023-12-12 21:49:29.170000,2023-12-26 01:11:21.468000,2023-12-26 01:11:21.468000
T,회사,SELDE,택배사업본부,SELES,택배영업부,SELESB,(구)택배영업팀,SELESB,(구)택배영업팀,2230,,2023-12-12 21:49:29.314000,2023-12-26 01:11:21.468000,2023-12-26 01:11:21.468000
T,회사,SELDS,지원본부,SELIP,인사전략실,SELILE,(구)노사협력팀,SELILE,(구)노사협력팀,710,,2023-12-12 21:49:29.182000,2023-12-26 01:11:21.468000,2023-12-26 01:11:21.468000
T,회사,HJH009,본사직할,SELOY,안전보안실,SELAGY,안전보안팀,SELAGY,안전보안팀,480,,2023-12-12 21:49:29.161000,2023-12-26 01:11:21.468000,2023-12-26 01:11:21.468000
T,회사,HJH009,본사직할,SELXW,DT전략실,SELXWD,DATA팀,SELXWDF,재무DT지원그룹,210,,2023-12-12 21:49:29.139000,2023-12-26 01:11:21.468000,2023-12-26 01:11:21.468000
T,회사,SELDL,물류사업본부,SELLM,해운사업부,SELLMO,해운사업팀,SELLMS,해운영업팀,1160,,2023-12-12 21:49:29.220000,2023-12-26 01:11:21.468000,2023-12-26 01:11:21.468000
T,회사,SELDE,택배사업본부,SELEC,수도권 담당,SELEC,수도권 담당,SELEC,수도권 담당,2610,,2023-12-12 21:49:29.346000,2023-12-26 01:11:21.468000,2023-12-26 01:11:21.468000
T,회사,SELDL,물류사업본부,BUGSL,부곡지점,BUGSLM,부곡지점 정비팀,BUGSLM,부곡지점 정비팀,1500,,2023-12-12 21:49:29.251000,2023-12-26 01:11:21.468000,2023-12-26 01:11:21.468000
T,회사,SELDL,물류사업본부,JCNSL,경인지점,JCNSL,경인지점,JCNSL,경인지점,1370,,2023-12-12 21:49:29.239000,2023-12-26 01:11:21.468000,2023-12-26 01:11:21.468000
T,회사,SELDL,물류사업본부,KANSL,전남지점,KANSLT,전남지점 물류운송팀,KANSLT,전남지점 물류운송팀,1690,,2023-12-12 21:49:29.267000,2023-12-26 01:11:21.468000,2023-12-26 01:11:21.468000
T,회사,SELDG,글로벌사업본부,SELGO,해외사업부,SELGO,해외사업부,SELGO,해외사업부,3610,,2023-12-12 21:49:29.442000,2023-12-26 01:11:21.468000,2023-12-26 01:11:21.468000
T,회사,SELDE,택배사업본부,SELEM,택배기획부,SELEM,(구)건축팀,SELEMC,(구)건축팀,2090,,2023-12-12 21:49:29.302000,2023-12-26 01:11:21.468000,2023-12-26 01:11:21.468000
T,회사,SELDE,택배사업본부,SELES,택배영업부,SELESA,(구)이커머스영업팀,SELESA,(구)이커머스영업팀,2260,,2023-12-12 21:49:29.317000,2023-12-26 01:11:21.468000,2023-12-26 01:11:21.468000
T,회사,SELDS,지원본부,SELLG,법무실,SELLGL,법무팀,SELLGL,법무팀,790,,2023-12-12 21:49:29.189000,2023-12-26 01:11:21.468000,2023-12-26 01:11:21.468000
T,회사,HJH009,본사직할,SELAB,재무관리실,SELABB,관리회계팀,SELABB,관리회계팀,410,,2023-12-12 21:49:29.156000,2023-12-26 01:11:21.468000,2023-12-26 01:11:21.468000
T,회사,HJH009,본사직할,SELOY,안전보안실,SELOYC,안전보건컴플라이언스팀,SELOYCP,예방안전그룹,450,,2023-12-12 21:49:29.159000,2023-12-26 01:11:21.468000,2023-12-26 01:11:21.468000
T,회사,SELDG,글로벌사업본부,SELGO,해외사업부,SHASL,상해법인,SHASL,상해법인,3900,,2023-12-12 21:49:29.470000,2023-12-26 01:11:21.468000,2023-12-26 01:11:21.468000
T,회사,SELDP,디지털플랫폼사업본부,SELDPZ,디지털플랫폼사업본부,SELDPZ,디지털플랫폼사업본부,SELEXS,(구)셀러솔루션팀,4190,,2023-12-12 21:49:29.496000,2023-12-26 01:11:21.468000,2023-12-26 01:11:21.468000
T,회사,SELDG,글로벌사업본부,SELGP,글로벌기획부,SELDGP,글로벌기획팀,SELDGP,(구)글로벌기획팀,3280,,2023-12-12 21:49:29.412000,2023-12-26 01:11:21.468000,2023-12-26 01:11:21.468000
T,회사,SELDG,글로벌사업본부,SELGO,해외사업부,PNHCG,캄보디아법인,PNHCG,캄보디아법인,4030,,2023-12-12 21:49:29.482000,2023-12-26 01:11:21.468000,2023-12-26 01:11:21.468000
T,회사,SELDE,택배사업본부,HONSE,호남지부,HONSE,호남지부,HONSE,호남지부,3170,,2023-12-12 21:49:29.401000,2023-12-26 01:11:21.468000,2023-12-26 01:11:21.468000
T,회사,HJH009,본사직할,SELUPA,추정실적 고도화 TF팀,SELUPA,추정실적 고도화 TF팀,SELUPA,추정실적 고도화 TF팀,610,,2023-12-12 21:49:29.173000,2023-12-26 01:11:21.468000,2023-12-26 01:11:21.468000
T,회사,SELDG,글로벌사업본부,SELGE,이커머스사업부,SELGEP,(구)이커머스영업그룹,SELGEPS,(구)이커머스영업그룹,3370,,2023-12-12 21:49:29.419000,2023-12-26 01:11:21.468000,2023-12-26 01:11:21.468000
T,회사,SELDL,물류사업본부,SELLM,해운사업부,SELLMO,해운사업팀,KANGRN,(구)한진그린호,1270,,2023-12-12 21:49:29.229000,2023-12-26 01:11:21.468000,2023-12-26 01:11:21.468000
T,회사,HJH009,본사직할,SELXW,DT전략실,SELXWC,클라우드운영팀,SELXWCF,클라우드비용통제그룹,190,,2023-12-12 21:49:29.137000,2023-12-26 01:11:21.468000,2023-12-26 01:11:21.468000
T,회사,SELDE,택배사업본부,SESSE,수도권남부지부,GUNKE,군포택배지점,GUNKE,군포택배지점,2840,,2023-12-12 21:49:29.368000,2023-12-26 01:11:21.468000,2023-12-26 01:11:21.468000
T,회사,SELDG,글로벌사업본부,SELGO,해외사업부,LAXSL,미주물류지점,LAXSLI,미주물류지점 국제물류팀,3710,,2023-12-12 21:49:29.452000,2023-12-26 01:11:21.468000,2023-12-26 01:11:21.468000
T,회사,SELDS,지원본부,SELAG,총무지원실,SELAGG,총무팀,SELAGGA,자산관리그룹,770,,2023-12-12 21:49:29.187000,2023-12-26 01:11:21.468000,2023-12-26 01:11:21.468000
T,회사,SELDE,택배사업본부,SESSE,수도권남부지부,SONKE,송파택배지점,SONKE,송파택배지점,2870,,2023-12-12 21:49:29.371000,2023-12-26 01:11:21.468000,2023-12-26 01:11:21.468000
T,회사,SELDG,글로벌사업본부,SELGO,해외사업부,TASGL,ELS 합자법인,TASGL,ELS 합자법인,3940,,2023-12-12 21:49:29.473000,2023-12-26 01:11:21.468000,2023-12-26 01:11:21.468000
T,회사,SELDL,물류사업본부,SELLM,해운사업부,SELLMO,해운사업팀,SELLMOC,해운통제센터,1170,,2023-12-12 21:49:29.221000,2023-12-26 01:11:21.468000,2023-12-26 01:11:21.468000
T,회사,SELDG,글로벌사업본부,SELGO,해외사업부,SELGOC,중국팀,SELGOC,중국팀,3640,,2023-12-12 21:49:29.445000,2023-12-26 01:11:21.468000,2023-12-26 01:11:21.468000
T,회사,SELDP,디지털플랫폼사업본부,SELDPZ,디지털플랫폼사업본부,SELDPZ,디지털플랫폼사업본부,SELDPE,이커머스사업팀,4110,,2023-12-12 21:49:29.489000,2023-12-26 01:11:21.468000,2023-12-26 01:11:21.468000
T,회사,HJH009,본사직할,SELXW,DT전략실,SELXW,DT전략실,SELXWC,클라우드운영팀,180,,2023-12-12 21:49:29.136000,2023-12-26 01:11:21.468000,2023-12-26 01:11:21.468000
T,회사,SELDL,물류사업본부,JCNSL,경인지점,GMPSO,김포공항주유영업소,GMPSO,김포공항주유영업소,1420,,2023-12-12 21:49:29.244000,2023-12-26 01:11:21.468000,2023-12-26 01:11:21.468000
T,회사,HJH009,본사직할,SELBI,감사실,SELBIS,감사2팀,SELBIS,감사2팀,50,,2023-12-12 21:49:29.123000,2023-12-26 01:11:21.468000,2023-12-26 01:11:21.468000
T,회사,SELDE,택배사업본부,SELEP,택배기획부,SELDEM,대전 SMART Mega-Hub 운영 T/F,SELDEMO,운영그룹,2040,,2023-12-12 21:49:29.297000,2023-12-26 01:11:21.468000,2023-12-26 01:11:21.468000
T,회사,SELDL,물류사업본부,SELLR,P&D사업부,SELLRB,P&D영업2팀,SELLRB,P&D영업2팀,1010,,2023-12-12 21:49:29.207000,2023-12-26 01:11:21.468000,2023-12-26 01:11:21.468000
T,회사,SELDG,글로벌사업본부,SELGE,이커머스사업부,ICNSG,인천공항지점,ICNSGO,(구)특송운영팀,3460,,2023-12-12 21:49:29.428000,2023-12-26 01:11:21.468000,2023-12-26 01:11:21.468000
T,회사,SELDL,물류사업본부,SELLE,에너지사업부,SELLOS,유류영업팀,SELLOS,유류영업팀,1330,,2023-12-12 21:49:29.235000,2023-12-26 01:11:21.468000,2023-12-26 01:11:21.468000
T,회사,SELDE,택배사업본부,PUSSE,부경지부,PUSKE,부산택배지점,PUSKE,부산택배지점,3050,,2023-12-12 21:49:29.389000,2023-12-26 01:11:21.468000,2023-12-26 01:11:21.468000
T,회사,SELDE,택배사업본부,SELEP,택배기획부,SELDEM,대전 SMART Mega-Hub 운영 T/F,SELDEMF,설비운영그룹,2030,,2023-12-12 21:49:29.296000,2023-12-26 01:11:21.468000,2023-12-26 01:11:21.468000
T,회사,HJH009,본사직할,SELBP,경영기획실,SELIW,물류연구원,SELIW,물류연구원,120,,2023-12-12 21:49:29.131000,2023-12-26 01:11:21.468000,2023-12-26 01:11:21.468000
T,회사,SELDG,글로벌사업본부,SELGD,국내사업부,SELGDK,(구)글로벌KAM팀,SELGDK,(구)글로벌KAM팀,4060,,2023-12-12 21:49:29.484000,2023-12-26 01:11:21.468000,2023-12-26 01:11:21.468000
T,회사,SELDL,물류사업본부,PUSSL,부산지점,PUSSL,부산지점,PUSSL,부산지점,1740,,2023-12-12 21:49:29.271000,2023-12-26 01:11:21.468000,2023-12-26 01:11:21.468000
T,회사,SELDE,택배사업본부,BAESE,백암지점,BAEKP,3PL센터,BAEKP,3PL센터,3230,,2023-12-12 21:49:29.406000,2023-12-26 01:11:21.468000,2023-12-26 01:11:21.468000
T,회사,SELDL,물류사업본부,SJGSL,세종지점,SJGKL,세종물류센터,SJGKL,세종물류센터,1630,,2023-12-12 21:49:29.262000,2023-12-26 01:11:21.468000,2023-12-26 01:11:21.468000
T,회사,SELDP,디지털플랫폼사업본부,SELDPZ,디지털플랫폼사업본부,SELDPZ,디지털플랫폼사업본부,SELDPZ,디지털플랫폼사업본부,4100,,2023-12-12 21:49:29.488000,2023-12-26 01:11:21.468000,2023-12-26 01:11:21.468000
T,회사,SELDG,글로벌사업본부,SELGE,이커머스사업부,ICNSG,인천공항지점,ICNSGG,김포공항운영팀,3420,,2023-12-12 21:49:29.425000,2023-12-26 01:11:21.468000,2023-12-26 01:11:21.468000
T,회사,SELDG,글로벌사업본부,SELGF,포워딩사업부,JCNSG,인천국제지점,JCNSGI,국제물류팀,3560,,2023-12-12 21:49:29.438000,2023-12-26 01:11:21.468000,2023-12-26 01:11:21.468000
T,회사,SELDE,택배사업본부,SELES,택배영업부,SELESN,(구)농협SCM팀,SELESN,(구)농협SCM팀,2340,,2023-12-12 21:49:29.323000,2023-12-26 01:11:21.468000,2023-12-26 01:11:21.468000
T,회사,SELDG,글로벌사업본부,SELGP,글로벌기획부,SELDGY,글로벌안전팀,SELDGY,(구)글로벌안전팀,3300,,2023-12-12 21:49:29.413000,2023-12-26 01:11:21.468000,2023-12-26 01:11:21.468000
T,회사,SELDS,지원본부,SELIP,인사전략실,SELIPG,인사관리팀,SELIPG,인사관리팀,650,,2023-12-12 21:49:29.177000,2023-12-26 01:11:21.468000,2023-12-26 01:11:21.468000
T,회사,SELDL,물류사업본부,KANSL,전남지점,KANSLP,전남지점 항만물류팀,KANSLP,전남지점 항만물류팀,1700,,2023-12-12 21:49:29.268000,2023-12-26 01:11:21.468000,2023-12-26 01:11:21.468000
T,회사,SELDL,물류사업본부,USNSD,울산지점,USNSDH,울산지점 중량물운영팀,USNSDH,울산지점 중량물운영팀,1810,,2023-12-12 21:49:29.277000,2023-12-26 01:11:21.468000,2023-12-26 01:11:21.468000
T,회사,SELDL,물류사업본부,BUGSL,부곡지점,BUGSLD,부곡지점 유통운송팀,BUGSLD,부곡지점 유통운송팀,1520,,2023-12-12 21:49:29.252000,2023-12-26 01:11:21.468000,2023-12-26 01:11:21.468000
T,회사,SELDG,글로벌사업본부,SELGE,이커머스사업부,ICNSG,인천공항지점,SELGEOA,(구)이커머스운영1그룹,3430,,2023-12-12 21:49:29.426000,2023-12-26 01:11:21.468000,2023-12-26 01:11:21.468000
T,회사,SELDL,물류사업본부,SELLM,해운사업부,SELLMO,해운사업팀,SELLMO,해운사업팀,1150,,2023-12-12 21:49:29.219000,2023-12-26 01:11:21.468000,2023-12-26 01:11:21.468000
T,회사,HJH009,본사직할,SELMQ,마케팅실,SELMQ,마케팅실,SELMQ,마케팅실,500,,2023-12-12 21:49:29.163000,2023-12-26 01:11:21.468000,2023-12-26 01:11:21.468000
T,회사,SELDG,글로벌사업본부,SELGD,국내사업부,SELGFP,프로젝트사업팀,SELSGP,(구)프로젝트영업팀,3600,,2023-12-12 21:49:29.441000,2023-12-26 01:11:21.468000,2023-12-26 01:11:21.468000
T,회사,HJH009,본사직할,SELOY,안전보안실,SELOY,안전보안실,SELOY,안전보안실,420,,2023-12-12 21:49:29.157000,2023-12-26 01:11:21.468000,2023-12-26 01:11:21.468000
T,회사,HJH009,본사직할,SELXW,DT전략실,SELFSI,PI팀,SELFSI,PI팀,260,,2023-12-12 21:49:29.143000,2023-12-26 01:11:21.468000,2023-12-26 01:11:21.468000
T,회사,SELDL,물류사업본부,JCNSL,경인지점,JCNSLM,경인지점 정비팀,JCNSLM,경인지점 정비팀,1400,,2023-12-12 21:49:29.242000,2023-12-26 01:11:21.468000,2023-12-26 01:11:21.468000
T,회사,SELDE,택배사업본부,SEWSE,수도권서부지부,BCNKE,부천택배지점,BCNKE,부천택배지점,2810,,2023-12-12 21:49:29.365000,2023-12-26 01:11:21.468000,2023-12-26 01:11:21.468000
T,회사,SELDS,지원본부,SELPP,구매시설실,SELAGR,(구)부동산인프라팀,SELAGR,(구)부동산인프라팀,880,,2023-12-12 21:49:29.197000,2023-12-26 01:11:21.468000,2023-12-26 01:11:21.468000
T,회사,SELDE,택배사업본부,SELEO,인프라사업부,SELEOY,(구)택배안전팀,SELEPY,(구)택배안전팀,2450,,2023-12-12 21:49:29.332000,2023-12-26 01:11:21.468000,2023-12-26 01:11:21.468000
T,회사,HJH009,본사직할,SELOY,안전보안실,SELOYC,안전보건컴플라이언스팀,SELOYC,안전보건컴플라이언스팀,440,,2023-12-12 21:49:29.158000,2023-12-26 01:11:21.468000,2023-12-26 01:11:21.468000
T,회사,HJH009,본사직할,RENT,렌터카팀,RENT,렌터카팀,RENT,렌터카팀,620,,2023-12-12 21:49:29.174000,2023-12-26 01:11:21.468000,2023-12-26 01:11:21.468000
T,회사,SELDE,택배사업본부,SESSE,수도권남부지부,ICEKE,이천택배지점,ICEKE,이천택배지점,2950,,2023-12-12 21:49:29.379000,2023-12-26 01:11:21.468000,2023-12-26 01:11:21.468000
T,회사,SELDG,글로벌사업본부,SELGO,해외사업부,LAXSL,미주물류지점,LAXSLT,미주물류지점 트럭킹팀,3690,,2023-12-12 21:49:29.450000,2023-12-26 01:11:21.468000,2023-12-26 01:11:21.468000
T,회사,SELDG,글로벌사업본부,SELGO,해외사업부,LAXSL,미주물류지점,NYCSO,뉴욕영업소,3750,,2023-12-12 21:49:29.456000,2023-12-26 01:11:21.468000,2023-12-26 01:11:21.468000
T,회사,HJH009,본사직할,SELAB,재무관리실,SELABI,비용심사팀,SELABI,비용심사팀,370,,2023-12-12 21:49:29.152000,2023-12-26 01:11:21.468000,2023-12-26 01:11:21.468000
T,회사,SELDE,택배사업본부,SEESE,수도권동부지부,KBKKE,강북택배지점,KBKKE,강북택배지점,2650,,2023-12-12 21:49:29.350000,2023-12-26 01:11:21.468000,2023-12-26 01:11:21.468000
T,회사,SELDE,택배사업본부,GBKSE,경북지부,TAEKE,대구택배지점,TAEKE,대구택배지점,2970,,2023-12-12 21:49:29.381000,2023-12-26 01:11:21.468000,2023-12-26 01:11:21.468000
T,회사,HJH009,본사직할,SELXW,DT전략실,SELXW,DT전략실,SELXWD,DATA팀,200,,2023-12-12 21:49:29.138000,2023-12-26 01:11:21.468000,2023-12-26 01:11:21.468000
T,회사,SELDL,물류사업본부,SELLM,해운사업부,SELLMO,해운사업팀,SELLMOP,한진파이오니어호,1180,,2023-12-12 21:49:29.222000,2023-12-26 01:11:21.468000,2023-12-26 01:11:21.468000
T,회사,SELDL,물류사업본부,KANSL,전남지점,KANSL,전남지점,KANSL,전남지점,1670,,2023-12-12 21:49:29.265000,2023-12-26 01:11:21.468000,2023-12-26 01:11:21.468000
T,회사,SELDG,글로벌사업본부,SELGO,해외사업부,HKGSL,홍콩법인,HKGSL,홍콩법인,3890,,2023-12-12 21:49:29.469000,2023-12-26 01:11:21.468000,2023-12-26 01:11:21.468000
T,회사,SELDE,택배사업본부,BAESE,백암지점,BAESE,백암지점,BAESE,백암지점,3220,,2023-12-12 21:49:29.405000,2023-12-26 01:11:21.468000,2023-12-26 01:11:21.468000
T,회사,SELDL,물류사업본부,JCNSL,경인지점,GMSSO,김포공항제2주유영업소,GMSSO,김포공항제2주유영업소,1430,,2023-12-12 21:49:29.245000,2023-12-26 01:11:21.468000,2023-12-26 01:11:21.468000
T,회사,SELDE,택배사업본부,SELEI,서비스혁신부,SELEIA,집배점지원팀,SELEIA,집배점지원팀,2500,,2023-12-12 21:49:29.337000,2023-12-26 01:11:21.468000,2023-12-26 01:11:21.468000
T,회사,SELDE,택배사업본부,CHCSE,충청지부,SELEOOT,대전택배Hub,SELEOOT,(구)대전택배Hub,3160,,2023-12-12 21:49:29.400000,2023-12-26 01:11:21.468000,2023-12-26 01:11:21.468000
T,회사,SELDS,지원본부,SELPP,구매시설실,SELPPF,시설관재팀,SELPPF,시설관재팀,860,,2023-12-12 21:49:29.195000,2023-12-26 01:11:21.468000,2023-12-26 01:11:21.468000
T,회사,SELDE,택배사업본부,SESSE,수도권남부지부,ASNKE,안산택배지점,ASNKE,안산택배지점,2830,,2023-12-12 21:49:29.367000,2023-12-26 01:11:21.468000,2023-12-26 01:11:21.468000
T,회사,SELDE,택배사업본부,SELEM,택배기획부,SELEMN,Mega-Hub 네트워크운영팀,SELEMN,Mega-Hub 네트워크운영팀,2070,,2023-12-12 21:49:29.300000,2023-12-26 01:11:21.468000,2023-12-26 01:11:21.468000
T,회사,SELDE,택배사업본부,SEESE,수도권동부지부,NYJKE,남양주택배지점,NYJKE,남양주택배지점,2700,,2023-12-12 21:49:29.355000,2023-12-26 01:11:21.468000,2023-12-26 01:11:21.468000
T,회사,SELDG,글로벌사업본부,SELGO,해외사업부,TYOSO,도쿄사무소,TYOSO,도쿄사무소,3850,,2023-12-12 21:49:29.465000,2023-12-26 01:11:21.468000,2023-12-26 01:11:21.468000
T,회사,SELDL,물류사업본부,USNSD,울산지점,USNSDS,울산지점 물류영업팀,USNSDS,울산지점 물류영업팀,1800,,2023-12-12 21:49:29.276000,2023-12-26 01:11:21.468000,2023-12-26 01:11:21.468000
T,회사,SELDP,디지털플랫폼사업본부,SELDPZ,디지털플랫폼사업본부,SELDPZ,디지털플랫폼사업본부,SELKFS,(구)K-패션 해외 진출 지원 솔루션팀,4180,,2023-12-12 21:49:29.495000,2023-12-26 01:11:21.468000,2023-12-26 01:11:21.468000
T,회사,SELDE,택배사업본부,SELEM,택배기획부,SELEM,(구)설비운영팀,SELEMF,(구)설비운영팀,2110,,2023-12-12 21:49:29.304000,2023-12-26 01:11:21.468000,2023-12-26 01:11:21.468000
T,회사,SELDG,글로벌사업본부,SELGO,해외사업부,LAXSL,미주물류지점,LAXSL,미주물류지점,3670,,2023-12-12 21:49:29.448000,2023-12-26 01:11:21.468000,2023-12-26 01:11:21.468000
T,회사,SELDL,물류사업본부,BUGSL,부곡지점,BUGSLD,부곡지점 유통운송팀,BUGSLA,부곡지점 유통물류1팀,1530,,2023-12-12 21:49:29.253000,2023-12-26 01:11:21.468000,2023-12-26 01:11:21.468000
T,회사,SELDE,택배사업본부,SEWSE,수도권서부지부,BUPKE,부평택배지점,BUPKE,부평택배지점,2770,,2023-12-12 21:49:29.361000,2023-12-26 01:11:21.468000,2023-12-26 01:11:21.468000
T,회사,HJH009,본사직할,SELXW,DT전략실,SELXW,DT전략실,SELXWB,물류/글로벌DT지원팀,170,,2023-12-12 21:49:29.135000,2023-12-26 01:11:21.468000,2023-12-26 01:11:21.468000
T,회사,HJH009,본사직할,SELAB,재무관리실,SELABO,해외재무관리팀,SELABO,해외재무관리팀,390,,2023-12-12 21:49:29.154000,2023-12-26 01:11:21.468000,2023-12-26 01:11:21.468000
T,회사,SELDG,글로벌사업본부,SELGF,포워딩사업부,PUSSG,부산국제지점,PUSSG,부산국제지점,3580,,2023-12-12 21:49:29.439000,2023-12-26 01:11:21.468000,2023-12-26 01:11:21.468000
T,회사,SELDL,물류사업본부,SELLM,해운사업부,SELLMO,해운사업팀,SELLMO8,한진3008호,1230,,2023-12-12 21:49:29.226000,2023-12-26 01:11:21.468000,2023-12-26 01:11:21.468000
T,회사,SELDE,택배사업본부,GBKSE,경북지부,QDYKE,안동택배지점,QDYKE,안동택배지점,2980,,2023-12-12 21:49:29.382000,2023-12-26 01:11:21.468000,2023-12-26 01:11:21.468000
T,회사,SELDS,지원본부,SELIP,인사전략실,SELIL,노사협력실,SELIL,노사협력실,700,,2023-12-12 21:49:29.181000,2023-12-26 01:11:21.468000,2023-12-26 01:11:21.468000
T,회사,HJH009,지원본부,SELPP,정책기획담당,SELSP,정책기획담당,SELSP,정책기획담당,890,,2023-12-12 21:49:29.197000,2023-12-26 01:11:21.468000,2023-12-26 01:11:21.468000
T,회사,SELDE,택배사업본부,SELEO,인프라사업부,SELEO,인프라사업부,SELEO,인프라사업부,2350,,2023-12-12 21:49:29.324000,2023-12-26 01:11:21.468000,2023-12-26 01:11:21.468000
T,회사,SELDS,지원본부,SELPP,구매시설실,SELPP,구매시설실,SELPP,구매시설실,820,,2023-12-12 21:49:29.191000,2023-12-26 01:11:21.468000,2023-12-26 01:11:21.468000
T,회사,SELDG,글로벌사업본부,SELGO,해외사업부,LAXSL,미주물류지점,CHISO,시카고영업소,3780,,2023-12-12 21:49:29.459000,2023-12-26 01:11:21.468000,2023-12-26 01:11:21.468000
T,회사,SELDE,택배사업본부,SELES,택배영업부,SELESS,택배영업팀,SELESSF,풀필먼트그룹,2210,,2023-12-12 21:49:29.312000,2023-12-26 01:11:21.468000,2023-12-26 01:11:21.468000
T,회사,SELDL,물류사업본부,SELLM,해운사업부,SELLMO,해운사업팀,SELLMOJ,적대봉호,1290,,2023-12-12 21:49:29.231000,2023-12-26 01:11:21.468000,2023-12-26 01:11:21.468000
T,회사,SELDL,물류사업본부,SELLW,W&D사업부,SELLWS,W&D영업팀,SELLWS,W&D영업팀,1060,,2023-12-12 21:49:29.212000,2023-12-26 01:11:21.468000,2023-12-26 01:11:21.468000
T,회사,SELDE,택배사업본부,CJUSE,제주지부(택배),CJUSE,제주지부(택배),CJUSE,제주지부(택배),2470,,2023-12-12 21:49:29.334000,2023-12-26 01:11:21.468000,2023-12-26 01:11:21.468000
T,회사,SELDE,택배사업본부,SELEO,인프라사업부,SELEOY,택배안전팀,SELEOY,택배안전팀,2400,,2023-12-12 21:49:29.328000,2023-12-26 01:11:21.468000,2023-12-26 01:11:21.468000
T,회사,SELDG,글로벌사업본부,SELGO,해외사업부,LAXSL,미주물류지점,ATLANTA,애틀랜타사무소,3740,,2023-12-12 21:49:29.455000,2023-12-26 01:11:21.468000,2023-12-26 01:11:21.468000
T,회사,SELDL,물류사업본부,SELLP,물류기획부,SELLPD,디지털사업팀,SELLPD,디지털사업팀,940,,2023-12-12 21:49:29.201000,2023-12-26 01:11:21.468000,2023-12-26 01:11:21.468000
T,회사,SELDE,택배사업본부,SELEO,인프라사업부,SELEOF,설비운영팀,SELEOOM,설비관리그룹,2380,,2023-12-12 21:49:29.326000,2023-12-26 01:11:21.468000,2023-12-26 01:11:21.468000
T,회사,SELDE,택배사업본부,SEWSE,수도권서부지부,GURKE,구로택배지점,GURKE,구로택배지점,2740,,2023-12-12 21:49:29.358000,2023-12-26 01:11:21.468000,2023-12-26 01:11:21.468000
T,회사,HJH009,본사직할,SELXW,DT전략실,SELFSX,IT기획팀,SELFSXI,정보보안그룹,230,,2023-12-12 21:49:29.141000,2023-12-26 01:11:21.468000,2023-12-26 01:11:21.468000
T,회사,SELDG,글로벌사업본부,SELGF,포워딩사업부,SELGFO,포워딩운영팀,SELSGO,(구)포워딩운영1팀,3530,,2023-12-12 21:49:29.435000,2023-12-26 01:11:21.468000,2023-12-26 01:11:21.468000
T,회사,SELDL,물류사업본부,SELLM,해운사업부,SELLMO,해운사업팀,SELLMO6,한진3006호,1260,,2023-12-12 21:49:29.229000,2023-12-26 01:11:21.468000,2023-12-26 01:11:21.468000
T,회사,SELDE,택배사업본부,SESSE,수도권남부지부,SESSEH,동서울HUB,SESSEH,동서울HUB,2910,,2023-12-12 21:49:29.375000,2023-12-26 01:11:21.468000,2023-12-26 01:11:21.468000
T,회사,SELDG,글로벌사업본부,SELGF,포워딩사업부,SELGFO,포워딩운영팀,SELSGT,(구)포워딩운영2팀,3540,,2023-12-12 21:49:29.436000,2023-12-26 01:11:21.468000,2023-12-26 01:11:21.468000
T,회사,SELDL,물류사업본부,SELLM,해운사업부,SELLM,해운사업부,SELLM,해운사업부,1140,,2023-12-12 21:49:29.218000,2023-12-26 01:11:21.468000,2023-12-26 01:11:21.468000
T,회사,SELDE,택배사업본부,CHCSE,충청지부,CHCSEH,대전HUB,CHCSEH,대전HUB,3150,,2023-12-12 21:49:29.399000,2023-12-26 01:11:21.468000,2023-12-26 01:11:21.468000
T,회사,SELDL,물류사업본부,SELLP,물류기획부,SELLP,물류기획부,SELLP,물류기획부,910,,2023-12-12 21:49:29.199000,2023-12-26 01:11:21.468000,2023-12-26 01:11:21.468000
T,회사,SELDL,물류사업본부,KPOSD,영남지점,KPOSDS,영남지점 물류영업팀,KPOSDS,영남지점 물류영업팀,1870,,2023-12-12 21:49:29.283000,2023-12-26 01:11:21.468000,2023-12-26 01:11:21.468000
T,회사,SELDE,택배사업본부,SEESE,수도권동부지부,WJUKE,원주택배지점,WJUKE,원주택배지점,2670,,2023-12-12 21:49:29.352000,2023-12-26 01:11:21.468000,2023-12-26 01:11:21.468000
T,회사,SELDE,택배사업본부,SELEK,전략영업부,SELEKN,농협SCM팀,SELEKN,농협SCM팀,2310,,2023-12-12 21:49:29.321000,2023-12-26 01:11:21.468000,2023-12-26 01:11:21.468000
T,회사,SELDE,택배사업본부,HONSE,호남지부,MPKKE,목포택배지점,MPKKE,목포택배지점,3200,,2023-12-12 21:49:29.404000,2023-12-26 01:11:21.468000,2023-12-26 01:11:21.468000
T,회사,SELDG,글로벌사업본부,SELGO,해외사업부,WEHSO,위해사무소,WEHSO,위해사무소,3800,,2023-12-12 21:49:29.461000,2023-12-26 01:11:21.468000,2023-12-26 01:11:21.468000
T,회사,SELDE,택배사업본부,SELEI,서비스혁신부,SELEON,(구)네트워크팀,SELEON,(구)네트워크팀,2560,,2023-12-12 21:49:29.342000,2023-12-26 01:11:21.468000,2023-12-26 01:11:21.468000
T,회사,SELDG,글로벌사업본부,SELGO,해외사업부,LAXSL,미주물류지점,DFWSO,달라스영업소,3760,,2023-12-12 21:49:29.457000,2023-12-26 01:11:21.468000,2023-12-26 01:11:21.468000
T,회사,HJH009,본사직할,SELOY,안전보안실,SELOYI,산업안전조사팀,SELOYIP,(구)예방안전그룹,460,,2023-12-12 21:49:29.160000,2023-12-26 01:11:21.468000,2023-12-26 01:11:21.468000
T,회사,HJH009,본사직할,SELBP,경영기획실,SELBPM,경영관리팀,SELBPMG,녹색환경그룹,100,,2023-12-12 21:49:29.129000,2023-12-26 01:11:21.468000,2023-12-26 01:11:21.468000
T,회사,SELDL,물류사업본부,PTKSL,중부지점,PTKSL,중부지점,PTKSL,중부지점,1550,,2023-12-12 21:49:29.255000,2023-12-26 01:11:21.468000,2023-12-26 01:11:21.468000
T,회사,SELDS,지원본부,SELAG,총무지원실,SELAGG,총무팀,SELAGG,총무팀,750,,2023-12-12 21:49:29.185000,2023-12-26 01:11:21.468000,2023-12-26 01:11:21.468000
T,회사,SELDG,글로벌사업본부,SELGF,포워딩사업부,SELGF,포워딩사업부,SELGF,포워딩사업부,3470,,2023-12-12 21:49:29.429000,2023-12-26 01:11:21.468000,2023-12-26 01:11:21.468000
T,회사,SELDL,물류사업본부,SELLE,에너지사업부,SELLE,에너지사업부,SELLE,에너지사업부,1300,,2023-12-12 21:49:29.232000,2023-12-26 01:11:21.468000,2023-12-26 01:11:21.468000
T,회사,SELDS,지원본부,SELPP,구매시설실,SELAGP,(구)구매팀,SELAGP,(구)구매팀,840,,2023-12-12 21:49:29.193000,2023-12-26 01:11:21.468000,2023-12-26 01:11:21.468000
T,회사,SELDG,글로벌사업본부,SELGO,해외사업부,TAOGL,청도법인,TAOGL,청도법인,3870,,2023-12-12 21:49:29.467000,2023-12-26 01:11:21.468000,2023-12-26 01:11:21.468000
T,회사,SELDG,글로벌사업본부,SELGO,해외사업부,TAOSL,청도지점,TAOSL,청도지점,3790,,2023-12-12 21:49:29.460000,2023-12-26 01:11:21.468000,2023-12-26 01:11:21.468000
T,회사,SELDL,물류사업본부,KUMSD,구미지점,KUMSDS,구미지점 물류영업팀,KUMSDS,구미지점 물류영업팀,1940,,2023-12-12 21:49:29.288000,2023-12-26 01:11:21.468000,2023-12-26 01:11:21.468000
T,회사,SELDG,글로벌사업본부,SELGO,해외사업부,LAXGL,미주법인,LAXGL,미주법인,3660,,2023-12-12 21:49:29.447000,2023-12-26 01:11:21.468000,2023-12-26 01:11:21.468000
T,회사,SELDE,택배사업본부,SELES,택배영업부,SELESK,(구)전략영업팀,SELESKG,(구)GS홈쇼핑그룹,2330,,2023-12-12 21:49:29.322000,2023-12-26 01:11:21.468000,2023-12-26 01:11:21.468000
T,회사,HJH009,본사직할,SELBI,감사실,SELBIR,감사1팀,SELBIR,감사1팀,40,,2023-12-12 21:49:29.122000,2023-12-26 01:11:21.468000,2023-12-26 01:11:21.468000
T,회사,SELDL,물류사업본부,JCNSL,경인지점,JCNSLI,경인지점 싸이로팀,JCNSLI,경인지점 싸이로팀,1410,,2023-12-12 21:49:29.243000,2023-12-26 01:11:21.468000,2023-12-26 01:11:21.468000
T,회사,SELDE,택배사업본부,SESSE,수도권남부지부,SESSE,수도권남지부,SESSE,수도권남지부,2820,,2023-12-12 21:49:29.366000,2023-12-26 01:11:21.468000,2023-12-26 01:11:21.468000
T,회사,SELDG,글로벌사업본부,SELGO,해외사업부,JKTSO,자카르타영업소,JKTSO,자카르타영업소,3840,,2023-12-12 21:49:29.464000,2023-12-26 01:11:21.468000,2023-12-26 01:11:21.468000
T,회사,SELDL,물류사업본부,PTKSL,중부지점,BORKC,신보령물류센터,BORKC,신보령물류센터,1590,,2023-12-12 21:49:29.259000,2023-12-26 01:11:21.468000,2023-12-26 01:11:21.468000
T,회사,SELDL,물류사업본부,SELLR,P&D사업부,SELLRT,물류운송팀,SELLRT,물류운송팀,1030,,2023-12-12 21:49:29.209000,2023-12-26 01:11:21.468000,2023-12-26 01:11:21.468000
T,회사,HJH009,본사직할,SELXW,DT전략실,SELXW,IT기획운영실,SELXWE,IT운영1팀,300,,2023-12-12 21:49:29.147000,2023-12-26 01:11:21.468000,2023-12-26 01:11:21.468000
T,회사,SELDL,물류사업본부,KPOSD,영남지점,KPOSDM,영남지점 정비팀,KPOSDM,영남지점 정비팀,1910,,2023-12-12 21:49:29.286000,2023-12-26 01:11:21.468000,2023-12-26 01:11:21.468000
T,회사,SELDL,물류사업본부,PTKSL,중부지점,PTKKL,평택물류센터,PTKKL,평택물류센터,1580,,2023-12-12 21:49:29.258000,2023-12-26 01:11:21.468000,2023-12-26 01:11:21.468000
T,회사,SELDE,택배사업본부,SELEP,택배기획부,SELEPD,전략개발팀,SELEPD,전략개발팀,1990,,2023-12-12 21:49:29.293000,2023-12-26 01:11:21.468000,2023-12-26 01:11:21.468000
T,회사,SELDL,물류사업본부,SELLW,W&D사업부,SELLW,W&D사업부,SELLW,W&D사업부,1070,,2023-12-12 21:49:29.212000,2023-12-26 01:11:21.468000,2023-12-26 01:11:21.468000
T,회사,SELDG,글로벌사업본부,SELGP,글로벌기획부,SELGOO,해외법인관리팀,SELGOO,(구)해외법인지원팀,3320,,2023-12-12 21:49:29.415000,2023-12-26 01:11:21.468000,2023-12-26 01:11:21.468000
T,회사,SELDG,글로벌사업본부,SELGO,해외사업부,UBNOG,몽골사무소,UBNOG,몽골사무소,4010,,2023-12-12 21:49:29.480000,2023-12-26 01:11:21.468000,2023-12-26 01:11:21.468000
T,회사,SELDS,지원본부,SELIP,인사전략실,SELIPE,노사협력팀,SELIPE,노사협력팀,680,,2023-12-12 21:49:29.179000,2023-12-26 01:11:21.468000,2023-12-26 01:11:21.468000
T,회사,SELDG,글로벌사업본부,SELGD,국내사업부,SELGD,국내사업부,SELGD,(구)국내사업부,4050,,2023-12-12 21:49:29.483000,2023-12-26 01:11:21.468000,2023-12-26 01:11:21.468000
T,회사,SELDG,글로벌사업본부,SELGO,해외사업부,LAXSL,미주물류지점,LAXSLD,미주물류지점 조업팀,3720,,2023-12-12 21:49:29.453000,2023-12-26 01:11:21.468000,2023-12-26 01:11:21.468000
T,회사,SELDG,글로벌사업본부,SELGF,포워딩사업부,SELGFS,포워딩영업팀,SELGFS,포워딩영업팀,3480,,2023-12-12 21:49:29.430000,2023-12-26 01:11:21.468000,2023-12-26 01:11:21.468000
T,회사,SELDE,택배사업본부,SESSE,수도권남부지부,SESSET,동부3PL팀,SESSET,동부3PL팀,2900,,2023-12-12 21:49:29.374000,2023-12-26 01:11:21.468000,2023-12-26 01:11:21.468000
T,회사,SELDE,택배사업본부,SELEP,택배기획부,SELEPM,영업정책팀,SELEPM,영업정책팀,2000,,2023-12-12 21:49:29.294000,2023-12-26 01:11:21.468000,2023-12-26 01:11:21.468000
T,회사,SELDE,택배사업본부,CHCSE,충청지부,CHOKE,천안택배지점,CHOKE,천안택배지점,3120,,2023-12-12 21:49:29.396000,2023-12-26 01:11:21.468000,2023-12-26 01:11:21.468000
T,회사,HJH009,본사직할,SELBI,감사실,SELBII,(구)감사팀,SELBII,(구)감사팀,60,,2023-12-12 21:49:29.124000,2023-12-26 01:11:21.468000,2023-12-26 01:11:21.468000
T,회사,SELDE,택배사업본부,SELEP,택배기획부,SELEPP,택배기획팀,SELEPP,택배기획팀,1980,,2023-12-12 21:49:29.292000,2023-12-26 01:11:21.468000,2023-12-26 01:11:21.468000
T,회사,HJH009,본사직할,SELBI,감사실,SELBII,(구)감사팀,SELBIIM,(구)모니터링그룹,70,,2023-12-12 21:49:29.126000,2023-12-26 01:11:21.468000,2023-12-26 01:11:21.468000
T,회사,HJH009,본사직할,SELIB,사업총괄부,SELIB,사업총괄부,SELIB,사업총괄부,570,,2023-12-12 21:49:29.170000,2023-12-26 01:11:21.468000,2023-12-26 01:11:21.468000
T,회사,HJH009,본사직할,SELAB,재무관리실,SELXER,ERP TF팀,SELXER,ERP TF팀,400,,2023-12-12 21:49:29.155000,2023-12-26 01:11:21.468000,2023-12-26 01:11:21.468000
T,회사,SELDL,물류사업본부,KPOSD,영남지점,KPOSO,포항구도일주유영업소,KPOSO,포항구도일주유영업소,1920,,2023-12-12 21:49:29.287000,2023-12-26 01:11:21.468000,2023-12-26 01:11:21.468000
T,회사,SELDE,택배사업본부,SELES,택배영업부,SELES,택배영업부,SELES,택배영업부,2190,,2023-12-12 21:49:29.310000,2023-12-26 01:11:21.468000,2023-12-26 01:11:21.468000
T,회사,SELDS,지원본부,SELDS,지원본부,SELDS,지원본부,SELDS,지원본부,630,,2023-12-12 21:49:29.175000,2023-12-26 01:11:21.468000,2023-12-26 01:11:21.468000
T,회사,SELDG,글로벌사업본부,SELGP,글로벌기획부,SELGPP,글로벌기획팀,SELGPP,글로벌기획팀,3270,,2023-12-12 21:49:29.411000,2023-12-26 01:11:21.468000,2023-12-26 01:11:21.468000
T,회사,SELDS,지원본부,SELAG,총무지원실,SELAG,총무지원실,SELAG,총무지원실,740,,2023-12-12 21:49:29.184000,2023-12-26 01:11:21.468000,2023-12-26 01:11:21.468000
T,회사,SELDE,택배사업본부,SELEP,택배기획부,SELEP,택배기획부,SELEP,택배기획부,1970,,2023-12-12 21:49:29.291000,2023-12-26 01:11:21.468000,2023-12-26 01:11:21.468000
T,회사,HJH009,본사직할,SELXW,DT전략실,SELFST,Data팀,SELFST,Data팀,290,,2023-12-12 21:49:29.146000,2023-12-26 01:11:21.468000,2023-12-26 01:11:21.468000
T,회사,HJH009,본사직할,SELIB,사업총괄부,SELIBB,사업총괄팀,SELIBN,신사업개발팀,590,,2023-12-12 21:49:29.171000,2023-12-26 01:11:21.468000,2023-12-26 01:11:21.468000
T,회사,SELDL,물류사업본부,SELLP,물류기획부,SELLPM,물류사업지원팀,SELLPM,물류사업지원팀,930,,2023-12-12 21:49:29.201000,2023-12-26 01:11:21.468000,2023-12-26 01:11:21.468000
T,회사,SELDL,물류사업본부,SELLM,해운사업부,SELLMO,해운사업팀,SELLMOG,한진그린호,1210,,2023-12-12 21:49:29.224000,2023-12-26 01:11:21.468000,2023-12-26 01:11:21.468000
T,회사,SELDE,택배사업본부,SELDE,택배사업본부,SELDE,택배사업본부,SELDE,택배사업본부,1960,,2023-12-12 21:49:29.290000,2023-12-26 01:11:21.468000,2023-12-26 01:11:21.468000
T,회사,SELDE,택배사업본부,SELEP,택배기획부,SELDED,(구)대전메가허브운영TF팀,SELDED,(구)대전메가허브운영TF팀,2130,,2023-12-12 21:49:29.305000,2023-12-26 01:11:21.468000,2023-12-26 01:11:21.468000
T,회사,SELDE,택배사업본부,SELEP,택배기획부,SELEPI,(구)업무개선팀,SELEPI,(구)업무개선팀,2140,,2023-12-12 21:49:29.306000,2023-12-26 01:11:21.468000,2023-12-26 01:11:21.468000
T,회사,SELDL,물류사업본부,SELLM,해운사업부,SELLMO,해운사업팀,KAN3005,(구)한진3005호,1240,,2023-12-12 21:49:29.227000,2023-12-26 01:11:21.468000,2023-12-26 01:11:21.468000
T,회사,SELDL,물류사업본부,SJGSL,세종지점,SJGSLS,세종지점 물류영업팀,SJGSLS,세종지점 물류영업팀,1620,,2023-12-12 21:49:29.261000,2023-12-26 01:11:21.468000,2023-12-26 01:11:21.468000
T,회사,HJH009,본사직할,SELXW,DT전략실,SELFSO,IT운영팀,SELFSO,IT운영팀,280,,2023-12-12 21:49:29.145000,2023-12-26 01:11:21.468000,2023-12-26 01:11:21.468000
T,회사,SELDE,택배사업본부,SELEP,택배기획부,SELEPO,(구)해외택배사업개발팀,SELEPO,(구)해외택배사업개발팀,2160,,2023-12-12 21:49:29.308000,2023-12-26 01:11:21.468000,2023-12-26 01:11:21.468000
T,회사,HJH009,본사직할,SELBI,감사실,SELBI,감사실,SELBI,감사실,30,,2023-12-12 21:49:29.121000,2023-12-26 01:11:21.468000,2023-12-26 01:11:21.468000
T,회사,SELDE,택배사업본부,SEESE,수도권동부지부,QUNKE,춘천택배지점,QUNKE,춘천택배지점,2680,,2023-12-12 21:49:29.353000,2023-12-26 01:11:21.468000,2023-12-26 01:11:21.468000
T,회사,SELDE,택배사업본부,SESSE,수도권남부지부,PUNKE,분당택배지점,PUNKE,분당택배지점,2850,,2023-12-12 21:49:29.369000,2023-12-26 01:11:21.468000,2023-12-26 01:11:21.468000
T,회사,SELDL,물류사업본부,SJGSL,세종지점,SJGSL,세종지점,SJGSL,세종지점,1610,,2023-12-12 21:49:29.260000,2023-12-26 01:11:21.468000,2023-12-26 01:11:21.468000
T,회사,SELDL,물류사업본부,KUVSL,전북지점,KUVSLS,전북지점 물류영업팀,KUVSLS,전북지점 물류영업팀,1720,,2023-12-12 21:49:29.270000,2023-12-26 01:11:21.468000,2023-12-26 01:11:21.468000
T,회사,SELDL,물류사업본부,KPOSD,영남지점,KPOSDR,영남지점 원료하역팀,KPOSDR,영남지점 원료하역팀,1900,,2023-12-12 21:49:29.285000,2023-12-26 01:11:21.468000,2023-12-26 01:11:21.468000
T,회사,SELDG,글로벌사업본부,SELGO,해외사업부,BKKSO,태국영업소,BKKSO,태국영업소,4000,,2023-12-12 21:49:29.479000,2023-12-26 01:11:21.468000,2023-12-26 01:11:21.468000
T,회사,SELDE,택배사업본부,SELEP,택배기획부,SELDEO,(구)해외택배사업개발팀,SELDEO,(구)해외택배사업개발팀,2170,,2023-12-12 21:49:29.309000,2023-12-26 01:11:21.468000,2023-12-26 01:11:21.468000
T,회사,SELDG,글로벌사업본부,SELGO,해외사업부,SINSO,싱가포르영업소,SINSO,싱가포르영업소,3990,,2023-12-12 21:49:29.478000,2023-12-26 01:11:21.468000,2023-12-26 01:11:21.468000
T,회사,HJH009,본사직할,HJH009,본사직할,HJH009,본사직할,HJH009,본사직할,10,,2023-12-12 21:49:29.117000,2023-12-26 01:11:21.468000,2023-12-26 01:11:21.468000
T,회사,SELDG,글로벌사업본부,SELGD,국내사업부,SELGDF,(구)글로벌포워딩팀,SELGDF,(구)글로벌포워딩팀,4070,,2023-12-12 21:49:29.485000,2023-12-26 01:11:21.468000,2023-12-26 01:11:21.468000
T,회사,SELDE,택배사업본부,SELEI,서비스혁신부,SELEOS,(구)고객지원팀,SELEOS,(구)고객지원팀,2580,,2023-12-12 21:49:29.344000,2023-12-26 01:11:21.468000,2023-12-26 01:11:21.468000
T,회사,SELDS,지원본부,SELIP,인사전략실,SELILW,(구)복리후생팀,SELILW,(구)복리후생팀,720,,2023-12-12 21:49:29.183000,2023-12-26 01:11:21.468000,2023-12-26 01:11:21.468000
T,회사,SELDE,택배사업본부,SELES,택배영업부,SELESK,(구)전략영업팀,SELESK,(구)전략영업팀,2320,,2023-12-12 21:49:29.321000,2023-12-26 01:11:21.468000,2023-12-26 01:11:21.468000
T,회사,SELDG,글로벌사업본부,SELGE,이커머스사업부,SELGEP,(구)고객지원그룹,SELGEPC,(구)고객지원그룹,3380,,2023-12-12 21:49:29.420000,2023-12-26 01:11:21.468000,2023-12-26 01:11:21.468000
T,회사,SELDL,물류사업본부,BUGSL,부곡지점,BUGSLT,부곡지점 물류운송팀,BUGSLT,부곡지점 물류운송팀,1510,,2023-12-12 21:49:29.252000,2023-12-26 01:11:21.468000,2023-12-26 01:11:21.468000
T,회사,SELDE,택배사업본부,CHCSE,충청지부,HMYKE,서산당진택배지점,HMYKE,서산당진택배지점,3130,,2023-12-12 21:49:29.397000,2023-12-26 01:11:21.468000,2023-12-26 01:11:21.468000
T,회사,SELDE,택배사업본부,SELEO,인프라사업부,SELEOO,택배운영팀,SELEPPO,(구)당일택배그룹,2410,,2023-12-12 21:49:29.329000,2023-12-26 01:11:21.468000,2023-12-26 01:11:21.468000
T,회사,SELDP,디지털플랫폼사업본부,SELDPZ,디지털플랫폼사업본부,SELDPZ,디지털플랫폼사업본부,SELGDH,(구)이하넥스팀,4150,,2023-12-12 21:49:29.492000,2023-12-26 01:11:21.468000,2023-12-26 01:11:21.468000
T,회사,HJH009,본사직할,SELMQ,마케팅실,SELBPC,(구)홍보팀,SELBPC,(구)홍보팀,540,,2023-12-12 21:49:29.167000,2023-12-26 01:11:21.468000,2023-12-26 01:11:21.468000
T,회사,SELDG,글로벌사업본부,SELGF,포워딩사업부,JCNSG,인천국제지점,JCNSGW,(구)창고운영팀,3570,,2023-12-12 21:49:29.439000,2023-12-26 01:11:21.468000,2023-12-26 01:11:21.468000
T,회사,SELDL,물류사업본부,JCNSL,경인지점,JWGSO,정왕주유영업소,JWGSO,정왕주유영업소,1460,,2023-12-12 21:49:29.247000,2023-12-26 01:11:21.468000,2023-12-26 01:11:21.468000
T,회사,HJH009,본사직할,SELAB,재무관리실,SELABF,재무팀,SELABF,재무팀,330,,2023-12-12 21:49:29.149000,2023-12-26 01:11:21.468000,2023-12-26 01:11:21.468000
T,회사,HJH009,본사직할,SELBP,경영기획실,SELBPM,경영관리팀,SELBPM,경영관리팀,90,,2023-12-12 21:49:29.128000,2023-12-26 01:11:21.468000,2023-12-26 01:11:21.468000
T,회사,SELDL,물류사업본부,KANSL,전남지점,KANSLS,전남지점 물류영업팀,KANSLS,전남지점 물류영업팀,1680,,2023-12-12 21:49:29.266000,2023-12-26 01:11:21.468000,2023-12-26 01:11:21.468000
T,회사,SELDL,물류사업본부,SELLM,해운사업부,SELLMO,해운사업팀,SELLMOL,한진리더호,1190,,2023-12-12 21:49:29.223000,2023-12-26 01:11:21.468000,2023-12-26 01:11:21.468000
T,회사,SELDE,택배사업본부,SEESE,수도권동부지부,YAJKE,양주택배지점,YAJKE,양주택배지점,2710,,2023-12-12 21:49:29.356000,2023-12-26 01:11:21.468000,2023-12-26 01:11:21.468000
T,회사,SELDE,택배사업본부,PUSSE,부경지부,YSNKE,양산택배지점,YSNKE,양산택배지점,3030,,2023-12-12 21:49:29.388000,2023-12-26 01:11:21.468000,2023-12-26 01:11:21.468000
T,회사,SELDS,지원본부,SELIP,인사전략실,SELIP,인사전략실,SELIP,인사전략실,640,,2023-12-12 21:49:29.176000,2023-12-26 01:11:21.468000,2023-12-26 01:11:21.468000
T,회사,SELDE,택배사업본부,SELEC,수도권 담당,SELEC,수도권 담당,SELECA,수도권 지원팀,2620,,2023-12-12 21:49:29.347000,2023-12-26 01:11:21.468000,2023-12-26 01:11:21.468000
T,회사,HJH009,본사직할,SELBP,경영기획실,SELBPP,경영기획팀,SELBPP,경영기획팀,110,,2023-12-12 21:49:29.130000,2023-12-26 01:11:21.468000,2023-12-26 01:11:21.468000
T,회사,SELDE,택배사업본부,BAESE,백암지점,BAEKE,B2B센터,BAEKE,B2B센터,3240,,2023-12-12 21:49:29.407000,2023-12-26 01:11:21.468000,2023-12-26 01:11:21.468000
T,회사,SELDG,글로벌사업본부,SELGP,글로벌기획부,SELGPY,글로벌안전팀,SELGPY,글로벌안전팀,3310,,2023-12-12 21:49:29.414000,2023-12-26 01:11:21.468000,2023-12-26 01:11:21.468000
T,회사,HJH009,본사직할,SELAB,재무관리실,SELAB,재무관리실,SELAB,재무관리실,320,,2023-12-12 21:49:29.148000,2023-12-26 01:11:21.468000,2023-12-26 01:11:21.468000
T,회사,SELDE,택배사업본부,SELEO,인프라사업부,SELEXL,L.D.P팀,SELEXL,L.D.P팀,2440,,2023-12-12 21:49:29.331000,2023-12-26 01:11:21.468000,2023-12-26 01:11:21.468000
T,회사,SELDE,택배사업본부,GBKSE,경북지부,ETAKE,동대구택배지점,ETAKE,동대구택배지점,3010,,2023-12-12 21:49:29.385000,2023-12-26 01:11:21.468000,2023-12-26 01:11:21.468000
T,회사,SELDP,디지털플랫폼사업본부,SELDP,디지털플랫폼사업본부,SELDP,디지털플랫폼사업본부,SELDP,디지털플랫폼사업본부,4090,,2023-12-12 21:49:29.487000,2023-12-26 01:11:21.468000,2023-12-26 01:11:21.468000
T,회사,SELDL,물류사업본부,JCNSL,경인지점,GMNSO,김포스마일주유영업소,GMNSO,김포스마일주유영업소,1440,,2023-12-12 21:49:29.245000,2023-12-26 01:11:21.468000,2023-12-26 01:11:21.468000
T,회사,HJH009,본사직할,DIREC,중역실,DIREC,중역실,DIREC,중역실,20,,2023-12-12 21:49:29.120000,2023-12-26 01:11:21.468000,2023-12-26 01:11:21.468000
T,회사,SELDG,글로벌사업본부,SELGO,해외사업부,MOWSO,모스크바사무소,MOWSO,모스크바사무소,3820,,2023-12-12 21:49:29.463000,2023-12-26 01:11:21.468000,2023-12-26 01:11:21.468000
T,회사,HJH009,본사직할,SELXW,DT전략실,SELFSD,DX팀,SELFSDC,CCoE그룹,250,,2023-12-12 21:49:29.142000,2023-12-26 01:11:21.468000,2023-12-26 01:11:21.468000
T,회사,SELDG,글로벌사업본부,SELGO,해외사업부,LAXSL,미주물류지점,SEASO,시애틀영업소,3770,,2023-12-12 21:49:29.458000,2023-12-26 01:11:21.468000,2023-12-26 01:11:21.468000
T,회사,SELDL,물류사업본부,KPOSD,영남지점,KPOSDP,영남지점 항만물류팀,KPOSDP,영남지점 항만물류팀,1890,,2023-12-12 21:49:29.284000,2023-12-26 01:11:21.468000,2023-12-26 01:11:21.468000
T,회사,SELDE,택배사업본부,HONSE,호남지부,SYSKE,순천택배지점,SYSKE,순천택배지점,3210,,2023-12-12 21:49:29.405000,2023-12-26 01:11:21.468000,2023-12-26 01:11:21.468000
T,회사,SELDE,택배사업본부,SELEP,택배기획부,SELESM,(구)영업관리팀,SELESM,(구)영업관리팀,2180,,2023-12-12 21:49:29.309000,2023-12-26 01:11:21.468000,2023-12-26 01:11:21.468000
T,회사,SELDE,택배사업본부,SELES,택배영업부,SELESB,(구)택배영업팀,SELESBF,(구)풀필먼트그룹,2240,,2023-12-12 21:49:29.315000,2023-12-26 01:11:21.468000,2023-12-26 01:11:21.468000
T,회사,SELDL,물류사업본부,JCNSL,경인지점,JCNSLT,경인지점 물류운송팀,JCNSLT,경인지점 물류운송팀,1390,,2023-12-12 21:49:29.241000,2023-12-26 01:11:21.468000,2023-12-26 01:11:21.468000
T,회사,SELDG,글로벌사업본부,SELGF,포워딩사업부,SELGFO,포워딩운영팀,SELGFB,포워딩운영2팀,3520,,2023-12-12 21:49:29.434000,2023-12-26 01:11:21.468000,2023-12-26 01:11:21.468000
T,회사,SELDS,지원본부,SELPP,구매시설실,SELAGF,(구)시설팀,SELAGF,(구)시설팀,850,,2023-12-12 21:49:29.194000,2023-12-26 01:11:21.468000,2023-12-26 01:11:21.468000
T,회사,SELDE,택배사업본부,SELEI,서비스혁신부,SELEIS,고객지원팀,SELEIS,고객지원팀,2540,,2023-12-12 21:49:29.340000,2023-12-26 01:11:21.468000,2023-12-26 01:11:21.468000
T,회사,SELDE,택배사업본부,SELEO,인프라사업부,SELEOO,택배운영팀,SELEOO,택배운영팀,2360,,2023-12-12 21:49:29.325000,2023-12-26 01:11:21.468000,2023-12-26 01:11:21.468000
T,회사,SELDL,물류사업본부,JCNSL,경인지점,JCNTO,인천터미널주유영업소,JCNTO,인천터미널주유영업소,1450,,2023-12-12 21:49:29.246000,2023-12-26 01:11:21.468000,2023-12-26 01:11:21.468000
T,회사,SELDG,글로벌사업본부,SELGO,해외사업부,LAXSL,미주물류지점,PDXSO,포틀랜드사무소,3730,,2023-12-12 21:49:29.454000,2023-12-26 01:11:21.468000,2023-12-26 01:11:21.468000
T,회사,SELDE,택배사업본부,SELEO,인프라사업부,SELEOO,택배운영팀,SELEXLO,(구)당일택배그룹2,2430,,2023-12-12 21:49:29.331000,2023-12-26 01:11:21.468000,2023-12-26 01:11:21.468000
T,회사,HJH009,본사직할,SELXW,DT전략실,SELXW,DT전략실,SELXW,DT전략실,140,,2023-12-12 21:49:29.133000,2023-12-26 01:11:21.468000,2023-12-26 01:11:21.468000
T,회사,SELDL,물류사업본부,SJGSL,세종지점,JPYSO,증평IC주유영업소,JPYSO,증평IC주유영업소,1650,,2023-12-12 21:49:29.264000,2023-12-26 01:11:21.468000,2023-12-26 01:11:21.468000
T,회사,SELDE,택배사업본부,SELEM,택배기획부,SELEM,(구)설비운영그룹,SELEMFF,(구)설비운영그룹,2120,,2023-12-12 21:49:29.304000,2023-12-26 01:11:21.468000,2023-12-26 01:11:21.468000
T,회사,SELDL,물류사업본부,SELLW,W&D사업부,SELLWSG,W&D제안영업그룹,SELLWSG,W&D제안영업그룹,1090,,2023-12-12 21:49:29.214000,2023-12-26 01:11:21.468000,2023-12-26 01:11:21.468000
T,회사,SELDS,지원본부,SELLG,법무실,SELLGC,컴플라이언스팀,SELLGC,컴플라이언스팀,800,,2023-12-12 21:49:29.190000,2023-12-26 01:11:21.468000,2023-12-26 01:11:21.468000
T,회사,SELDE,택배사업본부,HONSE,호남지부,KWJKE,광주택배지점,KWJKE,광주택배지점,3180,,2023-12-12 21:49:29.402000,2023-12-26 01:11:21.468000,2023-12-26 01:11:21.468000
T,회사,SELDL,물류사업본부,SELLE,에너지사업부,SELLOO,운영지원팀,SELLOO,운영지원팀,1340,,2023-12-12 21:49:29.236000,2023-12-26 01:11:21.468000,2023-12-26 01:11:21.468000
T,회사,HJH009,본사직할,SELXW,DT전략실,SELXW,DT기획팀,SELXWX,DT기획팀,150,,2023-12-12 21:49:29.134000,2023-12-26 01:11:21.468000,2023-12-26 01:11:21.468000
T,회사,SELDL,물류사업본부,BUGSL,부곡지점,BUGSLS,부곡지점 물류영업팀,BUGSLS,부곡지점 물류영업팀,1490,,2023-12-12 21:49:29.250000,2023-12-26 01:11:21.468000,2023-12-26 01:11:21.468000
T,회사,SELDL,물류사업본부,KPOSD,영남지점,KPOSD,영남지점,KPOSD,영남지점,1860,,2023-12-12 21:49:29.282000,2023-12-26 01:11:21.468000,2023-12-26 01:11:21.468000
T,회사,SELDE,택배사업본부,SELEI,서비스혁신부,SELEON,(구)네트워크팀,SELEOND,(구)집배송지원그룹,2570,,2023-12-12 21:49:29.343000,2023-12-26 01:11:21.468000,2023-12-26 01:11:21.468000
T,회사,HJH009,본사직할,SELBP,경영기획실,SELBPI,경영개선팀,SELBPI,경영개선팀,130,,2023-12-12 21:49:29.132000,2023-12-26 01:11:21.468000,2023-12-26 01:11:21.468000
T,회사,SELDL,물류사업본부,BUGSL,부곡지점,BUGSL,부곡지점,BUGSL,부곡지점,1480,,2023-12-12 21:49:29.249000,2023-12-26 01:11:21.468000,2023-12-26 01:11:21.468000
T,회사,SELDL,물류사업본부,SELLR,P&D사업부,SELLRP,항만물류팀,SELLRP,항만물류팀,1040,,2023-12-12 21:49:29.210000,2023-12-26 01:11:21.468000,2023-12-26 01:11:21.468000
T,회사,SELDG,글로벌사업본부,SELGD,국내사업부,SELGFS,포워딩영업팀,SELSGS,(구)포워딩영업팀,3490,,2023-12-12 21:49:29.431000,2023-12-26 01:11:21.468000,2023-12-26 01:11:21.468000
T,회사,SELDL,물류사업본부,SJGSL,세종지점,DJGSO,대전대정주유영업소,DJGSO,대전대정주유영업소,1640,,2023-12-12 21:49:29.263000,2023-12-26 01:11:21.468000,2023-12-26 01:11:21.468000
T,회사,SELDE,택배사업본부,SELEK,전략영업부,SELEKK,전략영업팀,SELEKK,전략영업팀,2290,,2023-12-12 21:49:29.319000,2023-12-26 01:11:21.468000,2023-12-26 01:11:21.468000
T,회사,SELDE,택배사업본부,SESSE,수도권남부지부,SENSET,(구)동부3PL팀,SENSET,동부3PL팀,2920,,2023-12-12 21:49:29.376000,2023-12-26 01:11:21.468000,2023-12-26 01:11:21.468000
T,회사,SELDE,택배사업본부,SELEC,수도권 담당,SELEC,수도권 담당,SENSE,(구)수도권북부지점,2630,,2023-12-12 21:49:29.348000,2023-12-26 01:11:21.468000,2023-12-26 01:11:21.468000
T,회사,SELDG,글로벌사업본부,SELGO,해외사업부,YNTSO,연태영업소,YNTSO,연태영업소,3880,,2023-12-12 21:49:29.468000,2023-12-26 01:11:21.468000,2023-12-26 01:11:21.468000
T,회사,SELDL,물류사업본부,SELLT,터미널사업부,SELLTP,터미널기획운영팀,SELLTP,터미널기획운영팀,1110,,2023-12-12 21:49:29.216000,2023-12-26 01:11:21.468000,2023-12-26 01:11:21.468000
T,회사,SELDG,글로벌사업본부,SELGE,이커머스사업부,SELGE,이커머스사업부,SELGE,이커머스사업부,3330,,2023-12-12 21:49:29.416000,2023-12-26 01:11:21.468000,2023-12-26 01:11:21.468000
T,회사,SELDL,물류사업본부,SJGSL,세종지점,JPSSO,증평제2주유영업소,JPSSO,증평제2주유영업소,1660,,2023-12-12 21:49:29.265000,2023-12-26 01:11:21.468000,2023-12-26 01:11:21.468000
T,회사,SELDL,물류사업본부,SELLW,W&D사업부,SELLWO,W&D운영팀,SELLWO,W&D운영팀,1080,,2023-12-12 21:49:29.213000,2023-12-26 01:11:21.468000,2023-12-26 01:11:21.468000
T,회사,HJH009,본사직할,SELMQ,마케팅실,SELMQM,마케팅팀,SELMQM,마케팅팀,510,,2023-12-12 21:49:29.164000,2023-12-26 01:11:21.468000,2023-12-26 01:11:21.468000
T,회사,SELDE,택배사업본부,SELEO,인프라사업부,SELEOF,설비운영팀,SELEOF,설비운영팀,2370,,2023-12-12 21:49:29.326000,2023-12-26 01:11:21.468000,2023-12-26 01:11:21.468000
T,회사,SELDL,물류사업본부,SELLR,P&D사업부,SELLRSG,P&D제안영업그룹,SELLRSG,P&D제안영업그룹,1020,,2023-12-12 21:49:29.208000,2023-12-26 01:11:21.468000,2023-12-26 01:11:21.468000
T,회사,HJH009,본사직할,SELFS,미래성장전략실,SELFSS,미래전략팀,SELFSS,미래전략팀,560,,2023-12-12 21:49:29.168000,2023-12-26 01:11:21.468000,2023-12-26 01:11:21.468000
T,회사,SELDL,물류사업본부,PTKSL,중부지점,PTKSLS,중부지점 물류영업팀,PTKSLS,중부지점 물류영업팀,1560,,2023-12-12 21:49:29.256000,2023-12-26 01:11:21.468000,2023-12-26 01:11:21.468000
T,회사,SELDG,글로벌사업본부,SELGO,해외사업부,SZXSL,심천법인,SZXSL,심천법인,3910,,2023-12-12 21:49:29.471000,2023-12-26 01:11:21.468000,2023-12-26 01:11:21.468000
T,회사,SELDG,글로벌사업본부,SELGP,글로벌기획부,SELGP,글로벌기획부,SELGP,글로벌기획부,3260,,2023-12-12 21:49:29.410000,2023-12-26 01:11:21.468000,2023-12-26 01:11:21.468000
T,회사,SELDL,물류사업본부,SELLP,물류기획부,SELLPO,해외물류사업개발팀,SELLPO,해외물류사업개발팀,960,,2023-12-12 21:49:29.203000,2023-12-26 01:11:21.468000,2023-12-26 01:11:21.468000
T,회사,HJH009,본사직할,SELAB,재무관리실,SELABF,재무팀,SELABFI,보험관리그룹,340,,2023-12-12 21:49:29.150000,2023-12-26 01:11:21.468000,2023-12-26 01:11:21.468000
T,회사,SELDE,택배사업본부,SEWSE,수도권서부지부,SEWSET,남부3PL팀,SEWSET,남부3PL팀,2750,,2023-12-12 21:49:29.359000,2023-12-26 01:11:21.468000,2023-12-26 01:11:21.468000
T,회사,SELDP,디지털플랫폼사업본부,SELDPZ,디지털플랫폼사업본부,SELDPZ,디지털플랫폼사업본부,SELEPS,(구)셀러솔루션팀2,4200,,2023-12-12 21:49:29.497000,2023-12-26 01:11:21.468000,2023-12-26 01:11:21.468000
T,회사,SELDL,물류사업본부,BUGSL,부곡지점,BUGSLD,부곡지점 유통운송팀,BUGSLB,부곡지점 유통물류2팀,1540,,2023-12-12 21:49:29.254000,2023-12-26 01:11:21.468000,2023-12-26 01:11:21.468000
T,회사,SELDE,택배사업본부,SEWSE,수도권서부지부,JCNKE,인천택배지점,JCNKE,인천택배지점,2790,,2023-12-12 21:49:29.363000,2023-12-26 01:11:21.468000,2023-12-26 01:11:21.468000
T,회사,SELDL,물류사업본부,SELDL,물류사업본부,SELDL,물류사업본부,SELDL,물류사업본부,900,,2023-12-12 21:49:29.198000,2023-12-26 01:11:21.468000,2023-12-26 01:11:21.468000
T,회사,SELDG,글로벌사업본부,SELGO,해외사업부,RGNSL,미얀마법인,RGNSL,미얀마법인,3950,,2023-12-12 21:49:29.475000,2023-12-26 01:11:21.468000,2023-12-26 01:11:21.468000
T,회사,SELDE,택배사업본부,SELEO,인프라사업부,CJUKE,제주택배지점,CJUKE,제주택배지점,2480,,2023-12-12 21:49:29.335000,2023-12-26 01:11:21.468000,2023-12-26 01:11:21.468000
T,회사,SELDE,택배사업본부,PUSSE,부경지부,USNKE,울산택배지점,USNKE,울산택배지점,3040,,2023-12-12 21:49:29.389000,2023-12-26 01:11:21.468000,2023-12-26 01:11:21.468000
T,회사,SELDL,물류사업본부,JCNSL,경인지점,JCNSLS,경인지점 물류영업팀,JCNSLS,경인지점 물류영업팀,1380,,2023-12-12 21:49:29.240000,2023-12-26 01:11:21.468000,2023-12-26 01:11:21.468000
T,회사,SELDL,물류사업본부,SELLT,터미널사업부,SELLTS,터미널영업팀,SELLTS,터미널영업팀,1120,,2023-12-12 21:49:29.217000,2023-12-26 01:11:21.468000,2023-12-26 01:11:21.468000
T,회사,HJH009,본사직할,SELXW,DT전략실,SELFSP,프로젝트팀,SELFSP,프로젝트팀,270,,2023-12-12 21:49:29.144000,2023-12-26 01:11:21.468000,2023-12-26 01:11:21.468000
T,회사,SELDE,택배사업본부,SELEM,택배기획부,SELEM,(구)대전 MegaHub T/F,SELEM,(구)대전 MegaHub T/F,2060,,2023-12-12 21:49:29.299000,2023-12-26 01:11:21.468000,2023-12-26 01:11:21.468000
T,회사,SELDL,물류사업본부,PUSSL,부산지점,PUSSLS,부산지점 물류영업팀,PUSSLS,부산지점 물류영업팀,1750,,2023-12-12 21:49:29.272000,2023-12-26 01:11:21.468000,2023-12-26 01:11:21.468000
T,회사,SELDL,물류사업본부,SELLR,P&D사업부,SELLR,P&D사업부,SELLR,P&D사업부,980,,2023-12-12 21:49:29.205000,2023-12-26 01:11:21.468000,2023-12-26 01:11:21.468000
T,회사,SELDS,지원본부,SELPP,구매시설실,SELPPP,구매팀,SELPPP,구매팀,830,,2023-12-12 21:49:29.192000,2023-12-26 01:11:21.468000,2023-12-26 01:11:21.468000
T,회사,SELDG,글로벌사업본부,SELGE,이커머스사업부,ICNSG,인천공항지점,SELGEOB,(구)이커머스운영2그룹,3440,,2023-12-12 21:49:29.427000,2023-12-26 01:11:21.468000,2023-12-26 01:11:21.468000
T,회사,SELDE,택배사업본부,HONSE,호남지부,JNJKE,전주택배지점,JNJKE,전주택배지점,3190,,2023-12-12 21:49:29.403000,2023-12-26 01:11:21.468000,2023-12-26 01:11:21.468000
T,회사,SELDL,물류사업본부,KPOSD,영남지점,KPOSDT,영남지점 물류운송팀,KPOSDT,영남지점 물류운송팀,1880,,2023-12-12 21:49:29.283000,2023-12-26 01:11:21.468000,2023-12-26 01:11:21.468000
T,회사,SELDE,택배사업본부,SESSE,수도권남부지부,SELEOOS,(구)동서울HUB2,SELEOOS,(구)동서울HUB,2940,,2023-12-12 21:49:29.378000,2023-12-26 01:11:21.468000,2023-12-26 01:11:21.468000
T,회사,SELDL,물류사업본부,PTKSL,중부지점,BORKL,보령물류센터,BORKL,보령물류센터,1600,,2023-12-12 21:49:29.260000,2023-12-26 01:11:21.468000,2023-12-26 01:11:21.468000
T,회사,SELDL,물류사업본부,KUMSD,구미지점,KUMSD,구미지점,KUMSD,구미지점,1930,,2023-12-12 21:49:29.288000,2023-12-26 01:11:21.468000,2023-12-26 01:11:21.468000
T,회사,SELDS,지원본부,SELPP,구매시설실,SELPPR,부동산인프라팀,SELPPR,부동산인프라팀,870,,2023-12-12 21:49:29.196000,2023-12-26 01:11:21.468000,2023-12-26 01:11:21.468000
T,회사,SELDG,글로벌사업본부,SELGO,해외사업부,LAXSL,미주물류지점,LAXSLG,미주물류지점 관리팀,3680,,2023-12-12 21:49:29.449000,2023-12-26 01:11:21.468000,2023-12-26 01:11:21.468000
T,회사,SELDE,택배사업본부,SELES,택배영업부,SELESB,(구)택배영업팀,SELEXF,(구)풀필먼트팀,2250,,2023-12-12 21:49:29.316000,2023-12-26 01:11:21.468000,2023-12-26 01:11:21.468000
T,회사,SELDE,택배사업본부,SESSE,수도권남부지부,SENSEH,(구)동서울HUB,SENSEH,동서울HUB,2930,,2023-12-12 21:49:29.377000,2023-12-26 01:11:21.468000,2023-12-26 01:11:21.468000
T,회사,SELDL,물류사업본부,SELLR,P&D사업부,SELLRS,P&D영업팀,SELLRS,P&D영업팀,990,,2023-12-12 21:49:29.206000,2023-12-26 01:11:21.468000,2023-12-26 01:11:21.468000
T,회사,SELDE,택배사업본부,SELEI,서비스혁신부,SELEIA,집배점지원팀,SELEIAD,집배송지원그룹,2520,,2023-12-12 21:49:29.338000,2023-12-26 01:11:21.468000,2023-12-26 01:11:21.468000
T,회사,SELDE,택배사업본부,GBKSE,경북지부,KUMKE,구미택배지점,KUMKE,구미택배지점,3000,,2023-12-12 21:49:29.384000,2023-12-26 01:11:21.468000,2023-12-26 01:11:21.468000
T,회사,SELDE,택배사업본부,SELEM,택배기획부,SELEMM,Mega-Hub 관리팀,SELEMM,Mega-Hub 관리팀,2080,,2023-12-12 21:49:29.301000,2023-12-26 01:11:21.468000,2023-12-26 01:11:21.468000
T,회사,SELDE,택배사업본부,SEWSE,수도권서부지부,ILSKE,일산택배지점,ILSKE,일산택배지점,2800,,2023-12-12 21:49:29.364000,2023-12-26 01:11:21.468000,2023-12-26 01:11:21.468000
T,회사,SELDE,택배사업본부,GBKSE,경북지부,GBKSE,경북지부,GBKSE,경북지부,2960,,2023-12-12 21:49:29.380000,2023-12-26 01:11:21.468000,2023-12-26 01:11:21.468000
T,회사,SELDL,물류사업본부,SELLT,터미널사업부,SELLT,터미널사업부,SELLT,터미널사업부,1100,,2023-12-12 21:49:29.215000,2023-12-26 01:11:21.468000,2023-12-26 01:11:21.468000
T,회사,SELDL,물류사업본부,SELLR,P&D사업부,SELLRM,정비사업팀,SELLRM,정비사업팀,1050,,2023-12-12 21:49:29.211000,2023-12-26 01:11:21.468000,2023-12-26 01:11:21.468000
T,회사,SELDE,택배사업본부,SELES,택배영업부,SELESS,택배영업팀,SELESS,택배영업팀,2200,,2023-12-12 21:49:29.311000,2023-12-26 01:11:21.468000,2023-12-26 01:11:21.468000
T,회사,SELDE,택배사업본부,GBKSE,경북지부,KPOKE,포항택배지점,KPOKE,포항택배지점,2990,,2023-12-12 21:49:29.383000,2023-12-26 01:11:21.468000,2023-12-26 01:11:21.468000
T,회사,SELDL,물류사업본부,SELLM,해운사업부,SELLMO,해운사업팀,SELLMON,한진청정누리호,1200,,2023-12-12 21:49:29.224000,2023-12-26 01:11:21.468000,2023-12-26 01:11:21.468000
T,회사,SELDL,물류사업본부,SELLE,에너지사업부,SELLE,에너지사업부,SELLO,유류사업부,1320,,2023-12-12 21:49:29.234000,2023-12-26 01:11:21.468000,2023-12-26 01:11:21.468000
T,회사,SELDG,글로벌사업본부,SELGO,해외사업부,VIESL,비엔나지점,VIESL,비엔나지점,3980,,2023-12-12 21:49:29.477000,2023-12-26 01:11:21.468000,2023-12-26 01:11:21.468000
T,회사,SELDE,택배사업본부,SELEO,인프라사업부,SELEOO,택배운영팀,SELEOOL,LMD그룹,2390,,2023-12-12 21:49:29.327000,2023-12-26 01:11:21.468000,2023-12-26 01:11:21.468000
T,회사,SELDL,물류사업본부,CJUSD,제주지점,CJUSDS,제주지점 물류영업팀,CJUSDS,제주지점 물류영업팀,1840,,2023-12-12 21:49:29.280000,2023-12-26 01:11:21.468000,2023-12-26 01:11:21.468000
T,회사,HJH009,본사직할,SELMQ,마케팅실,SELMQP,홍보팀,SELMQP,홍보팀,520,,2023-12-12 21:49:29.165000,2023-12-26 01:11:21.468000,2023-12-26 01:11:21.468000
T,회사,HJH009,본사직할,SELOY,안전보안실,SELOYS,정보보안팀,SELOYS,정보보안팀,470,,2023-12-12 21:49:29.161000,2023-12-26 01:11:21.468000,2023-12-26 01:11:21.468000
T,회사,SELDL,물류사업본부,SELLM,해운사업부,SELLMO,해운사업팀,KAN3006,(구)한진3006호,1250,,2023-12-12 21:49:29.228000,2023-12-26 01:11:21.468000,2023-12-26 01:11:21.468000
T,회사,SELDE,택배사업본부,SESSE,수도권남부지부,PIKKE,평택택배지점,PIKKE,평택택배지점,2890,,2023-12-12 21:49:29.373000,2023-12-26 01:11:21.468000,2023-12-26 01:11:21.468000
T,회사,SELDE,택배사업본부,SELEI,서비스혁신부,SELEOSC,(구)고객서비스센터,SELEOSC,(구)고객서비스센터,2590,,2023-12-12 21:49:29.345000,2023-12-26 01:11:21.468000,2023-12-26 01:11:21.468000
T,회사,SELDE,택배사업본부,SELEM,택배기획부,SELEM,(구)건축그룹,SELEMCC,(구)건축그룹,2100,,2023-12-12 21:49:29.303000,2023-12-26 01:11:21.468000,2023-12-26 01:11:21.468000
T,회사,SELDL,물류사업본부,SELLM,해운사업부,SELLMO,해운사업팀,KANJDB,(구)적대봉호,1280,,2023-12-12 21:49:29.230000,2023-12-26 01:11:21.468000,2023-12-26 01:11:21.468000
T,회사,SELDE,택배사업본부,CHCSE,충청지부,CHCSE,충청지부,CHCSE,충청지부,3100,,2023-12-12 21:49:29.394000,2023-12-26 01:11:21.468000,2023-12-26 01:11:21.468000
T,회사,SELDG,글로벌사업본부,SELGO,해외사업부,DLCGL,대련법인,DLCGL,대련법인,3930,,2023-12-12 21:49:29.473000,2023-12-26 01:11:21.468000,2023-12-26 01:11:21.468000
T,회사,SELDE,택배사업본부,SELEP,택배기획부,SELDEM,대전 SMART Mega-Hub 운영 T/F,SELDEMC,건축그룹,2020,,2023-12-12 21:49:29.296000,2023-12-26 01:11:21.468000,2023-12-26 01:11:21.468000
T,회사,SELDL,물류사업본부,PUSSL,부산지점,PUSSLM,부산지점 정비팀,PUSSLM,부산지점 정비팀,1770,,2023-12-12 21:49:29.274000,2023-12-26 01:11:21.468000,2023-12-26 01:11:21.468000
T,회사,HJH009,본사직할,SELXW,DT전략실,SELXW,IT기획운영실,SELXWL,IT운영2팀,310,,2023-12-12 21:49:29.147000,2023-12-26 01:11:21.468000,2023-12-26 01:11:21.468000
T,회사,SELDL,물류사업본부,CJUSD,제주지점,CJUSD,제주지점,CJUSD,제주지점,1830,,2023-12-12 21:49:29.279000,2023-12-26 01:11:21.468000,2023-12-26 01:11:21.468000
T,회사,SELDL,물류사업본부,KUVSL,전북지점,KUVSL,전북지점,KUVSL,전북지점,1710,,2023-12-12 21:49:29.269000,2023-12-26 01:11:21.468000,2023-12-26 01:11:21.468000
T,회사,SELDG,글로벌사업본부,SELGE,이커머스사업부,SELGES,글로벌이커머스영업팀,SELGES,글로벌이커머스영업팀,3340,,2023-12-12 21:49:29.417000,2023-12-26 01:11:21.468000,2023-12-26 01:11:21.468000
T,회사,SELDS,지원본부,SELIP,인사전략실,SELIPO,글로벌인사팀,SELIPO,글로벌인사팀,670,,2023-12-12 21:49:29.179000,2023-12-26 01:11:21.468000,2023-12-26 01:11:21.468000
T,회사,HJH009,본사직할,SELFS,미래성장전략실,SELFS,미래성장전략실,SELFS,미래성장전략실,550,,2023-12-12 21:49:29.168000,2023-12-26 01:11:21.468000,2023-12-26 01:11:21.468000
T,회사,SELDP,디지털플랫폼사업본부,SELDPZ,디지털플랫폼사업본부,SELDPZ,디지털플랫폼사업본부,SELDPL,물류솔루션팀,4130,,2023-12-12 21:49:29.491000,2023-12-26 01:11:21.468000,2023-12-26 01:11:21.468000
T,회사,SELDG,글로벌사업본부,SELGP,글로벌기획부,SELGPS,글로벌지원팀,SELGPS,글로벌지원팀,3290,,2023-12-12 21:49:29.412000,2023-12-26 01:11:21.468000,2023-12-26 01:11:21.468000
T,회사,SELDG,글로벌사업본부,SELGE,이커머스사업부,ICNSG,인천공항지점,ICNSG,인천공항지점,3400,,2023-12-12 21:49:29.423000,2023-12-26 01:11:21.468000,2023-12-26 01:11:21.468000
T,회사,SELDL,물류사업본부,USNSD,울산지점,USNKL,울산물류센터,USNKL,울산물류센터,1820,,2023-12-12 21:49:29.278000,2023-12-26 01:11:21.468000,2023-12-26 01:11:21.468000
T,회사,SELDE,택배사업본부,SELEP,택배기획부,SELDEM,대전 SMART Mega-Hub 운영 T/F,SELDEM,대전 SMART Mega-Hub 운영 T/F,2010,,2023-12-12 21:49:29.295000,2023-12-26 01:11:21.468000,2023-12-26 01:11:21.468000
T,회사,SELDS,지원본부,SELLG,법무실,SELLG,법무실,SELLG,법무실,780,,2023-12-12 21:49:29.188000,2023-12-26 01:11:21.468000,2023-12-26 01:11:21.468000
T,회사,SELDP,디지털플랫폼사업본부,SELDPZ,디지털플랫폼사업본부,SELDPZ,디지털플랫폼사업본부,SELDPK,K-패션솔루션팀,4120,,2023-12-12 21:49:29.490000,2023-12-26 01:11:21.468000,2023-12-26 01:11:21.468000
T,회사,SELDE,택배사업본부,CHCSE,충청지부,QTWKE,대전택배지점,QTWKE,대전택배지점,3110,,2023-12-12 21:49:29.395000,2023-12-26 01:11:21.468000,2023-12-26 01:11:21.468000
T,회사,SELDL,물류사업본부,PUSSL,부산지점,CHWKL,창원물류센터,CHWKL,창원물류센터,1780,,2023-12-12 21:49:29.275000,2023-12-26 01:11:21.468000,2023-12-26 01:11:21.468000
T,회사,SELDG,글로벌사업본부,SELGE,이커머스사업부,SELGEP,(구)이커머스기획팀,SELGEP,(구)이커머스기획팀,3360,,2023-12-12 21:49:29.418000,2023-12-26 01:11:21.468000,2023-12-26 01:11:21.468000
T,회사,SELDE,택배사업본부,SELEP,택배기획부,SELXTS,NHE T/F,SELXTS,NHE T/F,2050,,2023-12-12 21:49:29.299000,2023-12-26 01:11:21.468000,2023-12-26 01:11:21.468000
T,회사,HJH009,본사직할,SELAB,재무관리실,SELABR,수입관리팀,SELABR,수입관리팀,360,,2023-12-12 21:49:29.152000,2023-12-26 01:11:21.468000,2023-12-26 01:11:21.468000
T,회사,SELDL,물류사업본부,SELLE,에너지사업부,SELLME,(구)에너지사업팀,SELLME,(구)에너지사업팀,1360,,2023-12-12 21:49:29.238000,2023-12-26 01:11:21.468000,2023-12-26 01:11:21.468000
T,회사,SELDL,물류사업본부,SELLM,해운사업부,SELLMO,해운사업팀,SELLMO7,한진3007호,1220,,2023-12-12 21:49:29.225000,2023-12-26 01:11:21.468000,2023-12-26 01:11:21.468000
T,회사,HJH009,본사직할,HJH010,본사부,HJH010,본사부,HJH010,본사부,600,,2023-12-12 21:49:29.172000,2023-12-26 01:11:21.468000,2023-12-26 01:11:21.468000
T,회사,SELDE,택배사업본부,SEESE,수도권동부지부,DDMKE,동대문택배지점,DDMKE,동대문택배지점,2660,,2023-12-12 21:49:29.351000,2023-12-26 01:11:21.468000,2023-12-26 01:11:21.468000
T,회사,SELDG,글로벌사업본부,SELGE,이커머스사업부,ICNSG,인천공항지점,ICNSGS,(구)특송영업팀,3450,,2023-12-12 21:49:29.427000,2023-12-26 01:11:21.468000,2023-12-26 01:11:21.468000
T,회사,SELDS,지원본부,SELLG,법무실,SELLGC,컴플라이언스팀,SELLGLC,컴플라이언스그룹,810,,2023-12-12 21:49:29.190000,2023-12-26 01:11:21.468000,2023-12-26 01:11:21.468000
T,회사,HJH009,본사직할,SELXW,DT전략실,SELXW,DT전략실,SELXWA,택배/플랫폼DT지원팀,160,,2023-12-12 21:49:29.135000,2023-12-26 01:11:21.468000,2023-12-26 01:11:21.468000
T,회사,SELDE,택배사업본부,SEWSE,수도권서부지부,ICNSE,인천공항택배영업소,ICNSE,인천공항택배영업소,2780,,2023-12-12 21:49:29.362000,2023-12-26 01:11:21.468000,2023-12-26 01:11:21.468000
T,회사,SELDG,글로벌사업본부,SELGO,해외사업부,HANSO,하노이사무소,HANSO,하노이사무소,3830,,2023-12-12 21:49:29.463000,2023-12-26 01:11:21.468000,2023-12-26 01:11:21.468000
T,회사,SELDE,택배사업본부,CHCSE,충청지부,COJKE,청주택배지점,COJKE,청주택배지점,3140,,2023-12-12 21:49:29.398000,2023-12-26 01:11:21.468000,2023-12-26 01:11:21.468000
T,회사,SELDE,택배사업본부,SESSE,수도권남부지부,YNGKE,용인택배지점,YNGKE,용인택배지점,2860,,2023-12-12 21:49:29.370000,2023-12-26 01:11:21.468000,2023-12-26 01:11:21.468000
T,회사,SELDE,택배사업본부,SESSE,수도권남부지부,SWUKE,수원택배지점,SWUKE,수원택배지점,2880,,2023-12-12 21:49:29.372000,2023-12-26 01:11:21.468000,2023-12-26 01:11:21.468000
T,회사,SELDE,택배사업본부,SELES,택배영업부,SELESE,이커머스영업팀,SELESE,이커머스영업팀,2220,,2023-12-12 21:49:29.313000,2023-12-26 01:11:21.468000,2023-12-26 01:11:21.468000
T,회사,SELDP,디지털플랫폼사업본부,SELDPZ,디지털플랫폼사업본부,SELDPZ,디지털플랫폼사업본부,SELGEH,(구)이하넥스팀2,4160,,2023-12-12 21:49:29.493000,2023-12-26 01:11:21.468000,2023-12-26 01:11:21.468000
T,회사,SELDS,지원본부,SELIP,인사전략실,SELIPP,인사전략팀,SELIPP,인사전략팀,690,,2023-12-12 21:49:29.180000,2023-12-26 01:11:21.468000,2023-12-26 01:11:21.468000
T,회사,SELDL,물류사업본부,KUMSD,구미지점,KUMKL,구미물류센터,KUMKL,구미물류센터,1950,,2023-12-12 21:49:29.289000,2023-12-26 01:11:21.468000,2023-12-26 01:11:21.468000
T,회사,SELDE,택배사업본부,SELEK,전략영업부,SELEKK,전략영업팀,SELEKKG,GS홈쇼핑그룹,2300,,2023-12-12 21:49:29.320000,2023-12-26 01:11:21.468000,2023-12-26 01:11:21.468000
T,회사,SELDG,글로벌사업본부,SELGO,해외사업부,KULOG,말레이시아사무소,KULOG,말레이시아사무소,4020,,2023-12-12 21:49:29.481000,2023-12-26 01:11:21.468000,2023-12-26 01:11:21.468000
T,회사,SELDG,글로벌사업본부,SELGO,해외사업부,LAXSL,미주물류지점,LAXSLE,미주물류지점 특송팀,3700,,2023-12-12 21:49:29.451000,2023-12-26 01:11:21.468000,2023-12-26 01:11:21.468000
T,회사,SELDG,글로벌사업본부,SELGO,해외사업부,SELGOA,아시아팀,SELGOA,아시아팀,3650,,2023-12-12 21:49:29.446000,2023-12-26 01:11:21.468000,2023-12-26 01:11:21.468000
T,회사,SELDG,글로벌사업본부,SELGF,포워딩사업부,JCNSG,인천국제지점,JCNSG,인천국제지점,3550,,2023-12-12 21:49:29.437000,2023-12-26 01:11:21.468000,2023-12-26 01:11:21.468000
T,회사,SELDS,지원본부,SELIP,인사전략실,SELFSH,(구)HR전략팀,SELFSH,(구)HR전략팀,730,,2023-12-12 21:49:29.183000,2023-12-26 01:11:21.468000,2023-12-26 01:11:21.468000
T,회사,HJH009,본사직할,SELXW,DT전략실,SELFSX,IT기획팀,SELFSX,IT기획팀,220,,2023-12-12 21:49:29.140000,2023-12-26 01:11:21.468000,2023-12-26 01:11:21.468000
T,회사,HJH009,본사직할,SELXW,DT전략실,SELFSD,DX팀,SELFSD,DX팀,240,,2023-12-12 21:49:29.141000,2023-12-26 01:11:21.468000,2023-12-26 01:11:21.468000
T,회사,SELDE,택배사업본부,SELEP,택배기획부,SELEPC,(구)상생협력팀,SELEPC,(구)상생협력팀,2150,,2023-12-12 21:49:29.307000,2023-12-26 01:11:21.468000,2023-12-26 01:11:21.468000
T,회사,SELDG,글로벌사업본부,SELGO,해외사업부,SELGOE,유럽사업팀,SELGOE,유럽사업팀,3620,,2023-12-12 21:49:29.443000,2023-12-26 01:11:21.468000,2023-12-26 01:11:21.468000
T,회사,SELDE,택배사업본부,SELEO,인프라사업부,SELEOO,택배운영팀,SELEOOO,(구)당일택배그룹3,2420,,2023-12-12 21:49:29.330000,2023-12-26 01:11:21.468000,2023-12-26 01:11:21.468000
T,회사,HJH009,본사직할,SELAB,재무관리실,SELABM,내부회계관리팀,SELABM,내부회계관리팀,380,,2023-12-12 21:49:29.153000,2023-12-26 01:11:21.468000,2023-12-26 01:11:21.468000
T,회사,SELDE,택배사업본부,SEESE,수도권동부지부,HNMKE,하남택배지점,HNMKE,하남택배지점,2690,,2023-12-12 21:49:29.354000,2023-12-26 01:11:21.468000,2023-12-26 01:11:21.468000
T,회사,SELDG,글로벌사업본부,SELGO,해외사업부,JKTCG,인도네시아법인,JKTCG,인도네시아법인,4040,,2023-12-12 21:49:29.483000,2023-12-26 01:11:21.468000,2023-12-26 01:11:21.468000
T,회사,SELDG,글로벌사업본부,SELGE,이커머스사업부,SELGDE,(구)국제특송팀,SELGDE,(구)국제특송팀,3390,,2023-12-12 21:49:29.421000,2023-12-26 01:11:21.468000,2023-12-26 01:11:21.468000
T,회사,SELDG,글로벌사업본부,SELGO,해외사업부,PNHSL,프놈펜지점,PNHSL,프놈펜지점,3810,,2023-12-12 21:49:29.462000,2023-12-26 01:11:21.468000,2023-12-26 01:11:21.468000
T,회사,SELDL,물류사업본부,SELLE,에너지사업부,SELLEO,유류사업팀,SELLEO,유류사업팀,1350,,2023-12-12 21:49:29.237000,2023-12-26 01:11:21.468000,2023-12-26 01:11:21.468000
T,회사,SELDE,택배사업본부,SELEI,서비스혁신부,SELEIA,집배점지원팀,SELEIAC,집배점계약그룹,2510,,2023-12-12 21:49:29.337000,2023-12-26 01:11:21.468000,2023-12-26 01:11:21.468000
T,회사,SELDE,택배사업본부,PUSSE,부경지부,PUWKE,서부산택배지점,PUWKE,서부산택배지점,3080,,2023-12-12 21:49:29.392000,2023-12-26 01:11:21.468000,2023-12-26 01:11:21.468000
T,회사,HJH009,본사직할,SELOY,안전보안실,SELOYP,안전보건기획팀,SELOYP,안전보건기획팀,430,,2023-12-12 21:49:29.157000,2023-12-26 01:11:21.468000,2023-12-26 01:11:21.468000
T,회사,SELDG,글로벌사업본부,SELGE,이커머스사업부,ICNSG,인천공항지점,ICNSGI,GDC운영팀,3410,,2023-12-12 21:49:29.424000,2023-12-26 01:11:21.468000,2023-12-26 01:11:21.468000
T,회사,SELDL,물류사업본부,SELLE,에너지사업부,SELLEE,에너지사업팀,SELLEE,에너지사업팀,1310,,2023-12-12 21:49:29.233000,2023-12-26 01:11:21.468000,2023-12-26 01:11:21.468000
T,회사,HJH009,본사직할,SELBP,경영기획실,SELBP,경영기획실,SELBP,경영기획실,80,,2023-12-12 21:49:29.127000,2023-12-26 01:11:21.468000,2023-12-26 01:11:21.468000
T,회사,SELDL,물류사업본부,SELLT,터미널사업부,SELLTC,컨테이너사업팀,SELLTC,컨테이너사업팀,1130,,2023-12-12 21:49:29.218000,2023-12-26 01:11:21.468000,2023-12-26 01:11:21.468000
T,회사,SELDE,택배사업본부,PUSSE,부경지부,CHWKE,창원택배지점,CHWKE,창원택배지점,3060,,2023-12-12 21:49:29.390000,2023-12-26 01:11:21.468000,2023-12-26 01:11:21.468000
T,회사,SELDE,택배사업본부,SELEO,인프라사업부,KAGKE,강릉택배지점,KAGKE,강릉택배지점,2460,,2023-12-12 21:49:29.333000,2023-12-26 01:11:21.468000,2023-12-26 01:11:21.468000
T,회사,SELDG,글로벌사업본부,SELGO,해외사업부,SELGOW,미주구주팀,SELGOW,미주구주팀,3630,,2023-12-12 21:49:29.444000,2023-12-26 01:11:21.468000,2023-12-26 01:11:21.468000
T,회사,SELDG,글로벌사업본부,SELGO,해외사업부,CANSL,광저우법인,CANSL,광저우법인,3920,,2023-12-12 21:49:29.472000,2023-12-26 01:11:21.468000,2023-12-26 01:11:21.468000
T,회사,SELDG,글로벌사업본부,SELGF,포워딩사업부,SELGFO,포워딩운영팀,SELGFA,포워딩운영1팀,3510,,2023-12-12 21:49:29.433000,2023-12-26 01:11:21.468000,2023-12-26 01:11:21.468000
T,회사,SELDL,물류사업본부,JCNSL,경인지점,HDGSO,항동주유영업소,HDGSO,항동주유영업소,1470,,2023-12-12 21:49:29.248000,2023-12-26 01:11:21.468000,2023-12-26 01:11:21.468000
T,회사,SELDL,물류사업본부,SELLR,P&D사업부,SELLRA,P&D영업1팀,SELLRA,P&D영업1팀,1000,,2023-12-12 21:49:29.207000,2023-12-26 01:11:21.468000,2023-12-26 01:11:21.468000
T,회사,SELDG,글로벌사업본부,SELGD,국내사업부,SELSG,(구)서울국제지점,SELSG,(구)서울국제지점,4080,,2023-12-12 21:49:29.486000,2023-12-26 01:11:21.468000,2023-12-26 01:11:21.468000
T,회사,SELDL,물류사업본부,KUVSL,전북지점,KUVTKL,군산물류센터,KUVTKL,군산물류센터,1730,,2023-12-12 21:49:29.270000,2023-12-26 01:11:21.468000,2023-12-26 01:11:21.468000
T,회사,SELDL,물류사업본부,USNSD,울산지점,USNSD,울산지점,USNSD,울산지점,1790,,2023-12-12 21:49:29.275000,2023-12-26 01:11:21.468000,2023-12-26 01:11:21.468000
T,회사,SELDL,물류사업본부,SELLP,물류기획부,SELDLO,(구)해외물류사업개발팀,SELDLO,(구)해외물류사업개발팀,970,,2023-12-12 21:49:29.204000,2023-12-26 01:11:21.468000,2023-12-26 01:11:21.468000
